product_key,category,item_purchased,brand,color,size
042D90B67E177EC0D684D89DC2C0B6100ED9B78494D7132D42D5293B63FBFF1B,Accessories,Backpack,Allen Solly,Beige,Free Size
59C4D772FE2235F7055328A8334678D563FB21ED08D25785DA0EB56DE08719A0,Accessories,Backpack,Allen Solly,Black,Free Size
99CFE360DE8D3E8CF01E66D919F7025CFBA3798EA19AB6C1096A5B9B2501BE91,Accessories,Backpack,Allen Solly,Blue,Free Size
15B804C9F8AE005D7E65F0E3F17DE85EFE524FDAEA3990E86BF0731F23CE4731,Accessories,Backpack,Allen Solly,Brown,Free Size
94B426C22433244514CBC1BA1E815C4DCF22E518137507E912D5BA64E61B8AB5,Accessories,Backpack,Allen Solly,Green,Free Size
EDBC1BBACDABAB0E09EA79BD574BDEC07C83C8FEED87D0A2520A472CD478FFDD,Accessories,Backpack,Allen Solly,Grey,Free Size
D351C2C58235F37DEB5064C3F837A4A1B31213C705EE2186A5CE4625CAFABBB5,Accessories,Backpack,Allen Solly,Navy,Free Size
8E0C430812EB007AF9F2E885AC7B88DC86EFE9ED2728740D65C6656115B2F7CD,Accessories,Backpack,Allen Solly,Red,Free Size
0F3B87CE1D2B8A66EF34EDF51C9B1BF32F40BD911548256DD85AE37923343D5B,Accessories,Backpack,Allen Solly,White,Free Size
903670F9AD6BB67D566EADC25B43E30E996C3B7156F34B8503FCC8F8136BF920,Accessories,Backpack,Allen Solly,Yellow,Free Size
E9A40FD899125131059E6B17BEF653187B974A8B80F792B2034853E33BD6A2E1,Accessories,Backpack,Bata,Beige,Free Size
7B68C0AFE170DEEC8F1B81E56F4161256DC946215C25D0C899E47914C55CBBE2,Accessories,Backpack,Bata,Black,Free Size
65E329C5280683AF5DBB073946785C1340FA3B6C81C3C592D36E8458302175B0,Accessories,Backpack,Bata,Blue,Free Size
539227FFDD8E248F5DFB977CB1B0C045771EA572D467DBD3719CBAFC515D811A,Accessories,Backpack,Bata,Green,Free Size
6E0A8EE2B52F1AFCD07E7D0C5C6596E523AACDB12F6B8A3A48B90AC2C4EF6F28,Accessories,Backpack,Bata,Navy,Free Size
84D1ED70FA1722F83851D4FFF0AA7C233F5145EE4E1846BEA6B85802F22C5525,Accessories,Backpack,Bata,Pink,Free Size
B522A5A936BBF8C60E3F7864498990C0A12D2C4F9F85A172918CF231BF53D789,Accessories,Backpack,Bata,Red,Free Size
91EC753CA22E5FAE8A092000F2DE4DC301AFDCD7ED4718952968DD2337F31F7B,Accessories,Backpack,Bata,White,Free Size
5861CB95836552A087FB4AD783ADBDCA7CCEF0425C1E1EC2FDC79A36AC0F7B0F,Accessories,Backpack,Bata,Yellow,Free Size
20ABD1A0B8CE43D851CD44F1AB3F523F55C83EB397BFA08E77EED1DB4821A07B,Accessories,Backpack,Bewakoof,Beige,Free Size
2AE7FA6B8254F1B00DC636CD20C887ACF154D4CE66FF1D8688A8B04A18343BCC,Accessories,Backpack,Bewakoof,Black,Free Size
7D2BC3AE7D282F0C82243D9BF14B378E1752CDCD5B8815AB107538BE32EDFDD5,Accessories,Backpack,Bewakoof,Blue,Free Size
C26A7F053F34B2B783FE2A8E6515500C8541C081A19A08C05734FEABCC2DEF61,Accessories,Backpack,Bewakoof,Brown,Free Size
876A3F54D10257F78BFD959D3BE36CEAB84D955519F382E27A156ED3EC102BDB,Accessories,Backpack,Bewakoof,Green,Free Size
CBC77C18DD3A625368057BB4413BCADCF891DC330852460DBD83D7516A8D8922,Accessories,Backpack,Bewakoof,Grey,Free Size
0A1DD3F54A5DF0C6F3EA7A053E504AF2ED0451F1052FD466D19A4B5B5A6E68B7,Accessories,Backpack,Bewakoof,Navy,Free Size
C322E2203316FD2FD71A66F8DF628F4FD2563792429B60E1E0EB16A8AFA60689,Accessories,Backpack,Bewakoof,Pink,Free Size
F1F5845D73EDBEE7BDF602953D5FEBFBE93CD3FFFEA0707BFA8484C9E5E9CFEB,Accessories,Backpack,Bewakoof,Red,Free Size
ED0D3508CDBB41DC7F1F27AD7ACC6967D63CDD6991DDDC73A77C25E44B8BBC16,Accessories,Backpack,Bewakoof,White,Free Size
6DA7F29BF882DED56DE73A1AC7CF9CA8562D91B203F19D6E42CDE6C729FCBE09,Accessories,Backpack,H&M,Beige,Free Size
1896BD8FE3B8412FAC2090396B203783A1D7A0D8C31D14010C33D03069AD422D,Accessories,Backpack,H&M,Black,Free Size
86A57D65CBDAEEC360B1EB58502EA59D0FB6FA94F6C5C6AABEE73784C449A6FC,Accessories,Backpack,H&M,Blue,Free Size
D0E68B83817AD4FC638DA88227831BBA92067FEE9300023378FF5D2FCCFD6A3F,Accessories,Backpack,H&M,Brown,Free Size
2ECEB0E3483750065AA27119271DCB8E2182F432888805DEAD33AF24F9F6C0D2,Accessories,Backpack,H&M,Grey,Free Size
E6B64C7AE7D1DCAAFBB6FCA8F45438E36CD8A919DB589212F636A3BEF7D86D0E,Accessories,Backpack,H&M,Navy,Free Size
8DD947184A5FD86A79C29D8A128D8C15E0BE3A76929F3B2578E5F413A8FF5FDC,Accessories,Backpack,H&M,Pink,Free Size
503662D009DDCAE7398D7F4F49570DE0F732B16C83C4618EA6A6A404809D1B6B,Accessories,Backpack,H&M,Red,Free Size
B137CDE1382922EE4A58F8A2D61D9A1F9742E0F80618340A6F1D36B7A3808E89,Accessories,Backpack,H&M,White,Free Size
ACFCC649A87EEA51FC18EF093617BDEF74864A596A3507165F22506FDD6F930C,Accessories,Backpack,H&M,Yellow,Free Size
D699CB8A23BEC34D6B9C67638B48B9CC766131AC75E04FF4BCE0A787E7027534,Accessories,Backpack,HRX,Beige,Free Size
CE813CF195981FFBCF7EA7C38942ADE85AF2611180CFEA853F02073082B2DBE3,Accessories,Backpack,HRX,Black,Free Size
D55F3080A04F60D9D75BD004EC493163A653C42151B2C877A60AE409FD1E9E57,Accessories,Backpack,HRX,Blue,Free Size
E0F0187733082262A63BF33E1DE2B34C77C85B3EA3FC1934B6F6CBBEFAEB634B,Accessories,Backpack,HRX,Navy,Free Size
85DF42D17BD48F3F372F0547A55DE53CD86CBD994D181CC132FF82769C78DB40,Accessories,Backpack,HRX,Pink,Free Size
7B5B70EC2D77C62A34176BE066B50BE1FBF9D1168D95F0818CEF0FFF20D7BCDE,Accessories,Backpack,HRX,Red,Free Size
26AB55295FA73E6C7ACB84E5B6F67EEAEE9BBA5EBDAE894D98036ABE7F99813F,Accessories,Backpack,HRX,White,Free Size
9E3E31673D32AF4F8DFE8E7F6AD3403369AE4205D3AC5F7D48F08D02644687F3,Accessories,Backpack,Levis,Beige,Free Size
898DEF64979E237513E229669267ADE7FB1A519AD2872FF9BF92BB30C624D754,Accessories,Backpack,Levis,Black,Free Size
5E301902AE802B0BF27786DD460A73E1FD0CC837C89DBB12B3C4CA6F23197A68,Accessories,Backpack,Levis,Blue,Free Size
63F047D5EB3804CC0AEB3BBBBDEB689754AF529597A2F36171058BAF3C0F2079,Accessories,Backpack,Levis,Brown,Free Size
6E9CE9E0D0B36EDE87B2FBF1C9619B3440C257C4AA0060DCCCC10EEE93BD3B5D,Accessories,Backpack,Levis,Grey,Free Size
0A90020CD1E997212D7C3546E893543CBA84E5190E9F22CAFECEECDDEF9468D0,Accessories,Backpack,Levis,Navy,Free Size
E61788C286347EAE3E276A6DF6140E9EED1524F197774C6944255250FDCC4D18,Accessories,Backpack,Levis,Pink,Free Size
E1AB9ABF7F0E665676080A91F8D67E5A4E8D938E1A558A02446B0E3227151062,Accessories,Backpack,Levis,Red,Free Size
199462882DFE2E1150A212D5E198167FEEBDE48AB8CC08B94293C91F3BD63A7D,Accessories,Backpack,Levis,White,Free Size
83064C490E4206C87ACB3C3E4877C3796A319F9CADC4C3A93307BEE86ACD0490,Accessories,Backpack,Levis,Yellow,Free Size
2E3313A1595F68E423F09D4FDD5F8961F769E39BC355B8A4F8FD13E1E4FE9719,Accessories,Backpack,Max,Black,Free Size
76956F708995AE4226ED4C9C41B4CAB2F157AB86839D01F02D3C9B9DF0AC5A2D,Accessories,Backpack,Max,Brown,Free Size
0A0823C3C8D5888E5D9AC885AA7B3F9FF537EB809AED1CBD3D84ADEA6DAD4383,Accessories,Backpack,Max,Green,Free Size
927F80046BFE6FD08CFE2C48CABDC841A8A7468E2086B41E8701D3228928C107,Accessories,Backpack,Max,Grey,Free Size
9B2647A2CDD3EF0C5D35CFEEF41D3F4ADF196A541C200AB308EF4BF3CA3A8125,Accessories,Backpack,Max,Navy,Free Size
88DEFFC0BE73DD06BC3F7EE10450CB5B31FE814DD8DF815A3524C7FB084DAFFE,Accessories,Backpack,Max,Red,Free Size
E4C2A636EA92811F36BA9AE92394CFAE4CD1B49F425BBFB74B60FFC65F015BD7,Accessories,Backpack,Max,White,Free Size
8E9407C5808945711DE7FE90CB256C1133F0F995DD871B11B3B2BBE20C0D6DC3,Accessories,Backpack,Max,Yellow,Free Size
C73A558C2239F4BA7859C0E528DD53E0643DBEC6C611C946C16349545742AECA,Accessories,Backpack,Nike,Beige,Free Size
E6E1725CBCE7AB61EA1A378B2573F9F1D58207ACA45FAE4F7B0C22356B8B77F5,Accessories,Backpack,Nike,Black,Free Size
4CE7C1E14A97A427247C4BFCFA7B22BFC9E6F462F186B218A16045E4077568E2,Accessories,Backpack,Nike,Blue,Free Size
CFECB61398EA58F240BB3FBC931F2B6383B2E7BF14A68573880A6FDD22F49730,Accessories,Backpack,Nike,Brown,Free Size
B04084DEDD42BA12858F09A1632C04A2CDB5F9A9F34E5972E2DFF61DABE4AD05,Accessories,Backpack,Nike,Green,Free Size
D1D4270A4B0F1A42DCFED8EA90E480F8F59ABE594F87AAB1F76DBB3B66BCFC43,Accessories,Backpack,Nike,Navy,Free Size
8D9AACCEB1D50E27B3285EF06AAB69779391C574FDE627DC7E8BC8302AE8F23C,Accessories,Backpack,Nike,Pink,Free Size
D2202AA992F587AA4BBE90EFCDBE0CC2A8F1083C8958A1763147F71FC4B91530,Accessories,Backpack,Nike,Red,Free Size
CF536BFDA2D7A14988441FB780EFCEF8E5D5F5D3850F9411EE5487337148BFDA,Accessories,Backpack,Nike,Yellow,Free Size
7750DD229B498A724227146C0B39A490A3C9AA34CB1DBCEC259F13C4C7CE40E2,Accessories,Backpack,Puma,Beige,Free Size
9709AE792C81132C39C068FA647911D0AC0B00144DBBC8749CB956621F69934E,Accessories,Backpack,Puma,Black,Free Size
3F92EB59FF936F4C6E8A8880DFE61C77D1BE3F6FD6E83FD682BA408FFC54B6A5,Accessories,Backpack,Puma,Blue,Free Size
33FF83BDD93B8B55CBECF2248E01EBF8440F0177C61431E675C91456C392C686,Accessories,Backpack,Puma,Brown,Free Size
28730A11A0A8D0E4468C0737E7E182C8896E2DF0315774D701446D94870BFCEA,Accessories,Backpack,Puma,Green,Free Size
2F2EF4B81B3A9BA56B25E5279C45A79DE4B36964CF77FFE151CCBADFC14A16E5,Accessories,Backpack,Puma,Navy,Free Size
12D6077C04D759EEF429D6437FA851203D9195DDE5CBC3AA829924406FB5FAAC,Accessories,Backpack,Puma,Pink,Free Size
9812C5130B073DFC07F08DA6C12DC387294A82E8CF5CBBA4C2C9673754B34E4F,Accessories,Backpack,Puma,White,Free Size
2F0A2CF4AE857B2418ABAE193E891E7A229FC932F6798E7F2E01DEC581486BA2,Accessories,Backpack,Puma,Yellow,Free Size
ABFE5EDE2E6B64D709F84A710F83BF3552CFE9F9F95E99EC4D55CE4C9FFCCC9F,Accessories,Backpack,Roadster,Beige,Free Size
305CEF52B2895A7DDE86EDCF08832CE71E5F1C21C94C069BF9B93B5BD4177D0F,Accessories,Backpack,Roadster,Blue,Free Size
A964720D3A78DD54DDA6FC115BB37B3975BA9FBC0F148DF67383635508F5E2B8,Accessories,Backpack,Roadster,Brown,Free Size
12D20408EA4E94B051E9C14132658896E82D70851EB40BAB7E97ABBCC40F9C32,Accessories,Backpack,Roadster,Green,Free Size
B95386288387CCFFB83593A32F2CCF706A7D7CE38E81C9D841719CF86C90716C,Accessories,Backpack,Roadster,Grey,Free Size
504E450FA6DEEF234413302E2F22F749C03DFE2B8C75EAC9788C77904984C769,Accessories,Backpack,Roadster,Navy,Free Size
BD89CFAECD63F1B67967CB9B5D593A5D3E5714C40EF38CD7979F4181A0624D50,Accessories,Backpack,Roadster,Pink,Free Size
ED08570A2566D52EF81DB1FE4AF839DAA9BED548412A2E31F7AE48CFF960D648,Accessories,Backpack,Roadster,Red,Free Size
DCAF590F65234F19F615A0B3E6EC4F3F32879D4B8DF9488AC48EE183EABC424C,Accessories,Backpack,Roadster,White,Free Size
B51CF77FC57CD09B015D02CF6306A0C66C71ED3511FC5CE33ACF21E6C13A4664,Accessories,Backpack,Roadster,Yellow,Free Size
221FC5153334F641059B0A69449AAF2868D84058099454A109D4DC77E2EBD43E,Accessories,Backpack,US Polo,Beige,Free Size
D56E69A06D8F1B1763D1A24717776E38D2B30B5BEA948EDF51B41C4C6387E28B,Accessories,Backpack,US Polo,Black,Free Size
37D998D5C9B807EBF833171BFE6B18D2663DE28E14E90A7F6317CE69BF8F983E,Accessories,Backpack,US Polo,Blue,Free Size
77A391FC00520DC60402437DF51CE5E1E76EAE0C4575D3F938BA674EED4773D3,Accessories,Backpack,US Polo,Green,Free Size
20A0653B4496E2CD33E973908FE9946D186E5B72EE021D211B38B6298831379A,Accessories,Backpack,US Polo,Grey,Free Size
7CD73FE4781EC9B916884AC82DDF4160D38CC869A1BD43DE48A5EF7B0C1C6923,Accessories,Backpack,US Polo,Navy,Free Size
EB8602777FC45303077704FC230BE9302D9E857E01804211935E237FC2441120,Accessories,Backpack,US Polo,Pink,Free Size
811C1641F6A6385C30013BA846FFA1418B6CCBE9821E32F5D1AD6A9C725F2539,Accessories,Backpack,US Polo,White,Free Size
5C005C1B91AB6C570E09CF33A557CDD4DFCCCDD72B8E846A6805112E795DE474,Accessories,Backpack,US Polo,Yellow,Free Size
25C588050C8CEF20A61E4306A1EDCA3D7039DEACF3640F7E0A5362D06A0B697C,Accessories,Backpack,Zara,Black,Free Size
411E6A79F8B51DF82FCA17D6E93B90B10557D237AFCBC155E56E4ED1A5346C7B,Accessories,Backpack,Zara,Blue,Free Size
F1D598C43663A6CA6737D50C8020B591E33DF6F0C119DF68127B7FC392AD949C,Accessories,Backpack,Zara,Brown,Free Size
EFF4A6ABAC9F2E8016B7034DD3B0629AA65F89FA94942C9951FFFA5BDB7529EB,Accessories,Backpack,Zara,Green,Free Size
FDC57B3993914D5D44335B22788117629BED720B48B06DB1B86ED3C3970DDD5E,Accessories,Backpack,Zara,Grey,Free Size
E3CBC9B2E7E2D021039AA4580AFF945AD10F861173D5E1EA0DBF5F8BF0C305AF,Accessories,Backpack,Zara,Pink,Free Size
D539953FA86B73EA1E149031982A64AE325B52D2913CB8063660ED3817B646E1,Accessories,Backpack,Zara,Red,Free Size
CA869570FD16DA9CAC6BF3C40DA0B67CB52192423FF30860A02E9126AAE76FC8,Accessories,Bag,Allen Solly,Beige,Free Size
C8172C859CAF2E06C48D8764DC86B7CFF9C6AF0C6F67ADBFA7750CA3848F0F60,Accessories,Bag,Allen Solly,Black,Free Size
8E090CF9C013FD28B3057E2AB6EA59F74871DCB85DE69DCC19F4695621167154,Accessories,Bag,Allen Solly,Blue,Free Size
F38F0EC99742EE8BBA37F68282D9CF18EE61F79997F1CAAA7C62C1578A3B2154,Accessories,Bag,Allen Solly,Brown,Free Size
E76DF00C0FD69E925F8AEF82EAE18789366A7327CB88A7D882C3883ED4199483,Accessories,Bag,Allen Solly,Green,Free Size
80A326A71708E8A33EA9649F8ECDA9CA2AA5323EB8B0339E8C5558CD0B12F01D,Accessories,Bag,Allen Solly,Grey,Free Size
F2A96C33142890F5169AAE16D2A7458D729861183C5C80871998DE23BE31318C,Accessories,Bag,Allen Solly,Navy,Free Size
6F319DBC0451C06BF5681373716887B487EE5732D6469077388BB86544E846CB,Accessories,Bag,Allen Solly,Pink,Free Size
7E0954AC59AF1278B65F346EBBF8708D545C3AA17662BDCB3A4223F197F95E8C,Accessories,Bag,Allen Solly,Red,Free Size
4C335C2F92B82623EAE4DDDF8A340114959D89BECA7DF3C15DEE599C8020ED32,Accessories,Bag,Allen Solly,White,Free Size
87C7318FA8B2648BBFDE7442E267EC090744F9578FFE8F332C949CC638EA8CFC,Accessories,Bag,Allen Solly,Yellow,Free Size
C6032B6AEC38D52B8F78DAB5C52BA60F4A73D09EFE8B687B7D39BD6E2F8D02CD,Accessories,Bag,Bata,Beige,Free Size
E3AC0CDABA7821EF799DB633DE4848FB0783FCC4DE04F669332CD72E6E852FD5,Accessories,Bag,Bata,Black,Free Size
3F0594BFA2D4CACFF6C0053A092FCAEF87DBD7CA93D914864D69659C131588C6,Accessories,Bag,Bata,Blue,Free Size
01059E688298584D41EC6A487F545C7BAFE3F9ABABE4DD7A03FAF29B0EB182F3,Accessories,Bag,Bata,Brown,Free Size
584C91ED174428572D43882BB3803E68A90520B26A9C1D53A80DAF809C3955B1,Accessories,Bag,Bata,Green,Free Size
48DF8DB3EB55D5A9995E774CC64073D00C0D86B1286705E0167F729C83D9D154,Accessories,Bag,Bata,Grey,Free Size
5F0D70BBA9C4B7718CFB609F68C486E9DC45D83C8C44C64BEA3D54C3E84D0E2C,Accessories,Bag,Bata,Navy,Free Size
20ED588AADF691D1DB82873258183D2046185F249DC095593AC4A89D29E90650,Accessories,Bag,Bata,Pink,Free Size
A2997E089DC25808B4FC4C385C250801A015D9788ABBC9C2FBF8571AC3C34045,Accessories,Bag,Bata,Red,Free Size
AA9A09ED2CA6E7C6711686A691879A8BE98FE9F7999D7E7D471F47A5EE8986B9,Accessories,Bag,Bata,White,Free Size
CC529524C5A203DB99032C3C0F722645636A79422CAACBA04F0D5836A3AB0637,Accessories,Bag,Bata,Yellow,Free Size
78A5A8FC52A6F7FA7EEFCE075B7FDF952EC41BDC88FD54994EFBA3295D2D8E62,Accessories,Bag,Bewakoof,Beige,Free Size
9037B3FA5D50D0A6DF3D8C697F31FE71EC11F32D8E00B1D0CF146F54DA843407,Accessories,Bag,Bewakoof,Black,Free Size
7EF065964B4CC5FC6E1E7B6339994611ACB38164AD8FD98E06D48A29C3370120,Accessories,Bag,Bewakoof,Blue,Free Size
8491D262E9C258684E6B2FBD9A8DC9073C4855CF2631A353C9A9658AAE3DF619,Accessories,Bag,Bewakoof,Brown,Free Size
F9CAB8238F1D99298D9EB5C92B38D0ADA70FB77C4D37E881CAD5C26934825F36,Accessories,Bag,Bewakoof,Green,Free Size
E2F3B3D96F4BAEF76D15AC4822B352A7704B6C036610986F7AFE0926149E78F1,Accessories,Bag,Bewakoof,Grey,Free Size
8D4F711138A60D786B37D481920082C6F662E97612CABB2BA8784DB4606F6A7D,Accessories,Bag,Bewakoof,Navy,Free Size
0F991E518DCF40BE83DC9499E250AEFAAFBA5CA8E3D907DB89215996AC30718D,Accessories,Bag,Bewakoof,Pink,Free Size
1623ECE30D78213758F4AD292EEE20156992246E1D9B65085241158FDFA58BC4,Accessories,Bag,Bewakoof,Red,Free Size
FE4816EFCF37BA15961EA1FA86BB7733B109210346BAECB06C53ED93D5AA49C4,Accessories,Bag,Bewakoof,White,Free Size
BB3B391C0319DF51532A4DFF363043FE5981521E4544BDD13DE290DA617D853A,Accessories,Bag,Bewakoof,Yellow,Free Size
5B5DCE996EF5E793970885B743DD4EA53DF1F39B1810CB1C36660F939A874027,Accessories,Bag,H&M,Beige,Free Size
073CDC40E2D7976B23020A624D989AF7D6CE4A8561FB8B051ADFF1AB1E884FF3,Accessories,Bag,H&M,Black,Free Size
CC5ECA72CDDF4F43F07006591FEFEC94A5A0D568E8F5B3597D9152BAA3C4B294,Accessories,Bag,H&M,Blue,Free Size
898CAEAF5589E677B91782D2596545E58121C30566DABB8CEF7DFE64FBEF6720,Accessories,Bag,H&M,Brown,Free Size
C33D5962352D6A1E9084454E5B5CF05827C98CA5B68CB12F145643305B5E7422,Accessories,Bag,H&M,Green,Free Size
FE776E0398201C9E3D1A07BCCCF7BED84909B398FCC77FAA11EAE7672E25C7B5,Accessories,Bag,H&M,Grey,Free Size
CC396CCFD183E32242D68386939EE9E3A550A6B8E8ABD416799ED2E813644EE8,Accessories,Bag,H&M,Navy,Free Size
F078D1720D064220218313536B351498C030374157B82930A5676C77F5BD799D,Accessories,Bag,H&M,Pink,Free Size
3CBD002FA6C8ADEE6D0232B5DEDB3D0884C7860E9F11566399ADBD7532B4E93D,Accessories,Bag,H&M,Red,Free Size
FB38E35A80736D3BD81D7704618194CD179D5566771313EC7D01F75F9B250E7E,Accessories,Bag,H&M,White,Free Size
6E173A86A3A6B04F426552BD598BDF63772EEA9B5FB6F0D6219C9F765CB124F5,Accessories,Bag,H&M,Yellow,Free Size
561F25CB471984FDFBA58427930F4CB074D648FB7E0DFC4D1BDB7B8D09F69B84,Accessories,Bag,HRX,Beige,Free Size
E47E466CE506D2841E1B20C36B96CE757D51E5EE161BA186F3E218878FA5444D,Accessories,Bag,HRX,Black,Free Size
BC19E98206ED63A367ED0F408211B43DCB153E4D19BA02F89CABD8820DF92F3F,Accessories,Bag,HRX,Blue,Free Size
47CEACE4A7736562D8C1DDE52625CBC00A7E5955357817D545DCDD830A2CEBC5,Accessories,Bag,HRX,Brown,Free Size
6657BAA05DF723F4C90D3AA1A95871226C05B714460EAC5F9AE2F498A12616E8,Accessories,Bag,HRX,Green,Free Size
DA82C8A1CAB03440BF58782FFDC9DC0A3ABD826A4FD0BAEEB4943CA754D8F6B6,Accessories,Bag,HRX,Grey,Free Size
47B26B7D01143A6CEAF177FD058C99D8DB5D4EBDE7422C1AA0846B4444CEBE63,Accessories,Bag,HRX,Navy,Free Size
DA073DA5D75BBF1DDA491953D046C4A2BBD88CB6BFCEA4A61AD8FBA9065C7BC9,Accessories,Bag,HRX,Pink,Free Size
0F641228C76B1C844B0A18D58C5BAE030F1776110D34E1701F37A61FFBEEE476,Accessories,Bag,HRX,Red,Free Size
C574C123D07B26BE65F4AE1252AB1EA8E58C6D6E483DD08B1D5331E5D1288CAA,Accessories,Bag,HRX,White,Free Size
75B5A676014841CD0B1BBB386216DCE6BD9C87153528397D7374C61C437E6278,Accessories,Bag,HRX,Yellow,Free Size
4D1C12C5803EEC2EBBBFADE11DF7F8F5D819A0E7B4EA9DE9198FB2355E760282,Accessories,Bag,Levis,Beige,Free Size
E8F4F38C94153EE0A29045D01546178AB938DA3B7399D0DDCC2CE4D4363DA682,Accessories,Bag,Levis,Black,Free Size
91A53BCA3E166A83D5A6CC26A2250F65214F0F0D09CF886E748B192C56E2DCCA,Accessories,Bag,Levis,Blue,Free Size
17C6BFF145508023A429E0EB4FE2876A36CB62CED9612C1CDA7D46BD457F3E62,Accessories,Bag,Levis,Brown,Free Size
A343FCD9C55662F249FDB8961786BFC9623C29442C9CC455033A0AFC3A22E11B,Accessories,Bag,Levis,Green,Free Size
31E5AA47FE22E54C9A1C2191BF2C1D380A9FBC5668B9296D8E766C1F667DFCB9,Accessories,Bag,Levis,Grey,Free Size
39106BDDE5CA2C19B924671F161C91E8B5699E1F9793F54771CF6109F76193B1,Accessories,Bag,Levis,Pink,Free Size
2257B6E883C572A653FF18D28CB3774C703000BACA44F67F84B97CF4EDB2BA3A,Accessories,Bag,Levis,Red,Free Size
7A6D4647190380C1802269591F95F870F63F22A11A7286F526D4419911AB0D0E,Accessories,Bag,Levis,White,Free Size
504A36FF507E142A1A923F04A9CAAB4C2F4D8040CE898E8417F0F9EAF862DB2F,Accessories,Bag,Levis,Yellow,Free Size
805E24FA154FC86EF7FA854E97FE03B45AF215EA1DE62F15BCA8D1E8EF9C42E9,Accessories,Bag,Max,Beige,Free Size
19F79097BB1CFEB8A0A6618AF017D19434AE37CB760C702258528437369A10DF,Accessories,Bag,Max,Black,Free Size
6A3FD36A9E6C541DC912B5712399E4BD94AD64682AC022BB084752252517FD5A,Accessories,Bag,Max,Blue,Free Size
186A9ADABEAD568D6C813DDCF0195370E5C5DA22BE11DD19D36FFB92BF35A444,Accessories,Bag,Max,Brown,Free Size
07FF7D3F8194BAEA2614D8971632317B6A1D735062E09F7071D07C7E91EB60C0,Accessories,Bag,Max,Green,Free Size
B491F3CCC77BF93B0A0C34A8F1DE262C68DB61804749DCCDA52D8947FD702A31,Accessories,Bag,Max,Grey,Free Size
F74124E83EE821DAC1AA84BF7BDDD0839D435F587B557B27F45C1D9CA627BBD4,Accessories,Bag,Max,Navy,Free Size
56ACF9D75EA0CAF01070359696B37A5391A3F82F74B67EF9F3600E36271BD128,Accessories,Bag,Max,Pink,Free Size
1547B93D013A7D872412DA4348669B06EB35D0819A917179E062952DF60F1ED6,Accessories,Bag,Max,White,Free Size
F0219E9A986DEBEF258B6C88597AF0723A9DD710715CC990F7B6F440F002FF13,Accessories,Bag,Max,Yellow,Free Size
97F7A1F36B2C78D921DB35D6B08478AFB95BEFF33B0C846358D6DAB36924B4F4,Accessories,Bag,Nike,Beige,Free Size
214DF62BB2A91AA138D878F3FF7066AF0D3099F7C132447EA9B01AC7B6169FD4,Accessories,Bag,Nike,Black,Free Size
F398EFBC8C8D985ED8D5D55D3511B66D71B6EC98A9246AEE352B30AA6BAE7147,Accessories,Bag,Nike,Blue,Free Size
4162549E6F4C533158B5D9CA236317BE3E472C430944F4D7DC7ECA7616E6483A,Accessories,Bag,Nike,Grey,Free Size
6AFEA84B9F1565880ACE3FA79A8DF1E22504093EB65670EA2600639C181AB74C,Accessories,Bag,Nike,Navy,Free Size
182ADA67E04AF97C203995A81E7FEB25F3C6977CD8E5B6F8C696948F7F331023,Accessories,Bag,Nike,Pink,Free Size
E3AE64EA08C5A9624C571F06BC5F000DC6669298C770176018FF05B2B7FE15E5,Accessories,Bag,Nike,Red,Free Size
6643CFF4C358598A83F40E50B1E443AF9B7C8A103DECB42C2907B3619C593DFE,Accessories,Bag,Puma,Beige,Free Size
11B120DBCCCB602CE23C0F6CA476BE8853FC16ADEE743E2BB40E68C08BC74011,Accessories,Bag,Puma,Black,Free Size
1DF51177CCBA5E07C0F5EE0D8A97E7A1FED297ABBF4935874DC4CC5D4E781C8C,Accessories,Bag,Puma,Blue,Free Size
8C1644F7CCEE95F2604C14E70F90D7BBB9E4D9F446C5604C01D3ED1CEC500395,Accessories,Bag,Puma,Brown,Free Size
6EAD6F49BD0F01B275B7DB843EBAD2D6E4BC459230652537CB494C92E5A432C5,Accessories,Bag,Puma,Green,Free Size
763AE0D70C29FCC0A35E5BC63BC7EF7C466BA78988A7D219524A8D1FB91C3D14,Accessories,Bag,Puma,Grey,Free Size
2D36D14B1E4C181E929B3B8C6ED17E80365B2D44BE3897C7A0F651691A1157E0,Accessories,Bag,Puma,Navy,Free Size
3C628DDFEFD5A04E46E2ADC3B3D71CB32ADDFC3D1CB30B87BD85F54F2376CC1A,Accessories,Bag,Puma,Pink,Free Size
C63F70D1C28FD3EA20955BDF1163076B5ABF633D7CC6D29A0F76912A7EEFE992,Accessories,Bag,Puma,Red,Free Size
EEA55672DA1DACAA753E24E2ABA7C51EABEA49C087355C0E77ED04C5D6B29BF5,Accessories,Bag,Puma,White,Free Size
5B629436E4DAABC56EF04B1D7E7211F862ECAC68A78C01E66B2DD651BA1C9D6D,Accessories,Bag,Roadster,Beige,Free Size
2F32CFDAE1B39274EFB751039552FC193AB9F27D95905FD92035FFCF4C8FCED7,Accessories,Bag,Roadster,Black,Free Size
D43BA3E8B252FF23E7C94F3267D7F9DBA3D838BA0C0DA4A9363F9574A717A78C,Accessories,Bag,Roadster,Blue,Free Size
F15AD0DF596C2BF94D8B2FCBD52F0009D177F26726FB8749720A4F3DB43CF193,Accessories,Bag,Roadster,Brown,Free Size
7B5181E194CBF3CAD940B3EA4AA6075E6E104F5AAC141952F5A370CE7A67FF76,Accessories,Bag,Roadster,Green,Free Size
904BC1507EB3C9140D71FD8218E9436811035DA185FA61B5597852561A32ACE8,Accessories,Bag,Roadster,Grey,Free Size
40351D22DC9AF02155660F3925E98751A3B660E53F2D35FC7F3530BB8411E42B,Accessories,Bag,Roadster,Navy,Free Size
B8D6BBD837F0275E57DE3C19706D8A3F339F1395370D19B07B319991E908E818,Accessories,Bag,Roadster,Pink,Free Size
BB88F59BBCD8887973285D6B21362ACE86C87A78ABD0EE7B494B3D7715DCC71B,Accessories,Bag,Roadster,Red,Free Size
60A6183EDE7A696C7F107460A38F3DE7A784075983E62B33E4D87A1366CD7872,Accessories,Bag,Roadster,White,Free Size
5EE75C5FB306971BEE806F8B8BEB35E2F83174F50C23CF7496126C38E6E641E6,Accessories,Bag,US Polo,Beige,Free Size
79172A9B3BAB37B09218111C564E6B07DB1E04B470786AA01C82E59820853532,Accessories,Bag,US Polo,Green,Free Size
FE3FD52A517DB432DF2B5476CF7DCCDE817045FEA73AA92A3C8D65768C7A7E37,Accessories,Bag,US Polo,Grey,Free Size
1C4781A2DCF8AFB69C060A67EF84ED77D5C614F058F18F0EE2D59659CC8D0950,Accessories,Bag,US Polo,Navy,Free Size
26F908CACDDAC15F69D784D5C5420034476299628B975C727CA3864E493FCF9C,Accessories,Bag,US Polo,Pink,Free Size
892485A2633451FB18D70DBF6B1B67D3EFABCD0FE0BF6605E13587214C0A33DF,Accessories,Bag,US Polo,Red,Free Size
D09BD0D9B059D6A422D194E9CB812CF1EB6EAD187BD6956579D8ED2A959EBBA1,Accessories,Bag,US Polo,White,Free Size
7A691E087CCB5A4939489383B5C87BF2A10DE10C1A4FEDE71BF6E6901129E283,Accessories,Bag,Zara,Beige,Free Size
46E4CDCB2CD5DEAA00DFFA7F27E9B9C1FDEE895D4233EF842B865EE8A7F34C84,Accessories,Bag,Zara,Black,Free Size
7A33EC61C62919455168B05A347960F90F3233C575379FF29EE1CF8F4181E329,Accessories,Bag,Zara,Blue,Free Size
E52C4F2E47707AF7C87C7B251A88A4F724AF26CFE258AE582FDC8EF08B1E0B0D,Accessories,Bag,Zara,Brown,Free Size
10636AA834671B91800B6EAAE43A5A44BDECD8FBA1A61739BA3E5B23D443C11E,Accessories,Bag,Zara,Green,Free Size
68D62258724A1B90B6037E04EE79997DD9ADAFD4DF45A10ED326B5DB911C6BF1,Accessories,Bag,Zara,Grey,Free Size
5C756EA7C19C17D35BB5588D100B65F3078F1DEA7CB19EF6239A7C00B5A39094,Accessories,Bag,Zara,Pink,Free Size
41524B9C11260D68F0A921C2CB038DAC7C0BDDD1F285242A3D3131DF87FDB79E,Accessories,Bag,Zara,White,Free Size
C06C10C8FA4CC603C5A19A2B59E2ED2FDE779249059DB6FAF24B8C95298B1EC5,Accessories,Bag,Zara,Yellow,Free Size
DC4AB4AA5DE31A72E786F0C4A469908EAA1D61EC6C66C6AFCD5EAC7AD68238C5,Accessories,Belt,Allen Solly,Beige,N/A
A3D8B29250564C0481D37781384AA18BE6B29B1E8AAD2DDBF0EAEA8335135CED,Accessories,Belt,Allen Solly,Black,N/A
86A12BA034B4B183343EB4FC809DCD52DCD7D75CC98E72A26DCC56955665F851,Accessories,Belt,Allen Solly,Blue,N/A
C5A48E3EBF1148E409486B52DC64097F5F1A48F60CA71E3B1CBAA7A0801697F3,Accessories,Belt,Allen Solly,Brown,N/A
76DCE80BBCFF4E96C384A72E37794A3D4F78C45A7CECBA4F226A831A2FFF5274,Accessories,Belt,Allen Solly,Green,N/A
484C9926CB802E5B2CCAF18836A2722DFD122B8E9B257E8D3511B6E0CDCD8AF6,Accessories,Belt,Allen Solly,Grey,N/A
00799FC0B40BFA0400FA641630918FE9AFA119E1FC0881BAC5EF83B1B73ABFB3,Accessories,Belt,Allen Solly,Navy,N/A
C2D30FC413073A5E797B6D7D77156B25512CE890AB2958E1A50F929AA92A07E0,Accessories,Belt,Allen Solly,Pink,N/A
B4DCBF72D6D197FAB842AD68EF2ACB1B4B599D8FB3CAF07791AE909C4A3CEB09,Accessories,Belt,Allen Solly,Red,N/A
5104E2442291D66EF982EA3502F30BBC855E39B6D31C8FCD05C313085A88D191,Accessories,Belt,Allen Solly,Yellow,N/A
1879BE857ED41E787C33AD8AD474916BA4D3A724FC5AA3D8C494F446B34D36E1,Accessories,Belt,Bata,Beige,N/A
E823F2AD365BF1BE8048586431E0A627FD7AAA6B23AE455156F47A93C83B9F2A,Accessories,Belt,Bata,Black,N/A
8259771EA3363FDB2D9231CAA41936C81F6894885B81CA21FDC12EFF5AD5C232,Accessories,Belt,Bata,Blue,N/A
7B7230F0C6AAF588B7842EF0A7608DF040CB626E7872EE2490F5157771ED6A56,Accessories,Belt,Bata,Grey,N/A
1FB35C407513FDB8F6E3F836F2EA37C3818B04CC7BB3FA734D047DA6F1C21F33,Accessories,Belt,Bata,Pink,N/A
3DB9BE9868659E6773AF6B8A1F2C92FA05994AED6CF6A5B3A175D68C63005DBE,Accessories,Belt,Bata,Red,N/A
46F941BA03AF9228A8EAF825C17CA0C2B7FD723A9AA72C39C2279A8BCB6392CF,Accessories,Belt,Bata,White,N/A
F9EF90E79EE2C7490568AA46E03907FD047FA38D61FF91462FCC047B4F0D223B,Accessories,Belt,Bata,Yellow,N/A
1DF196A4B66C78E5D80C664F0B5B7E4A7008D284C48CBA51CE05966B50EABF59,Accessories,Belt,Bewakoof,Beige,N/A
6CB03AE8513BC2C2458A00B3B8C1B9F0C06ED18FAFF99C22853675EEE6D4F0B8,Accessories,Belt,Bewakoof,Black,N/A
A93483AA908936B1A5E44ED45BDD1C45C0C5E51F5A78A2DBB551C23BE6F7A2C6,Accessories,Belt,Bewakoof,Blue,N/A
B8C1C38107435722887D7F7403D796AB27DEED3E3BB3E013EF1FFFB60CA252CB,Accessories,Belt,Bewakoof,Brown,N/A
DA9BF8729C3BE10F80F2B3ADF676F5A4798D243D24AF189C0E59A1DD37772FA7,Accessories,Belt,Bewakoof,Green,N/A
D67AB797ED4D8F411B420E606FCF2158D4D18B8CC99BECE13BFABA490D557D40,Accessories,Belt,Bewakoof,Grey,N/A
6F686E6D0EAB9668CE21FD2A50DDB41AEEF382BB44197016FE48B2785CDE62C9,Accessories,Belt,Bewakoof,Red,N/A
4A250E1AC60D4F34E8E728C81A469B39163AF2989AF684EB9C33FF97707C5FEC,Accessories,Belt,Bewakoof,White,N/A
41C46AC152EB6409E24E0D4FFD9B239A0431D7508F76E34D8F6528EDD65F1AFD,Accessories,Belt,Bewakoof,Yellow,N/A
8A4B9A4D5D87B389600EA746CACD33442805F660E409E25C9A4DCA1A51C4F77E,Accessories,Belt,H&M,Beige,N/A
1058A00FFF8E73A23808321DCE7BDAF51D9242267DFED8F4A9EE906F04C7C3B9,Accessories,Belt,H&M,Black,N/A
28C52DC31DB7C0D5E182788EF0B2FE0E09EDFCF5F97BCC24F247119E9C26A4D8,Accessories,Belt,H&M,Blue,N/A
C81171551FC773C12F2BA018DBDF496FE3821B57652396F528E4BBE64BA6355A,Accessories,Belt,H&M,Brown,N/A
9DBAEB497605DCC4F790B6051C1BAE5DB27E20BF6C8C7A13725248172BFA7751,Accessories,Belt,H&M,Green,N/A
A1D7C2836A4DA75061BFD0DBBBBF058C93B3927BABDA141EED4A64C381386480,Accessories,Belt,H&M,Grey,N/A
B93CECB4BE3CAAF275762BBC4855D6931FA7406D84F7F4CACC553BE54443AD4F,Accessories,Belt,H&M,Navy,N/A
4553D5FF59C3D9985AFCF26BC1637118503A544F377BD3A0C9FA62633B27AF7E,Accessories,Belt,H&M,Pink,N/A
0D80D0962537901C933C2020CEFC78E51E2D5C8BDC6E609235EEAA34EE4E8852,Accessories,Belt,H&M,Red,N/A
022582C0C440E9DB3C9CAF09A6BAD4AF7713C80727D80B6EE091A791E9CE7AE0,Accessories,Belt,H&M,White,N/A
659C47BD3993995CE94A86B44A5BACB24393BF78843FD3149FB86D3B4ABA84EA,Accessories,Belt,H&M,Yellow,N/A
516BCB8C8D3706EE942A74844102C7B919B6E11CD5DCC6F9383B126C614E5D75,Accessories,Belt,HRX,Beige,N/A
A724693F2BCBE1A3AE57D50DB8A4C8DC9F914B669471E27FB2B3272CD4F82AAF,Accessories,Belt,HRX,Black,N/A
B12228C70636F1E0137507492226044B25993E7363A2748AE7CA2467B696B151,Accessories,Belt,HRX,Blue,N/A
C7F25E26AE91AE27F1D362EDB292A1DC4DD6F796648FD617257D18348EF90BF7,Accessories,Belt,HRX,Brown,N/A
46F38C3A45A8E0DDF87C1241B80EDB43CD5632496F626135226DB5182F81C5D8,Accessories,Belt,HRX,Green,N/A
2633AFA6590EEE1347D48347A5F44AF3A73A460075DF0113D208EF66B911DFB3,Accessories,Belt,HRX,Grey,N/A
315B36CB1D26E3487DC83E9506DBC681104FAAFEB8E3C8149EAF8DEF157B3A70,Accessories,Belt,HRX,Navy,N/A
708CB8C653CC02702FA69820444FCBCC69B92CCEDAC389B9A395F1A2566D29D2,Accessories,Belt,HRX,Pink,N/A
DE255C422990F90D9F09E07B961B00E18ADBEA523E0DD7F61763FDDD15476AC5,Accessories,Belt,HRX,Red,N/A
3C553ACDFE0F7530880B7EBE9E05EA8B3FC730C679A2BFC6F2E18188638FCA53,Accessories,Belt,HRX,White,N/A
A3563CE857C22A9472CBC3B6C8BD517D80F7E7E5863244A9FECA9FD3627A405D,Accessories,Belt,HRX,Yellow,N/A
84B3759CB35454237ECC2DB2CFE6F8057633BA9FE0F4608DCD9B83D563EE0DC9,Accessories,Belt,Levis,Beige,N/A
638B7932FF59F523C0BC3919CC85D22B27A669ABA8CF7A3086E558B95592530A,Accessories,Belt,Levis,Black,N/A
AF684566FB51BEF2581480382D5DBBB546C350DAEB76A9BE005AABCA2F4FA14A,Accessories,Belt,Levis,Blue,N/A
3C75146043B453382DEFE58EF6EBFE76CC5635E4FC03E903E6EB7F4774048CB1,Accessories,Belt,Levis,Brown,N/A
7AC35D39195A6119316431A7596DD41255D9BAEB076B7DC42E713469E3FBC471,Accessories,Belt,Levis,Green,N/A
5F2742F1B620CF5504FF2CA6FD288FFF76779FED1B8A192C2BFFE133D96D456E,Accessories,Belt,Levis,Grey,N/A
2E79C0BF0CF796FDE3BCB8531FEC85CF0063C8483AA6029020E5A7B29DBAB995,Accessories,Belt,Levis,Navy,N/A
4C2DD4D54771F826DCB2698207CB1DC2BC432B7757AB2B6185A34FAED7A85ECA,Accessories,Belt,Levis,Pink,N/A
E85F5B46C17B5B505528BD35BCA01655E3A3194B4DFEA09A2AE2E834CBB58261,Accessories,Belt,Levis,White,N/A
11D598BDAB6C0D9195AC0922D8CB157E035AD091460905075D1F396FD90E9A7D,Accessories,Belt,Levis,Yellow,N/A
0DFC16055E1CE1CDF085B43ACD17AEDF3F964EA1E5478390D973233AC9D1DD9E,Accessories,Belt,Max,Beige,N/A
F02193B3F8A6FC9934B1B0306A8D8964552BF5472D4146D87C25D5D2E0B6FEC8,Accessories,Belt,Max,Black,N/A
FB13AE87D054E139F2F3B59DEAA647D229C0FA5F8EF35AA4FCA29265D261A5A4,Accessories,Belt,Max,Blue,N/A
F4BC1BD0E93E825C2C978E131252BB86EAEAE44F737750373AF904ACE2FEFDC3,Accessories,Belt,Max,Brown,N/A
E1D87D599F403C46966A699F1933F6FB567E2B573EEB9DBE3B8DF51BC1773D9D,Accessories,Belt,Max,Green,N/A
4F00BBDCA68D502929E32425104EF39D750A9404643CB62FC56C111639FA0736,Accessories,Belt,Max,Grey,N/A
D6E8ADF73687EED5F82198BED1DFDAB49843E4362943DA76D6C960E8E5787BD0,Accessories,Belt,Max,Navy,N/A
0CACAD0D697B95B8BFD84D6F5FF7A3060F82144C0BE69C30DFD023F47A866A42,Accessories,Belt,Max,Pink,N/A
8340AB0E33F32578E2AD7B9E9BA8E03E12B1AAB1EA5A9C06A2EC3BA9B71B57B1,Accessories,Belt,Max,Red,N/A
55447E34E5E5C29F6C270FC1393AD2CBE5870243849B1286A93CB54F89B280BE,Accessories,Belt,Max,White,N/A
7528413F860AFD479E991A883EEBB1104D16E224F19AB5A829FD7CB1F7396F29,Accessories,Belt,Max,Yellow,N/A
8182A1087CAA71A676301D876A54A1B6FEBF8B8026781D5AD0242AE65E6FD741,Accessories,Belt,Nike,Beige,N/A
8CD0DC485BBE749CC08424F76AF591AA2D5012C28F64FD22CECCC0B42FF184CE,Accessories,Belt,Nike,Black,N/A
562EE0CEC937E92725B329717A15129F14941836F08B14102E856BC4BE5FF628,Accessories,Belt,Nike,Blue,N/A
0C226924171DAA1C418A176877DC5ABAE49DC830148BC6EFC581D4AD8A44D1DE,Accessories,Belt,Nike,Green,N/A
FFB14D3B7550A4D63743CD91E64119C270E5325A82A34F0263B80D80FA1E8ADA,Accessories,Belt,Nike,Grey,N/A
02C844C86963DDA782077690B52CF901CEFBC8CE5A5D8F4B1138ACEF709E08BB,Accessories,Belt,Nike,Navy,N/A
9AE706508E774043A36F4B1FD9759D5606DF3AF3C52349C809AC1F03DD249CA1,Accessories,Belt,Nike,Pink,N/A
92375D715DE7EEC19CC252FBA29CFAEE909A5AE1152EADF686DE6BBC062E3782,Accessories,Belt,Nike,White,N/A
C87669410216270B74ED38CF3211B4D61A817352760D4C1070F75F7038209AB0,Accessories,Belt,Nike,Yellow,N/A
92063ED1470546E3C23E98DF564166C678A2FBE29C9C798D1DAD5E8F0151D94D,Accessories,Belt,Puma,Beige,N/A
99B5C9F8651857ED390DE68195CA1B74B81FBE2B99BB28A5C7336D336380CEEB,Accessories,Belt,Puma,Black,N/A
5CD563C91AF3F3934F0B8DE96A097599352D711B4500B06BE0E65B388F957FFC,Accessories,Belt,Puma,Blue,N/A
019CDBC74E12E4FE80855A1310949472049BBDA956A04E14073533F6367883C6,Accessories,Belt,Puma,Green,N/A
990A2F14AD3CE0DC733CE84709F28D1002A05242255AB2846DDC9ECACA328511,Accessories,Belt,Puma,Navy,N/A
42B600870E2A32A1DADDD3569FA2CA228C498A6BB771F572C13DC3FC0B3AA66E,Accessories,Belt,Puma,Pink,N/A
22FC7F0B8A1B75A06E4FD3230BD94471E79568DC8626B2A026E578B9231CC654,Accessories,Belt,Puma,White,N/A
C93E8315BAF12972DE0F99463F356506B0538D187414D69D7D0FE8AFC4A67272,Accessories,Belt,Puma,Yellow,N/A
04D088F40D2C057B2D3827D2D5DA691327733D6190700A61789901AD214AE308,Accessories,Belt,Roadster,Beige,N/A
BDB9F66ECFB527AAF1D452F8DFCD438A6F9ED586663E8AB3AD11A9A2562F4C07,Accessories,Belt,Roadster,Blue,N/A
792F086B3D15F04881A57967350CC5DA4EDD67715A0A24C2F2CA96809F7C9E72,Accessories,Belt,Roadster,Brown,N/A
C45668BE835E32F1E9204BABE00C67E23C4899DE8981ADC0205C9306B382C81D,Accessories,Belt,Roadster,Green,N/A
9BAA0B825C6381CA4760CF9A4C186A0AEE1AD0E9EB096E927E1517C58538E2DF,Accessories,Belt,Roadster,Navy,N/A
A7175ADAB0BFE5FAB8EF443991453AD9D928291D0F5B9CC034EF66305D0152A1,Accessories,Belt,Roadster,Pink,N/A
D39AAB01A06F8D5FC59AD08FBCCEB9AAE5114597F9A38AB45B7C106EA67E2CCC,Accessories,Belt,Roadster,Red,N/A
F598DD34443BEB780F22E540B40A95A1FDB9A035F01A797531D1AF216AE3B3E1,Accessories,Belt,Roadster,White,N/A
2DCC820C7BEDA1329B80275FE7B6E18AC61C90525C57E6FF917633E91C931EBE,Accessories,Belt,Roadster,Yellow,N/A
329C91F4E41946C6EA0B4F4164FCFC473985AB8C615C536C791768EC24B4E983,Accessories,Belt,US Polo,Beige,N/A
10BB111DBEF4EA087F4DE029794DB103DAE431E8BBF5BE058BF9A9883426C68E,Accessories,Belt,US Polo,Black,N/A
788E926DB40B2B09BC1C3518DA3ABDBCA94E62D156E384F9CF4D69D667B8F330,Accessories,Belt,US Polo,Brown,N/A
B12FC667C295D4B81547D176E5A09C2CADC711FC1612E2BA484A4E310BE03743,Accessories,Belt,US Polo,Grey,N/A
830B866E62F38356C48E53AEBFC47C08325F65BD33FC2AD52A18FD31B6B561A9,Accessories,Belt,US Polo,Navy,N/A
1D2A4E3E8FC8B80E844657D50883C594923AAD7684CC6BC20C0D46738108D631,Accessories,Belt,US Polo,Pink,N/A
F79647FC6E13E8DABD962727ACEB472111C9D483C30C6365DB66D8662EC6BE77,Accessories,Belt,US Polo,White,N/A
76A33128CCFA623E9945FB309ED69E1BC7155F37F0099B0C58A7E37749A6B401,Accessories,Belt,US Polo,Yellow,N/A
55D246585293138D13FC1C0AC2D5D9BADF27807D439677017B417B1FFA09872B,Accessories,Belt,Zara,Black,N/A
E8C3AD52C09C83FF5979F949DDCFB63849B44015CAE7009E8266A0850F7B31B1,Accessories,Belt,Zara,Green,N/A
8021B6921C95C5A90A7622F23E1E7C995353460C8BF273C77083FF5B09E27A8B,Accessories,Belt,Zara,Grey,N/A
34B75E60D523ECF9EF84C028E6235DFFD06E381A080172D25BA14CBDAA9F3328,Accessories,Belt,Zara,Navy,N/A
5E011BF01715C06A008D5E6F35BB663E9DD98BFDEBBD8DE14FE3396653EB19F4,Accessories,Belt,Zara,Pink,N/A
8875513F2A2F38262073B36EBDB3AB121CF4DDC468E57BEFFE21CF5877B4500D,Accessories,Belt,Zara,Red,N/A
E4674B259FF8236E1C399DB70D679775B83DB33CB5455694B4B1A65329AB0B3C,Accessories,Belt,Zara,White,N/A
4EE68BF01F0FF7384BF455160F89AC27421236329D73636ABDADE4C0C1CAE050,Accessories,Belt,Zara,Yellow,N/A
C7BD78002DB4FBAFB8083CDAAF21E2CFE551E93ABB04551BEEA9064B564913E4,Accessories,Cap,Allen Solly,Beige,Free Size
CBC654064A14ABA8663A289FDC6A0140DE4808C1CA42F129AC8080EE6C1E788A,Accessories,Cap,Allen Solly,Black,Free Size
E8D46F3933B3ED5771F37F68F141954307D6A2E536316CDA79505899B1D35C2C,Accessories,Cap,Allen Solly,Blue,Free Size
5E977A8E2C00C67378C36C504EB2038903CCFB93450A68C00A072D98F35C292A,Accessories,Cap,Allen Solly,Brown,Free Size
9C0D3CD8264F1B75A976EA235E8F5A24E9FC8371974F112B9D6BB69AFCEDC238,Accessories,Cap,Allen Solly,Green,Free Size
4B8198CC93D621FC69F97E92948789CDA988A28DFDB874850D9912D553031912,Accessories,Cap,Allen Solly,Grey,Free Size
14EF4CD2F00DC04A33930478A99272CFDB2133039169058C4FFEFD6950C53109,Accessories,Cap,Allen Solly,Navy,Free Size
8E340E287D63BC14ED9F94E7A18E62D2BCD7DEAA71132CCF7B71F3C0D1851055,Accessories,Cap,Allen Solly,Pink,Free Size
9D5910E6EB109E29AA534458EB54E5572F998E24B0C3E7871F98C380BF463609,Accessories,Cap,Allen Solly,Red,Free Size
B39BA7997BC1411D21888A98528618D1B7C7E16626D1B6F876FB07D269EF0974,Accessories,Cap,Allen Solly,White,Free Size
12F4328DA4B04F4547A5E36A3A1EF56BB650A6A857E75CD05569A5A9D65744D6,Accessories,Cap,Allen Solly,Yellow,Free Size
DCE556B752B09D3DEBA3682517FDECFBC228D6532329B92DF9C70312911210A3,Accessories,Cap,Bata,Beige,Free Size
5F5B992D1937E3AE2DFC37C1969C308B4FF6629A59CF3164523FCDC667DCFB0B,Accessories,Cap,Bata,Black,Free Size
76AEBD21A2F82C7F33E5A9C4ACD7C3F7B361ACCA62F949BF27F70B60EE496DB9,Accessories,Cap,Bata,Blue,Free Size
DFB993C7AF87660D7846D8EB58E76C2903985D836D1C4714DEC91E668C6FBF9F,Accessories,Cap,Bata,Green,Free Size
DAB58ECA53B257EC341506CB23FA57CD171E3936B1A36D96ABDB216B21272F3F,Accessories,Cap,Bata,Grey,Free Size
CC22ADB9CF987FC70BA1A14F2879F39CDE1EB81DA5B9550BD7F8DF1D9F7F464F,Accessories,Cap,Bata,Navy,Free Size
611A4328BA328C2703281CC47A933399C9E8457B46C0A3CEC63E3BE1F4338181,Accessories,Cap,Bata,Pink,Free Size
4567C7670F0CED959A8E7A6DF8EA62EE8499A88BCEDC66F5AE5D2BEF1E69C3AB,Accessories,Cap,Bata,White,Free Size
C23DDFC7DDB2611880AD7B80FFFCFD322E9988A3074CB715F3DBEBD99AC206E7,Accessories,Cap,Bata,Yellow,Free Size
4A47E12D09D2B8FA4765A46A14BE4B387ABAD574E7C1CDFD48944AD0CCBE4C39,Accessories,Cap,Bewakoof,Beige,Free Size
6733CC8B787B93966BF605A0DE20E74BEF99974C6B23B58A78BFC827ED23BCD8,Accessories,Cap,Bewakoof,Black,Free Size
27D16C0DD45D9C19017DA17767A272F2182774392858B2C5D7CDB676CD223299,Accessories,Cap,Bewakoof,Blue,Free Size
47D0040F9D5AF3F20525CE6B805796EB45ED4BF823B4281DE070F5CD08FA1CA6,Accessories,Cap,Bewakoof,Green,Free Size
4646918786F2CE3721964EB17CDCEB70C50EED305444C0EAEA69A63C5A221366,Accessories,Cap,Bewakoof,Grey,Free Size
963AAF682B1B7430FE8E82EDC3CDAA46859A6D53D08A77F927983A91E1F26F70,Accessories,Cap,Bewakoof,Navy,Free Size
08BB6AFED2540FC804E946AAB562AAF2CD9556CBE9B40EE52B02776DB0DA4AE1,Accessories,Cap,Bewakoof,Pink,Free Size
F7E375326420FA6C18174C847B74BCA6E344059BAD855ADD3DE8120E436B451D,Accessories,Cap,Bewakoof,Red,Free Size
63CF802F1860A45D025F7C477707AE07FBBAE56E33D5058BF5F4747814D20B0B,Accessories,Cap,H&M,Beige,Free Size
B857DF65B43D98AA4D274FFCBEF57B49E18F5149FAC6791392F815C23007ECCD,Accessories,Cap,H&M,Black,Free Size
855F6EBC6ED76FB7AC6DFFCB9D3E7A0502224A4EFB2467CE8C09669AF370ADF7,Accessories,Cap,H&M,Blue,Free Size
50DE5528911565DFEB03BC4077CC18BBB982501D677F78907D5266EE62024F1E,Accessories,Cap,H&M,Brown,Free Size
AA00EBA6D7C443D7062271FEA5B9FC659FCA5E59BE30A38EF5F27F76A1F59884,Accessories,Cap,H&M,Green,Free Size
01EBC8EEA66FB42C4F13A978FB8327AB03A5003420E6BAACCF66020D8C86A800,Accessories,Cap,H&M,Grey,Free Size
3C545FF776B6892A11759DDE05BB61AA9B53BD9BC478EEE9258F832B75D26C34,Accessories,Cap,H&M,Navy,Free Size
E9AC3BA0E512A76ABEE6369F4848FD4A7A594E49DD605BDD0EB3462B8D6C08D1,Accessories,Cap,H&M,Pink,Free Size
4A59F553D41C34EB3A13361F614CD7F0CFE647E1CE13DEBB92038432CEC63372,Accessories,Cap,H&M,White,Free Size
35D58D8B78BE8A04C5C3A395473D233C22447923BEE7586AB6273570987696C6,Accessories,Cap,HRX,Beige,Free Size
020340EC4BB4B0D5C1430403C823908CE90509E0DE07E6B1029E36F9239D3766,Accessories,Cap,HRX,Black,Free Size
065CC9B1F72E85D0566D5F7E0D25948E9C56B65B805154BDDF04A49645E8CA7E,Accessories,Cap,HRX,Brown,Free Size
FE1886170C05C3C106518C0A9A674682505522784F200407030DB975CE72455A,Accessories,Cap,HRX,Green,Free Size
C599726AAD47E11D2F717BE51F73C3C9E4736A3C7E2FA699F004EBD8D5599EAA,Accessories,Cap,HRX,Grey,Free Size
14659D7A7DE12C1C251B16BE5CB1BB12520220D9AEBC7989AD6A669A3FB04475,Accessories,Cap,HRX,Navy,Free Size
32EDBCE1DA34B7E803873BC31B20C8A1D41884E0D77E87B0261E89087470921C,Accessories,Cap,HRX,Pink,Free Size
6FEBA13CCA92FD4F3C05B93BEE4E16113A49A4B09FD1E3FA82D89D5814121AE7,Accessories,Cap,HRX,Red,Free Size
EB249589F125D47B637EEBBE562896468E63DC513D8091A8BC35FC8D04A90ECC,Accessories,Cap,HRX,White,Free Size
D9475D209972DEB05C6B8186E5443DCFB998CA378A191788ADC00E586827CEE6,Accessories,Cap,HRX,Yellow,Free Size
85ABAFCCAE590C11E6C95D2BB9B05BF8B89C3C5038EE75A5BB55AABD6EDAE88B,Accessories,Cap,Levis,Beige,Free Size
9B53E68ACDF3D2CD7D1F66A52E7F8C4186AFFDF96A2FCD3AD27C33FE0CE3F9B7,Accessories,Cap,Levis,Blue,Free Size
834DDB15A5AE9D9F6D599F720C6CDF6FB5ECF12F56C7FB334135EC91495AA71D,Accessories,Cap,Levis,Brown,Free Size
C9E68AE865A9B7163127DFA0C66F5F2888AF7E3D2C44E990FB479FE21EE03AA0,Accessories,Cap,Levis,Grey,Free Size
5740CE545ECA96956142A5376B1BD4098B253FDCD22E61EAAA2F9E8FBDEBF64F,Accessories,Cap,Levis,Pink,Free Size
3AD1817B078696286296A22C734D328560DAA8540ADE15D2C4367AD95D3A1331,Accessories,Cap,Levis,White,Free Size
131E4EBE07AA61363FF924D36715D34CC38C78476B67E5C38B03729D3B3390C1,Accessories,Cap,Levis,Yellow,Free Size
64572E6A47B8600B7DB7264731412356297F505A05878785FE2779B6E6BFFC22,Accessories,Cap,Max,Beige,Free Size
8ED7C5A9348DB3C4AA3AC924322A57206D69C24755E15B26DB113733A3A59FBB,Accessories,Cap,Max,Black,Free Size
3E3D0701FB835F8BFE2D9DF4D46492749AD4FB516A811000CB13DAAE30B59B09,Accessories,Cap,Max,Brown,Free Size
6C2F268119291ADFBA5EFE162921F3DEB7F7C286A3AED08B60974378BEC1BD1A,Accessories,Cap,Max,Green,Free Size
C85850E4248C2F46302192632919DD1CC32DB67E1362ACB3F677A74A95629955,Accessories,Cap,Max,Grey,Free Size
BC42E15F501404E1F3CEA8063417E75456E789BCD8437C0EE5506A0AA9C14465,Accessories,Cap,Max,Pink,Free Size
18A428219EBD6C8AB02B9DC11822E4E54AB0E92F000610BB3D392F1D79954CD9,Accessories,Cap,Max,Red,Free Size
0D76E41579E4B806FEC866D85BD65D48E4532A972B529A01F3F05D954BE0E7C5,Accessories,Cap,Max,Yellow,Free Size
71D8C88E22CA0BB334FF962F923B16243276DF543DE36AC15E91DC69273C6AC4,Accessories,Cap,Nike,Beige,Free Size
F751533241191704440C1A6A06787D7DE81FDBAC1E3514E75A991F15A0C37E8F,Accessories,Cap,Nike,Black,Free Size
25B4E124FD79E04379D74F38B715CEB109CCC9474F7C3BAEC700BDA5783369D3,Accessories,Cap,Nike,Brown,Free Size
4EBA6CB7ED2C096148D57DA1A392A40890ECBE1F2A2FCA270F544F15907E463F,Accessories,Cap,Nike,Green,Free Size
7BBDAFB83D456E57B2D05C6C47754247044FB126BDB3530D8D1F2115EDFA8AEA,Accessories,Cap,Nike,Grey,Free Size
BACA1D6701A1C0AADFE10E80699E2AADF0AC2B073D8AA04AB15927B877ED9333,Accessories,Cap,Nike,Navy,Free Size
1054E0655A8830606545E4D461972FAEDDE826FF0F64B2F36F9C2BD7E6F85234,Accessories,Cap,Nike,Pink,Free Size
C5323DF9BA1A1BBA935812714321927FECF45A621D7CF0E1CAF661E58474A8FD,Accessories,Cap,Nike,Red,Free Size
70B6971C3020378302E7F233D6711FEAD44BFF05519004A4DB180A6263398F3E,Accessories,Cap,Nike,Yellow,Free Size
284CF9E625BC6848F9870DA21F64085FA3D487E24059306874BE046A936388E7,Accessories,Cap,Puma,Beige,Free Size
0DF0A750AA49AC7352ADF3AB6970E93CE6CC7416089BCEE637674B4310020DC8,Accessories,Cap,Puma,Black,Free Size
3092C443BB5FFBC7D6BF17C95455B6C8852F415A37E394007999F19E78F54436,Accessories,Cap,Puma,Blue,Free Size
187D50E2F29739575F1AD6A14A260F0E379FB9530668F9A32246F8557749F264,Accessories,Cap,Puma,Brown,Free Size
3956F4284D4D5A3FC55E4552E78E6111895E9F8805816A6AF17ADBC5368B22DB,Accessories,Cap,Puma,Green,Free Size
9E3EE0110642AA499B31618843BFBC27EA2CDAB6DA28498D7CA2578EB13BA467,Accessories,Cap,Puma,Grey,Free Size
1B436D3FF1771B5D84BA9D81F4EDCE0FCE15E41427E399C5B0B1F2FADC49E9F7,Accessories,Cap,Puma,Navy,Free Size
48C08271779517D25127C1E6325247A700BF018C7D11901BBD618A3942993876,Accessories,Cap,Puma,Pink,Free Size
9322710D6B12ECD9C0D071E29558499062BF71760A57E35D09540E3AD3507138,Accessories,Cap,Puma,Red,Free Size
CC7F6E04D9C049F0BC594C284C2BC3D993881AC7B0CFF815440741B6555036EE,Accessories,Cap,Puma,White,Free Size
71340EE6BD5E5B00636E009145D3987FC3C6C4809F2F87D6FB9AD20F5597B4FB,Accessories,Cap,Puma,Yellow,Free Size
1B79156FE69F190F351939E7C18F1F38FFA5FBF80C0B7A22BDA3FF8D6100B28E,Accessories,Cap,Roadster,Beige,Free Size
5B462CE2B9E5D843D814C756811E5294797BF6B77A344110120ED521E6936824,Accessories,Cap,Roadster,Black,Free Size
84B6A75BE1198CC133ABB431E3382D5A09D2CC20F5C81AC03582135580FBE214,Accessories,Cap,Roadster,Blue,Free Size
6C3508D052F74D91125EF59694940F63D9295E3AFFA0800106562D187BE1CB46,Accessories,Cap,Roadster,Green,Free Size
E9B417B00583250F046DB73655592A440D97012BBE23C20C681E19B6CCD516AD,Accessories,Cap,Roadster,Grey,Free Size
3FD3997568A2CC789ED436688EA1D4A07165662187B03FABB2ABC33B0D88961A,Accessories,Cap,Roadster,Pink,Free Size
7BE08DA68AFDBD8E3CFFE26EFC605D8C8428D8A19E6C67A6882BB3797412627B,Accessories,Cap,Roadster,Red,Free Size
E5A260BE46EB2FE8F23B1D267F6B72792AF5F6389562CF27617E0DD419A295A6,Accessories,Cap,Roadster,White,Free Size
5BE874AD07934DB9FA6F5D86AE3AD9453C67EEE6145746A788FF480362519B13,Accessories,Cap,Roadster,Yellow,Free Size
6DF006D072A88E63F24F2040A568EBFBFE1E0DC30E531BEEAE8D67DFF5A8525A,Accessories,Cap,US Polo,Beige,Free Size
D28B895242E8317B54596A3479A4F2586544FA0ECF1F771E60CBCB35A717915B,Accessories,Cap,US Polo,Black,Free Size
9BF365A7F08FC619564D7F3BEE07EE120007768F3FAF9D57C0511C2C2D5E2578,Accessories,Cap,US Polo,Brown,Free Size
2F361532500E19F64BC083FAA652E2CA3C792CFDDD527A4BB70FDEF0EF9B611C,Accessories,Cap,US Polo,Green,Free Size
3DEEC749349430416F58B05808FEA0AA4ED192E9CB8A01C66AD14A87D57B102B,Accessories,Cap,US Polo,Grey,Free Size
BC5FC3D786C53D16B8321E2FB54533235973DC2CED9D630DBC5C09327294E212,Accessories,Cap,US Polo,Navy,Free Size
074173E3D80462D1F37D47990D7A65F16E99C277D6F1372DE37414E645D94481,Accessories,Cap,US Polo,Pink,Free Size
57FEE74ADC650F2708EDE8AA9BAE5755D2EB28F0F28AD10679A99459515C3B45,Accessories,Cap,US Polo,Red,Free Size
51F82E767307C9333A09B434BCCBB5A463C41FB1B557D28BEA1A6BA0A0D39C4E,Accessories,Cap,US Polo,White,Free Size
631CB7B37E16C8FF5AD27695823F70280C1E88F0545A09F7AA93CA3BEA2317B3,Accessories,Cap,US Polo,Yellow,Free Size
D5D1AD584D0E8D667C797A3490C8E326843D5BE95FEF76F24433FF47C0406A73,Accessories,Cap,Zara,Beige,Free Size
94CAD6F9C7ACBD071265A804854914ED6F92749C5F723BB048333BDF1BBED2B6,Accessories,Cap,Zara,Black,Free Size
F9886BEA401BB5B955B286319516A5D10A78AF99284B5F0D3714D49F72EA2817,Accessories,Cap,Zara,Blue,Free Size
595B15070CA639A3A07BFF8BF6918E405CDD178D9FC9A76CD83B21C9BFB405C8,Accessories,Cap,Zara,Brown,Free Size
48EBFBA05E18584F2C0D031161A2DD4B8A228B1B6F6AC89D9CB7000A407CBD3F,Accessories,Cap,Zara,Green,Free Size
2687A657EEBACCB82A4A52D59A91E2B8109EC473B2726F1BFB2FCAF617B7B93A,Accessories,Cap,Zara,Grey,Free Size
5DEABE263AC27F93D0220E0E28E85679B2EE6D71F087BDB4BAA80AF5546D1BF3,Accessories,Cap,Zara,Navy,Free Size
F0CA81B08DC1F2886C5736B4EF9C7420AEAB8EC6D3449B943BEF92DB5EB3A704,Accessories,Cap,Zara,Pink,Free Size
8B9AA8C86CD4177BA8F589921DB5B16177B47AE2AB9FED6462AAF5FA8D6DAF43,Accessories,Cap,Zara,Red,Free Size
C1E55D9EA96398295A8D867645B5972E556E387DAAACCC3B1D7E970464D944E3,Accessories,Cap,Zara,White,Free Size
7BC7C3ECB813D4CEA92C2212D1C563827997E9BBD0E11F4232700F4F32DAFA63,Accessories,Cap,Zara,Yellow,Free Size
9C6E15D19FC25FD87001EB4FEC17777DD3E481B399F5915D74A2433513584675,Accessories,Socks,Allen Solly,Beige,Free Size
939AB6C17A961BA55B4F5AD6A94A3ACF13444DFC65E96EFFF0A6F9D6310FE0DC,Accessories,Socks,Allen Solly,Black,Free Size
69A222B6958A8A21FCC4E693C16FD67D9DCDD0C89E05A272526A53B753A224B3,Accessories,Socks,Allen Solly,Blue,Free Size
9005B28B9B1FF0241C764A09AA158F8AFC625E440662ECCFBCE1541F77BCD0E9,Accessories,Socks,Allen Solly,Green,Free Size
579B5CC87B74989ECEC13A80ABD600177A232E35CFF6379D61909E060A8DD74B,Accessories,Socks,Allen Solly,Navy,Free Size
0FDCBDDAAE8F0440E33CB9210B3BABB47C5706855D2F537A36EBE921BD725875,Accessories,Socks,Allen Solly,Pink,Free Size
15C2D858E96B7141866359D4AB99A3E51F701EAF74403A861E63B3C41C4C3C5B,Accessories,Socks,Allen Solly,Red,Free Size
B1690B752A51C40AB797255218CD1D45D4ED9AB36A7EF4556EF0953A39025440,Accessories,Socks,Allen Solly,White,Free Size
E849B449E5E7004BFC55C1A7D9834C10F9B8BD6DFDB90257C37B6BFB69CEE793,Accessories,Socks,Allen Solly,Yellow,Free Size
C276F73383D5C5D1C9ADB74FC0B20797DB845E6C859D06485742581D78F34691,Accessories,Socks,Bata,Beige,Free Size
E08EEDA3376D91255EC87A0A1A18323C74667E2A3A6DB7577D57296C0D58CFEE,Accessories,Socks,Bata,Black,Free Size
1F19BC8D8F187B148A2BE241602FB91E21959688AFF62010A71A154FFB0506AE,Accessories,Socks,Bata,Brown,Free Size
0C3C48D65EEB03926A09F31B11701C6BD75DFA113A9509A73C0652AC1426A8DA,Accessories,Socks,Bata,Grey,Free Size
946ABC5F7B2719732A9A9FE35087E4668432C948AB1F35038635497DA8080BD2,Accessories,Socks,Bata,Navy,Free Size
BF34F89B3F50578DF7B3A0349934B62820532A78089C9324E4A94F760A20FA38,Accessories,Socks,Bata,Pink,Free Size
3EB0C0267498D94C778E113DACD01F0FB412D4F58B83D6A15DDE92ED69A4A7DC,Accessories,Socks,Bata,Yellow,Free Size
27DD1E2475193485A7A9EB882ED64DA57334FC6080F4D670EB580C851BB1FC12,Accessories,Socks,Bewakoof,Beige,Free Size
A0CE8D25EA18073F6215E8FC4E84817B19762437B9358659794E0F0E6358D7E3,Accessories,Socks,Bewakoof,Black,Free Size
9B693731B53E0D9B8993ED29316AE2CF5DF63EF2DD6BE7787530EE0941E93FB9,Accessories,Socks,Bewakoof,Blue,Free Size
C306B8390DDE36E9062332CA0F4E17FC972912275D429524F4A53F705676B0FC,Accessories,Socks,Bewakoof,Brown,Free Size
E77D2AF0C83C0AC99C4C9781DB6CD8D8C4143E10FFA833A58FCC1576F18FDBC3,Accessories,Socks,Bewakoof,Grey,Free Size
FC28B1C7229891C36C6414A25A968ADFD92D45307CA1A66B48FFD480D4DEAB85,Accessories,Socks,Bewakoof,Navy,Free Size
35E59180E98AA6DEF50D3415D0B79C30333A127A5DAC50A21E76106A04E0FFF4,Accessories,Socks,Bewakoof,Pink,Free Size
B63A883C1EE5DDDE3A9BCB747D6AF569B6107D01E33AB65F2A1041D92D3D954D,Accessories,Socks,Bewakoof,Red,Free Size
3EE0A8CBF457163CB668C16C883911A9781E30E7BD2C8DC6DFC21F748CFAD093,Accessories,Socks,Bewakoof,White,Free Size
6566ABDCDEE2EFD17106F94B611A19E79B4B0F493BF3C1E5D76635E1D5BE954B,Accessories,Socks,Bewakoof,Yellow,Free Size
6F864601BEBA872B6A23576E42B91367E47FE8435C4FE410583C34D9FF4C8685,Accessories,Socks,H&M,Beige,Free Size
089953B4589F52324BFCA83B48C512989B411F248880CDC6FC47A963C45A0CEC,Accessories,Socks,H&M,Black,Free Size
BBFE27AE4BBF30FEFB50AE3825A5A4D1D134DD26A10145ABAFA49E23BBDD77A7,Accessories,Socks,H&M,Blue,Free Size
43F4DC77E89264C6181B27EBAC8784B775CF46FFA54E261BB6478932B592CB1D,Accessories,Socks,H&M,Brown,Free Size
10309E4506E45AE4B7C0EFA653BFB166190AB14D0C217E252F4D6C5C0E5E3691,Accessories,Socks,H&M,Navy,Free Size
4E1D5D8A445A8E2585AE22B46D3273317C5504A027135B631AC94EDAEF6CC642,Accessories,Socks,H&M,Pink,Free Size
AC38197D92E1A05108A944AEDE1EDEE66788AF35ACF961DF62AF8CBECF2673AA,Accessories,Socks,H&M,Red,Free Size
0BAF152BEC31976D8A42C3AAF940FC421460B0393C6E499F757E461CF3FCD061,Accessories,Socks,H&M,White,Free Size
7B30B68727B7A0892A69EAF0B0FBF8A134DBFEAA1B874D17E7708857786301EB,Accessories,Socks,H&M,Yellow,Free Size
57FE679339EF9BB6581BB0F1D08C59B78C9BDE835C674882E9E36574691D4A49,Accessories,Socks,HRX,Beige,Free Size
6EFCFC3934092101D9DDF9D0444EB81A112B23A84EDE36D8B5ED86C627125F00,Accessories,Socks,HRX,Blue,Free Size
665CFE8179185D928E8D04496BB5589F5EEF8B96C02C5B778939E9147FEBE931,Accessories,Socks,HRX,Brown,Free Size
71671C83DABD5E11F8AF1C8CE42595217CFC3EA2229FED7EF4ED46369A0A99BD,Accessories,Socks,HRX,Green,Free Size
8113BE941DD32B439B5E201B922288CFE56E1C54C8868AE34846D5CDCEE932C2,Accessories,Socks,HRX,Grey,Free Size
67A68A8F7FFA7AFA31EDA9E05A1502BC1CF936A2A5D4B56ED20D4E2E5783DD1F,Accessories,Socks,HRX,Navy,Free Size
0578F2EC84D3B85A7D541235F45D704D1F3A8BD2A7DA657E09E28E9594280AC3,Accessories,Socks,HRX,Pink,Free Size
AD32F1F65FA16CBDB574C66FDF767E7E81955B7F234C092A177B534C1CEE3E4C,Accessories,Socks,HRX,Red,Free Size
248BBEC66AD5ED37D907BAB9CC3C461A57C8E545758F57854C51C9A1DD8E818C,Accessories,Socks,HRX,White,Free Size
080B166BCF8368DC36900EDF1B3D85EA4C7089A364C71B2850572A6D5C6C0DE8,Accessories,Socks,HRX,Yellow,Free Size
3F63A0B4807489A57D83E9BC86F35178FBE6AEB3E11E4A9133FC29E9EE5DE48E,Accessories,Socks,Levis,Beige,Free Size
42B877F0C542B6650CF7787CE09FB83ACB731BBDBEDBB0A534E5649EC8330F21,Accessories,Socks,Levis,Black,Free Size
E3184EC01184FF83F81061D591ADE7266CC4AE5066AD956583C34493AEEEE297,Accessories,Socks,Levis,Blue,Free Size
E181F68CBE57B7C36EB7CEF51E50FD537D72A87429D37190557952573B026B39,Accessories,Socks,Levis,Brown,Free Size
98512E4D05AA264FE130F4010764E58012FF2C30E98B7A3F16E9832B54EAFD3B,Accessories,Socks,Levis,Grey,Free Size
BE080433824970587F0410FDD2AB6B49EDAD706C3661103DD8D397877F4331ED,Accessories,Socks,Levis,Navy,Free Size
5B403198E3894F2C799073F25D22D403C31F7CAFBF70389C880720DFA7E765B7,Accessories,Socks,Levis,Pink,Free Size
D1304F40AF3B0CBB24C68945F2547DE5DEDFD4ED2159F67C156E3678AC320DB3,Accessories,Socks,Levis,Red,Free Size
BB3A82F683F989290182DD73E102E22BCEF1DABA29B88824DDF184E1BDC1CB34,Accessories,Socks,Levis,White,Free Size
378E2F1725E1908863E67B044B62D24123115CA0B6D7247F6DB007C23853823C,Accessories,Socks,Levis,Yellow,Free Size
D3E478A27EFF758000505B8A91B3A148387F573F79FB25605EC1AA37715742F9,Accessories,Socks,Max,Beige,Free Size
60044A754FF88862EC957D52C26C550CF5C024BDDB8865539C4BA84CFA64E31C,Accessories,Socks,Max,Black,Free Size
E36A82345DF875F144A3DF57EE66FAF26F2C3F4B389BE74660446B87E323375B,Accessories,Socks,Max,Blue,Free Size
726D5FB2B70908267F49FF51516E4DC16C79073E85E5226186BAD0E67A6A7593,Accessories,Socks,Max,Brown,Free Size
7418665FD59FC38878E30461E42733BD2AC3CAAF17BB2B53E58DBF0A666A0E81,Accessories,Socks,Max,Green,Free Size
3816A2CDA62BD7E96167C5B5662718B2E0FB044AA22AB9CE3E90EEBF0D1FF35C,Accessories,Socks,Max,Grey,Free Size
4F7307EEA6F14A086A46889254FB92955A7BFA9AFB7C9D2D54635E583C3A1BB9,Accessories,Socks,Max,Navy,Free Size
94D62BE3B1AF75B2ECED59F25BA2080D65B38F4686D9DE11B6785747507D549D,Accessories,Socks,Max,Pink,Free Size
EBAE176AFB78460EDCB7CD86BCD00A18B10292F7348B562ABD2F98BDD3EA16E0,Accessories,Socks,Max,Red,Free Size
C9A1CE5341AB09A24D2BEAF71029A3DE3615A848458ED4BF63D5DB802CCB1D6C,Accessories,Socks,Max,White,Free Size
05E6191E289237EDF3302860D0682D0CA3E5C45B685FC564AA85C2808F6FDD3D,Accessories,Socks,Max,Yellow,Free Size
06EA132B2E711E63E2F5271F7831390D25E3F897A2691FC12532B1DA0E558FD4,Accessories,Socks,Nike,Beige,Free Size
05937921E757906E1D93DF3ACF2C797B4816322E070FF910E4985C8136FC5023,Accessories,Socks,Nike,Black,Free Size
FEB963EBB2EB8046CAE55DE6D4387CF2F941490F98634AC89DFC6301756F3C22,Accessories,Socks,Nike,Blue,Free Size
971F69815FC31221C63FBC1390C6542010C6290E5BAAC049EC21B3E0CD7DFB94,Accessories,Socks,Nike,Green,Free Size
8B273C9BE1B4CFFAC42944FD4E915BC8B52F0426ED460671380539F9D1D3C185,Accessories,Socks,Nike,Navy,Free Size
D35CDF19D34EE0421456CB64FB33CEFF3DC5C8D534636E68F6731A6B76BDE54F,Accessories,Socks,Nike,Pink,Free Size
DB91D184DB812A57391BCDF60605AB5B494E8F31E5CD35AC080C0332070ED121,Accessories,Socks,Nike,Red,Free Size
25168080AF9758E105D0080711CBA0787F535710C51A48EED4C71459328A167B,Accessories,Socks,Nike,White,Free Size
D0B3CFCB57C1CD7F3CC3503CF21A3DFBA27BB32807A2D53B9271B9ECE55CB7E7,Accessories,Socks,Nike,Yellow,Free Size
47A76304EF7C5B4694C44AAF1F9C1565E644B8713D7BC427346ED216BEE25DA5,Accessories,Socks,Puma,Beige,Free Size
6743ABDD07F67B8A3FCA3E99F4C9E223DFFADB9F40B7DD167FAD88FD196BFA01,Accessories,Socks,Puma,Black,Free Size
972785785847D065FC34F7B9A838EC339A96F82FFFD33ABF1A94B0A3AB602FF1,Accessories,Socks,Puma,Blue,Free Size
D81F93319D970F89B46D61CE14EE835900E65058C405E68462B0270A404081DC,Accessories,Socks,Puma,Brown,Free Size
D808BFC162825CAE05150533D33DA22588D36FEF6F54F01FFA59F025FEABFED0,Accessories,Socks,Puma,Grey,Free Size
E3DE29EDA62F87E7BF4653BED427DEDD05462197DF672A12A92EFC4247AB6ED6,Accessories,Socks,Puma,Navy,Free Size
F29E466EF8E01E4CC16A205C06DCEA95914C3C3B5A8302238D321A801D4D49D2,Accessories,Socks,Puma,Pink,Free Size
94449011016D7D0DA88104B29B528A452C6640117475224A1E55554E3DBD0AD2,Accessories,Socks,Puma,Red,Free Size
A343C2553040EA87FA99A58B179BC5A4FC3164E689DA3C572CE55C64779F2E04,Accessories,Socks,Puma,White,Free Size
AA705E5E3FA005613FB3AC3072F3CA26F19BABB013AF05679F4575E2290DD00F,Accessories,Socks,Puma,Yellow,Free Size
E4C8852E8126385DAFAA808BE0A0D92F8AD2982EC609C1596B09FC7500E2057A,Accessories,Socks,Roadster,Beige,Free Size
765C39527BDD2D4CB1A311E8637212DEB50F4BD06552B8578158B97D325E7A52,Accessories,Socks,Roadster,Black,Free Size
22D83B68075AEC6C97DBA3EBEF3F71EAB5A7086D08BC20695B703692FC79D51E,Accessories,Socks,Roadster,Blue,Free Size
3ADDAF91B34C177F09A9E9E9080DB0AE5CD00BEEC7689B8E77198A40EE0D35C3,Accessories,Socks,Roadster,Brown,Free Size
AA4053935C7F61988360B58BC845EDE30980C81E88956A72D74644260746D081,Accessories,Socks,Roadster,Green,Free Size
B1DC748C91F8E31AF84537678C7E9CFB9630B0B9910526BB5473981792D9B8E5,Accessories,Socks,Roadster,Grey,Free Size
3B9783DF686FA8FD8C8CA57813015F6FDB47D3CB7954D344AE43947494C83B97,Accessories,Socks,Roadster,Navy,Free Size
03543D676AF6CC45C1C6438D673AC45B1ED965626D83E03702EB38304924F112,Accessories,Socks,Roadster,Pink,Free Size
8173F64ABA35006615179BCE066F1314B86CF9898737CF8ABB1BF22674331FF6,Accessories,Socks,Roadster,Red,Free Size
69690CFA00263CB7C7EDE702C825AC293D3E217E66B870ABDDD8070C1D7652CC,Accessories,Socks,Roadster,White,Free Size
263A34ECEB943D14E7ED5DEDE0E602944E088856B2C422C7CE2613D2C856723F,Accessories,Socks,Roadster,Yellow,Free Size
357890D421F4CF233E60D3DBD209864863B2F5AB4107C9BD9829545CFB3BB10C,Accessories,Socks,US Polo,Beige,Free Size
F960A3A97EF7C236D4B5C7AB8FD8C7C7D2BB9E29CFC5695AEAE5FAB4CABE77AB,Accessories,Socks,US Polo,Black,Free Size
D09DCE782F237B0267580A13C80D08D90B619F3986F0332AFB446AAD9CBC2D0D,Accessories,Socks,US Polo,Green,Free Size
07477792265D186700C031D00053B04BCBC0C9FDFFA859C0B65E5D96A7D43CA9,Accessories,Socks,US Polo,Grey,Free Size
38983B7FA5B56BBC7C0C27B24930DF9E966F5ED3DAE66C3884A53621F7292204,Accessories,Socks,US Polo,Navy,Free Size
53A187B8A03B72B3E52D5127632132B761388E3330CDAABE4DA61D8C0999C457,Accessories,Socks,US Polo,Pink,Free Size
688BF672B88AEF3F05BB99900BB334C7B027550759F89EA8ABBC5D20FB780915,Accessories,Socks,US Polo,Red,Free Size
4A39FDF27CCA006D1A49F96F9213D688E0EE62E55BAE3A43379FA6BEB95FB140,Accessories,Socks,US Polo,White,Free Size
46F9A848E83E801A74C5923B887DBC457FF33667F6496E3BC3AA1212780EC066,Accessories,Socks,US Polo,Yellow,Free Size
338820CF687AD56F5194B13A6A401D915B68A7001BFA9F6D914F06DA1CFBD76B,Accessories,Socks,Zara,Beige,Free Size
D24D811E7B36765C87CFE60CDE617A84950FBC3987B22D66412DDCBDDFCA1703,Accessories,Socks,Zara,Blue,Free Size
34DA8C2D22B36DF52115B653E6F0496E21744800D2FFD7751AE1BEE2CDCA18CF,Accessories,Socks,Zara,Brown,Free Size
56D4286E3E1671D1F0178752F798BAB771E27A45D1F0DEAD8783578687D539C8,Accessories,Socks,Zara,Green,Free Size
F3F60BD0C1FDB42C869008C56B3D9537E214A84524DCC1F6C3DB59DF6C9A9727,Accessories,Socks,Zara,Grey,Free Size
793B05387F332FCB47706C53B3D837525A3D42BD2529B7ED0858D1D25B67DFA1,Accessories,Socks,Zara,Red,Free Size
7144F7ADAABC5475C97C17182E358D126B1894E580397C1E105E19C78BDBD090,Accessories,Socks,Zara,White,Free Size
5CE4E33813955A9AC177A8BD1D691E40CDA38892DD326DE0675C9119D7E490AA,Accessories,Socks,Zara,Yellow,Free Size
9F933FAB5D7E0A75ACA5A0A9C57D8C076A55C115671727CF0DEDCE6275AF656B,Accessories,Sunglasses,Allen Solly,Beige,N/A
E2E70AE0F771A63C9F3BE0609E03BF3CA40729BC510EEF9E451A408ED7DF1923,Accessories,Sunglasses,Allen Solly,Black,N/A
93FFBF15580A9E9EFD3FBF557254A8560C271361E630BEC9C331CB4ED9EC72E1,Accessories,Sunglasses,Allen Solly,Blue,N/A
19D0AB4FB761FCF37C881DBD7A1D72A8AF143E90768039BACEA4FA051214C685,Accessories,Sunglasses,Allen Solly,Brown,N/A
410806695E9665A6C7B9CC48B8FCF77B071D079BE17E1AF5FB449386A98CF5D6,Accessories,Sunglasses,Allen Solly,Green,N/A
5655B20615BDFC8AAA61FE8B468149BB801E5D75E821A26E3DAD7BBA21395AC7,Accessories,Sunglasses,Allen Solly,Grey,N/A
2084854F8D1152B30D15DCAF1D27DA1BEEBB5C0309830A3F8C35CBE581CDDBB7,Accessories,Sunglasses,Allen Solly,Navy,N/A
66790ACF452A9389C07DF632EA3E61E309A9F499C9C87C9F3600C897B2172887,Accessories,Sunglasses,Allen Solly,Pink,N/A
28BFFAFA32B61D3272C1455C68CA958C45689F2756819C96970422F1B6460228,Accessories,Sunglasses,Allen Solly,Red,N/A
7DA87E7B7C9EE0B67650AC9F10311E2CDC1B2F61A74A28C3BB19A9EA20E817D0,Accessories,Sunglasses,Allen Solly,White,N/A
89F7A3DCD94A4E576BA05B03470C5E7620F39F147B2A0EDBF7FDBFD90F9BE9AD,Accessories,Sunglasses,Allen Solly,Yellow,N/A
EB45EAE8D61430368694F74C91BD06F832898CD207D7F4377D264C29FFED6C58,Accessories,Sunglasses,Bata,Beige,N/A
74F96336E580B03DB763EE7B6138AADD65B307DC06457337A62E878D3BFD36D9,Accessories,Sunglasses,Bata,Black,N/A
79BD8761351B3E6FBBCE43D42809E104E8216157B429988C2655D7DBCED3BE12,Accessories,Sunglasses,Bata,Blue,N/A
9990BE8EBAC6A45963689553377B1A0A14EB0DB52ADD93323C9D612F952FC251,Accessories,Sunglasses,Bata,Brown,N/A
109AFF6286186156455C1D6F7F9BA157B5D9454290688C2366F2677B67494189,Accessories,Sunglasses,Bata,Green,N/A
F65A8E648E02953924B1A25EE71D4855FB657103EFB1CB2792B2FA1F5761D9C5,Accessories,Sunglasses,Bata,Grey,N/A
0F15FA8D7AF253804FA9F92B3B4B67AECFD3EC6081196D94C16E812272D76F04,Accessories,Sunglasses,Bata,Navy,N/A
EF743065B49B76CDDC60FEB311A8DD66C73FCF866DCF385C1133F79ACA510C57,Accessories,Sunglasses,Bata,Pink,N/A
617103DD8D6F9615B4D76F73798C6E459842391E7B6DAED9AF708C490A269CBF,Accessories,Sunglasses,Bata,Red,N/A
FB0463527DB52061FE72D49FEC0F276F9DC626A067228D810C97DBC7BA104BFE,Accessories,Sunglasses,Bata,White,N/A
54B70E3D1F0B82B486AF9036AB2CEC849F588FC6CCC160201BD47EEFF6D426A0,Accessories,Sunglasses,Bewakoof,Beige,N/A
9AA91F0A7E6937EB84FEADBC08D0BDFFD1025798EFF7A7D15C7130D35631BE79,Accessories,Sunglasses,Bewakoof,Black,N/A
0485FC91F4FA21D6272900ED0F1AE7FD39D080CA2B2D62DED0027A844EAB030A,Accessories,Sunglasses,Bewakoof,Blue,N/A
C1AEC22F68FA62B16EA4F6E9BF0B81E908137852955DCBA37CAA99F944690751,Accessories,Sunglasses,Bewakoof,Brown,N/A
A37A3848F7013C881A088C1DC79EE6BF84E4531CE3EED44708D1FBCB47BB25B2,Accessories,Sunglasses,Bewakoof,Green,N/A
DDC1FE235784860D201BC0F740F9E6D7022AC04E2E4CC9950780F43246FDF9CC,Accessories,Sunglasses,Bewakoof,Grey,N/A
78AB10C3D1B0FE7336BBB2FD4448FF7CFB86029B6951CA0B2C7D36C4B69A30D2,Accessories,Sunglasses,Bewakoof,Navy,N/A
F4440A631E4E7338B2AB5336AF801553D69A611124FDCB705C52D49B7CA1F25E,Accessories,Sunglasses,Bewakoof,Red,N/A
A9F0255696BD63A1E77C802F3E00078BAC38D8643A9E49D40AFFA8B97BEC953B,Accessories,Sunglasses,Bewakoof,White,N/A
208B005869B82613E367E74C1961B945F4A07BB0A23D1144C70C1259E7057844,Accessories,Sunglasses,Bewakoof,Yellow,N/A
92E6002A42450D70C0755D2A54E56AD8990CDB57A000D9339E3D1F544251D394,Accessories,Sunglasses,H&M,Black,N/A
3349E936A36C43BDE98B277E243EAD6D73D37F4F7564DDB3C7FF5666B10E5121,Accessories,Sunglasses,H&M,Blue,N/A
82C92BD486826E850941C1159DC890034040E183DE40A7C62D31200702424F25,Accessories,Sunglasses,H&M,Brown,N/A
20CBB0FD741F4411B0EC441DF07562FFD4883CC83AD5E073C1D93D6DA42CBC00,Accessories,Sunglasses,H&M,Green,N/A
EE257BB76FEF44C0C20B927E6E56E892AD89A4FB6C7782DBD02A99E5BEC11F41,Accessories,Sunglasses,H&M,Navy,N/A
680E732AF7EA5CF922E22C0D0DB0BC2A87FB8C039C291E39701FE90ED7AD35E4,Accessories,Sunglasses,H&M,Pink,N/A
6B103C09918DC8D17369669459F7C5C818ACC80CF376D214ECA573E58A3DFF86,Accessories,Sunglasses,H&M,Red,N/A
4EB7F21E0D00E16B8BEDDA904F744364202E31C0FE3A223BE4A9FA329B19E10C,Accessories,Sunglasses,H&M,Yellow,N/A
2BC1AA3C8BFA643F2311AB81C3B3A38194E42B96D250ED060D61863891D498A3,Accessories,Sunglasses,HRX,Beige,N/A
19E9CF8EEF32A6AEB06A834C816EA11DF29B96BD7323E08DB11E9429CF3EE7A0,Accessories,Sunglasses,HRX,Black,N/A
62A7EFD2D7DA3D0C3454EFA23F5EE61568D21864D8493FEC95EE19B38F157EC0,Accessories,Sunglasses,HRX,Blue,N/A
607487C79AF32B1D1AE24E2E9DDA142F71CB633FABD5CEE84A93BCD7D56CA48C,Accessories,Sunglasses,HRX,Brown,N/A
E5A5731E0164C46B067BA089B78FD8A344F519AD85ED69B947150F0AACB4D040,Accessories,Sunglasses,HRX,Green,N/A
C5310EC0B0F81F6965B6309364A8DD3361436A9BC4E2A1772E448F6462503A5E,Accessories,Sunglasses,HRX,Grey,N/A
5F00D5004D3511DADAB1769BD08E9A3C2B2AEE0F0FBFDAA9A2733A0E902CE773,Accessories,Sunglasses,HRX,Navy,N/A
94E749C277AA336790FDE29BEEFCDAF822BBD28081B01A1C904FB4E110BAE228,Accessories,Sunglasses,HRX,Pink,N/A
C4142B723E9B06DC3A6B102D7F8A3E0E7D8B59840E447D85A8F0F8A15498AF4F,Accessories,Sunglasses,HRX,Red,N/A
5982C2A6CF89F95C4FC7D1CB191613332A6C7CF5D386AE4680482784DF7E907A,Accessories,Sunglasses,HRX,White,N/A
D731BF78DCCE768E0CD0090A30C39DF52CA19DE9B6BCAE3CC13EB02947D7277D,Accessories,Sunglasses,HRX,Yellow,N/A
73F0E990207C586511CF6141566F52A3CD9DAA3C228AC7CB255036430ECC826D,Accessories,Sunglasses,Levis,Beige,N/A
F9B14495A99E9279605B28765F9114C698C7D859E9172BBCFCA1367CC22B9F31,Accessories,Sunglasses,Levis,Black,N/A
240EACDA72D11101246B78B62C7D079DDB48FBB484D463BABB0759FB5326579A,Accessories,Sunglasses,Levis,Blue,N/A
06C171CA0B6B78324EDD24861C6E056E554ACED793E446D37F12952738FC8838,Accessories,Sunglasses,Levis,Brown,N/A
F930D79C5261D65FDAAB2472E44E9DFE02E48C124F6BA6DD858A167DF06F371D,Accessories,Sunglasses,Levis,Green,N/A
C9286596CCE04D119CBA6DD38B653A8702092EE027928AC375D47E2F2E721362,Accessories,Sunglasses,Levis,Grey,N/A
0F5DEB904E2132C0CC8D4BA17011836A30E84CB6381B8667D0653C85D46EE791,Accessories,Sunglasses,Levis,Pink,N/A
20E92D079FDB18AB0C34E42F1829A936EBD18A54E74FFD473D0AA6A19DB98C7E,Accessories,Sunglasses,Levis,Red,N/A
45E4B03BEE15522B1C897903AFC3EAE4EF2CFA09600AD2BD66852F878DA4EF8A,Accessories,Sunglasses,Levis,White,N/A
63CA210CC722EFE0E5AB9313CD803EBB3672C729125B8E02C1CBBD3991008C08,Accessories,Sunglasses,Levis,Yellow,N/A
0A14CD04107160066E68D21EDBBEB6FDBFFAA28D65389B261DB63B2EC1C0CAA2,Accessories,Sunglasses,Max,Beige,N/A
E73E1362E31B4A91FCEFC2A60D1976609D52866B5BA18875A6E78D0C1346135D,Accessories,Sunglasses,Max,Black,N/A
5619432157FAC5DA6D348A37A4A6E38CDCE93FB9D5C654951C22518F72D1891E,Accessories,Sunglasses,Max,Blue,N/A
74C14A09238A9A4CDF5C79520D45276F97F6B0907D50881EDC0AFBB23C3B337F,Accessories,Sunglasses,Max,Brown,N/A
D79BD1804F3D5EDE3C4299547A17990E377C0D0285ABEE844AAF6FFB12E4C375,Accessories,Sunglasses,Max,Green,N/A
4C8B0196DCFD14C102FFACE6E51330A15555AB8C3D80C607C3251ECC2B187B3F,Accessories,Sunglasses,Max,Grey,N/A
E271B3BC717D710B575B273D3ED785255BDA778CA8F40F93082EFF66517385D4,Accessories,Sunglasses,Max,Navy,N/A
23BB145EB2A51C556224C09C8BF0E32B30803BF471664B77785961FC862948F5,Accessories,Sunglasses,Max,Pink,N/A
5DC29DB5AD3EE4696E4F3D8629D97C9F16F06603A964487B7AEF0204FFB3B855,Accessories,Sunglasses,Max,White,N/A
EBFCAD2DBFE6FDC5325877BE5D1F03EB2383102CE685B5E68456C55B8B60C2C4,Accessories,Sunglasses,Max,Yellow,N/A
66A7ABB60B10990AF7DBDF42B834DC779D33DE9A5E47734CF56774E2FDF10C0B,Accessories,Sunglasses,Nike,Beige,N/A
F05A2179B845F0C591A8DD3FBAE573AE98FF1D5846D3758DAAF6D7E0FE16A931,Accessories,Sunglasses,Nike,Black,N/A
A9EC3CE99A7452FE3B4B42545D2F8A9D665C830CDE40F3FF13014723542BC70B,Accessories,Sunglasses,Nike,Blue,N/A
6028FD3ECC3AC90628ABDCAD26486634C64E1A91A63DA382C65935F6AA0E3F8B,Accessories,Sunglasses,Nike,Brown,N/A
079B74F525D7EB0A3626A8C3D8697F5FDC307EEEF9F1E49345BEF59B5F1EF360,Accessories,Sunglasses,Nike,Green,N/A
7446F2EB062AF8F3009C0A82D788E68A261039412D0C11D89133B367381764A0,Accessories,Sunglasses,Nike,Grey,N/A
8F773CFB964C1EB738230D0EC4634F2B7E1ED806ED95048A5E457565E4E4569A,Accessories,Sunglasses,Nike,Navy,N/A
D5670660FA5625B2FDEAD1D2BAC5B89200686599B1AA6BD61D46C6E3A5056BE8,Accessories,Sunglasses,Nike,Pink,N/A
4E52FC6E2B031A28A9DDD3B1A027A92BEE495AACD541F811488AFA8CE1A9A50D,Accessories,Sunglasses,Nike,White,N/A
3FC73C9AD73DE73593CB3DEB7C8E5886C4E8691075412DD47EBE087B83B7AF93,Accessories,Sunglasses,Nike,Yellow,N/A
34055061E654906FC3A9520F2B83488AB1CB199351C02B03E5B293F2432A795E,Accessories,Sunglasses,Puma,Beige,N/A
4175F6F7B0D5EB2EAC518B861258CE81C11D44DCC654E16CA4BC222281557A8D,Accessories,Sunglasses,Puma,Blue,N/A
08591B5D6AECDF77C6E5BB0D22AB814C8A8BA9148327A8B6344CF635315FD011,Accessories,Sunglasses,Puma,Brown,N/A
64255D303F28B27D2F85DA46E3C59FCAB6D5E8CD2A5DE57D6D7FC970840B8F61,Accessories,Sunglasses,Puma,Grey,N/A
317CAC270D62F369F27DDD30AE0F0A34E010B7D1738C168A29DA887B106721F3,Accessories,Sunglasses,Puma,Navy,N/A
9F7BA0EEB7DA5B849BC31CDD48729AFCEC571C2DFA9EB7549D666FF0E17E236F,Accessories,Sunglasses,Puma,Pink,N/A
6D200E0D44AA243251C9AD79A5A8FF6AD889FEE7FAB2B264354752557B0A0F14,Accessories,Sunglasses,Puma,White,N/A
21BDB72DD48B513187435EF61777B94386EFCAEF763F7560C222798A917109BE,Accessories,Sunglasses,Roadster,Beige,N/A
745D24418B793D086EB05CFC3C8C8E823B504369E87B8C8514B1AE8D323F4FAF,Accessories,Sunglasses,Roadster,Black,N/A
21A09116BBB0795A9EE1FF0A32A801A119F67D54B2E2AD22C26BC251E2FFBDD4,Accessories,Sunglasses,Roadster,Blue,N/A
08D88057B239863E89C4478F38B2AB7B7A063A43A44548C56ACEE2F1FA663192,Accessories,Sunglasses,Roadster,Brown,N/A
2DFA74F642B71DFD67C5076909A64B81281078AA1950B63B97B5D80893E97993,Accessories,Sunglasses,Roadster,Green,N/A
17896088E6EAA20E83B44C34CAE9E6E29D94ACB6EF2D295C27050B98E59F4D67,Accessories,Sunglasses,Roadster,Navy,N/A
1542DC75863CA079CC7EA5DCEF448F61B43BC5AC09B1E70D2C15D1B420A1CDDE,Accessories,Sunglasses,Roadster,Pink,N/A
3A0F7F449071B3CEB6241E99A11547F36DAC38A03DF466DA205C4C13F0AA47D3,Accessories,Sunglasses,Roadster,White,N/A
82406CCA6FE7769B091EA39CD05F30152548DD14EA60F3FE5507E435B93CA00E,Accessories,Sunglasses,Roadster,Yellow,N/A
7CC1A60C90D5E5A96F6BF84752D46D386FC46FE82EA2D0D743C5DD0985C04A0C,Accessories,Sunglasses,US Polo,Beige,N/A
72034C8AFA4906E6F4570AE977ACFA7EB5B7B21EAA2C5C7B7B28033728BF70C3,Accessories,Sunglasses,US Polo,Black,N/A
D6551FDC5F211DDEC1CAE53A9EDD1215887EE593057C382A67F96A5AEB3FF0D0,Accessories,Sunglasses,US Polo,Blue,N/A
C7EDC8B216CE30460CF678792E725693637323709A5449B475DB7D9E0C193FC7,Accessories,Sunglasses,US Polo,Brown,N/A
3C7F32062F8082520A64AF3252F639D1A1446C5402D9F2AB53CA11126DDDF005,Accessories,Sunglasses,US Polo,Green,N/A
840AE3EF1C507C77711E24265BAAEA47A27B0A88D468D6002353A1898E570563,Accessories,Sunglasses,US Polo,Grey,N/A
381D6954010F3053C72A2FF7645EC2C6FBF8F500001CB32537142C02BD2B7CCD,Accessories,Sunglasses,US Polo,Navy,N/A
502A451B7EE2A789A523C1765826483E079E64AB46F9A5ECAF20E4B38FA5AEB7,Accessories,Sunglasses,US Polo,Red,N/A
36BB35362320031F5D057C1918C0566F401C9D87419C0CA68CB8B97178725B09,Accessories,Sunglasses,US Polo,White,N/A
59E951F7E796F014950837001D6A0F0FEEE6FA7923A7D221115B9B61890ACF12,Accessories,Sunglasses,US Polo,Yellow,N/A
FC0699546947278BEB7837084E4176F5C174C13C525A1958A45B8522B442A371,Accessories,Sunglasses,Zara,Beige,N/A
4D3A9F15A3D0067B038CC0150271E1B08FCD0DC8EFBE80A45A719BC800A161A0,Accessories,Sunglasses,Zara,Black,N/A
AE34524D280DF8416DF94E3E0F3D40D3ED88019FDCEC755B76505306CF8C4D41,Accessories,Sunglasses,Zara,Blue,N/A
B11F090FB36F477BCF1C6B4A059394ABAB151EEA94A1A5E4A872B23347A3479D,Accessories,Sunglasses,Zara,Brown,N/A
4890DC93986FB840F96DDDD5C6092948BB169ABAE88DC56FA8A03F2118E3BB30,Accessories,Sunglasses,Zara,Green,N/A
7EF818046FA0C4D941198540E951FB40B0D799A718D745B572738E7521F8A820,Accessories,Sunglasses,Zara,Grey,N/A
3C6551E8EF9AEF71163E851D9079531E15334CE8D65787CA31C1CE4A9CD6948A,Accessories,Sunglasses,Zara,Navy,N/A
9F62D3C2001541F5F57E453829735BE3B0B85ABF8479BF7695223664E78CF24E,Accessories,Sunglasses,Zara,Pink,N/A
991E68F05E8C9D03A92285F4A9421F7AA2BBCB3D9CC094375CC6A9812494F5F4,Accessories,Sunglasses,Zara,Red,N/A
A8530688B8E7600179149007BCB8F4F9DCF7E703FE51D01A99A71075C1A5D4A8,Accessories,Sunglasses,Zara,White,N/A
067A6E04CAF8F2EF1C72B00156BB3026836AD08239C1395BB73D530CCC38262F,Accessories,Sunglasses,Zara,Yellow,N/A
58732FF1277CF2C3FAB0EFD5B960B01AE2489F9C62E2AAEB89C6F05A383D41C9,Accessories,Wallet,Allen Solly,Beige,N/A
1091714F66CDA24ADCAADBC13E36F9011400917B9D5AE75907920CB5E5C43747,Accessories,Wallet,Allen Solly,Black,N/A
3B8265F71F404EC3C857FA96734B8E98BA24361D0FC5E7B5A15A26D6893FD94F,Accessories,Wallet,Allen Solly,Blue,N/A
8C6F947D66EB099B405CBAFF929E1AFA2CEE0B7FC394FCEA550A2DE2B1040437,Accessories,Wallet,Allen Solly,Brown,N/A
FF095CAD6DFBB1B43F3025FC97B703B01A3CA5378CCBBCD9BE92ABE2A5FD192E,Accessories,Wallet,Allen Solly,Green,N/A
3CD2E1083812079A1C565273D39F8AE03353471804B1D4DA8327C3D26E76508F,Accessories,Wallet,Allen Solly,Grey,N/A
67C77CD45B803E38AFD3C9C431EB9E290C6BB3ABC24EAF2C64339372376A36ED,Accessories,Wallet,Allen Solly,Navy,N/A
EDD55FCD809A7948541070CB1C2F251CF73F6E60B2D2DD45921C493A6BB00E39,Accessories,Wallet,Allen Solly,Pink,N/A
4C58E43F61C5B5008C5F5D9A416A80015CEB31508D1EE0A31B41636F04BD4979,Accessories,Wallet,Allen Solly,White,N/A
8F1010A12F5A4E9177BD5A0845B4F7FE6DDEF769D6C2CE37A18BC2B43922F812,Accessories,Wallet,Allen Solly,Yellow,N/A
F4B6AE1B2160C5309B625A8D42A6EBA1F509B7F8D5E9A7CCF9CD4753F3FB173A,Accessories,Wallet,Bata,Beige,N/A
45D9D9318BBB57B2F07A8AD715DFCD3C8158E7E5D87875F0CED048FCE0A33712,Accessories,Wallet,Bata,Black,N/A
815F37EE2EBF597EF792D355046500A10E2336B08A8B12C51F6831164BA17B38,Accessories,Wallet,Bata,Brown,N/A
E6BEB7B8FE54C7452E1456D047BC578C59B63BB2D10EAC5FC3C241DE9F2D1921,Accessories,Wallet,Bata,Green,N/A
6B9A6C908C981F86AD5A0003987E744DDE88AAFF4770CD8D8AE355AEE7794380,Accessories,Wallet,Bata,Grey,N/A
90F41B18CABC33440B6200FF139D0A78DFFB8D281431EFFC73DA602DCA92595B,Accessories,Wallet,Bata,Navy,N/A
F301FE9851A932AB7881A6CE7E1ED127D88A92A47E99955A867C6614221DDE47,Accessories,Wallet,Bata,Pink,N/A
90763972476FA256B2FFBA5FE2BCA8A999AFCD5EF09E7BD65E5DFF5E332FFC93,Accessories,Wallet,Bata,Red,N/A
AFB635199DAF42AA0E11BD8B1EDE18965FD431A1A63BE872DAD1BD80B9EC811F,Accessories,Wallet,Bata,White,N/A
4B413EBC4610A6263CF31C4BA1345144E6BB9FE50EBF01034D0D914596DF616F,Accessories,Wallet,Bata,Yellow,N/A
328607ACEDCC3A9870C235E2099514CBF55C780DEA7ED90C9783CF17D0C29AB0,Accessories,Wallet,Bewakoof,Blue,N/A
7D64956A85D10B548F9EBCE008E87A5B981521FF76FB7A0B77F4336CFB5C01E4,Accessories,Wallet,Bewakoof,Brown,N/A
B82080C4212853E2F6754819E1BB0EADA71B2C6E80232E3685CF2A465A2E5BCC,Accessories,Wallet,Bewakoof,Navy,N/A
8A5E178CED6A620B7BABE14D903A16BE53B976522748D5737A5B681DCE847B89,Accessories,Wallet,Bewakoof,Red,N/A
42B55A0E165AC73FD703F3694B87BA16BB9BE3789D715850AC0BF3920A7A644C,Accessories,Wallet,Bewakoof,White,N/A
0F0EF28D5C5A8825033A83F710A338EAA1D217D86CB340DC21B90BB0C7270EAD,Accessories,Wallet,Bewakoof,Yellow,N/A
48C4C909C3F9E4827700BAA2F0DB7403C1121DBCCFB64C43B06E24B2B7499E64,Accessories,Wallet,H&M,Beige,N/A
8F16EE79BE3869B1E17735B02E4BA8A7130F97CD6E823402FE7CA4C0AB5CC606,Accessories,Wallet,H&M,Black,N/A
115A56A1D053AA1E074978CFF74841BC2382F665203E076573CB49A7DC244341,Accessories,Wallet,H&M,Blue,N/A
25AC09E60DCC76573FFEAB5C5C923DA5C7FAD831D503C464C9A8D6BAE05EBD5E,Accessories,Wallet,H&M,Brown,N/A
9D2AF5DB5A98CC829789F0CF55F7659DBE32724C815345CCC925ACF2BEB9130D,Accessories,Wallet,H&M,Green,N/A
E4CE8D950D4CFBCA87EBF2BDE887227D6B55D303248C60F11F23105DBFA050A2,Accessories,Wallet,H&M,Grey,N/A
F6A94C5BC16ADB1D61DF1B2D698D45EEA4CC5876A68903225C61E98CA8C3AB22,Accessories,Wallet,H&M,Navy,N/A
FD281BE34E724BBB7906F39A74D9A55323EEB46F6846CFB0E5E617656ACB9E5C,Accessories,Wallet,H&M,Red,N/A
D070365A3835C4E5B80F1F5CE488AD8641B0C5964F30E7C027F883C86D8D380F,Accessories,Wallet,H&M,White,N/A
6F3387BC661547E4FE98A63B3A57876EB23917FD9A38BCAF6040C10AD63141F8,Accessories,Wallet,H&M,Yellow,N/A
CD6D0F1760F83866D4296C4FC3351DC886885670D3EF661AE1DBBF1692154CB9,Accessories,Wallet,HRX,Beige,N/A
92E5FB3627F2916BCB036B954916B677BB494CC45F2D3D5113B2D46B28B07688,Accessories,Wallet,HRX,Black,N/A
68467613792E5CEEB5CC0031770104F9D598E7C25CF009ADA1DC34E7B27127F6,Accessories,Wallet,HRX,Blue,N/A
F4163BFF2DEFDEAA291B1DB716A457D7722D6A173EC03A04AB6217F5EAB031A7,Accessories,Wallet,HRX,Brown,N/A
EE6ECD89FDE2C1C25A229035EF8A91056F8E43011FA3E85AB0019D908305DB23,Accessories,Wallet,HRX,Green,N/A
BDE49D1B8CBAFB699A9D63ED2C159FE8BB847962CA6CCCB3BD03B2B40C158DE7,Accessories,Wallet,HRX,Grey,N/A
6CC89739CA6ED89BDB189744428FFA8B059A4CACFA0F174C4FBE7629DF627459,Accessories,Wallet,HRX,Navy,N/A
126EFA8A4F3038B21231A44DBF1E616669D37101FD78B0D27107513170BB8C8B,Accessories,Wallet,HRX,Pink,N/A
3D357EE3A37020B33C1845A9BFC66B637DDCB098C4D6ED16E7393AE9AABE5429,Accessories,Wallet,HRX,Red,N/A
2572A5C730336D8435D2631EA074871C5AD7C87238D0C1794AFADD0001B213FE,Accessories,Wallet,HRX,White,N/A
4A1C012C5A60AB3D895A56A6AFC3DA91947237AA1A52830AF70FCE0D1138706B,Accessories,Wallet,HRX,Yellow,N/A
9D4FF5A0E19802D2B52AD8C81DD483A137B4B672F426B60F1F53321FECBFB0C3,Accessories,Wallet,Levis,Beige,N/A
B2FC4E06A1191B64A968484BB1496E584EE384AC0C80D3AE710DE5895D07E667,Accessories,Wallet,Levis,Black,N/A
8D5EA052658F056816943FE7FF81D5CA78F98B0B30302C4781F0D6BF66E3FE08,Accessories,Wallet,Levis,Blue,N/A
872E94589C4ADD55D5BDD64F4FE12C63F9C22B0957D301FDD2F8BCE5A7FED13F,Accessories,Wallet,Levis,Green,N/A
11C07B1251DB9D7171C06BDDD02C7B385B26EF102657F3644057DCC89DA91FA2,Accessories,Wallet,Levis,Grey,N/A
554C86CD1F3C4DF1C5729D45442F13D1B5A98C8038E2F803D6797942A04BE2DA,Accessories,Wallet,Levis,Navy,N/A
AE601DAF6D3564975B07E2E0BF28D77B7FBC6CD0A5A9442DA3A1ECE1D00D1299,Accessories,Wallet,Levis,Red,N/A
4A87C5B18311379E480C940D81F280ABB6FCF8E6A8EBEB4E14B376A64D874D94,Accessories,Wallet,Levis,White,N/A
934D3332A524BA2457356363923842FDDFFB8F9B9F8F614C12929CB6CAA8C426,Accessories,Wallet,Levis,Yellow,N/A
25EA26399CC6461116D4C6062ACD15D9B0F6E240F7ABB0371B03970E7FBF1C8B,Accessories,Wallet,Max,Beige,N/A
88E516533700558DD6BF57ECBF718701B86FCCF20A519D83283DA27A2D495445,Accessories,Wallet,Max,Brown,N/A
00405B3E96E6A5D356C9F5C14BA3055A21958DB45590D64786108A736DBA58D0,Accessories,Wallet,Max,Green,N/A
B59EF7157B506E27D3FCD31430E13CDB8C40F5B771DE0DA8661EDA081F729260,Accessories,Wallet,Max,Grey,N/A
6CAF7965AA27C4CED47B66E6918C99B7109E204520AB4C1129D6E980C6448E57,Accessories,Wallet,Max,Pink,N/A
BFB460A7CDA6FF76801AF9F2769F002AF2FE1FC9077C43E457864DEEE1B66B3E,Accessories,Wallet,Max,Red,N/A
CD713EA06E8388CFB47B6A4ECCF9BAE0821077AABC15A4D8BEBC163A219C56C4,Accessories,Wallet,Max,White,N/A
B9E9431BCD734136E437891B33390C2E519F3E83968E7DB2EF5D588323C7B339,Accessories,Wallet,Max,Yellow,N/A
B38CC316E4EDF71188D339166E07EB2422EB336CD78D6F1F381765F4E549D7E7,Accessories,Wallet,Nike,Beige,N/A
C16ACA2B7FCD53E08219CC260B7CFB7D7A8CF689F43FB1501DA7B54CA04FF170,Accessories,Wallet,Nike,Black,N/A
09BC664535201F3C3759E9D3A60FF4703D23BEEE2C67ED622295695BF9F38D63,Accessories,Wallet,Nike,Blue,N/A
55BFC770C6C80DD43DEAF3956DFCEA0EA35E18E34B9BB37F92000D63E35233AC,Accessories,Wallet,Nike,Brown,N/A
192EBC413102CA53E9DE933C1491333E573FA726854ACB6329497B4F1D67E292,Accessories,Wallet,Nike,Green,N/A
61674FADA7913561205D50A51B11835EC4AA4FB141AF07109CA29388D91D4F29,Accessories,Wallet,Nike,Grey,N/A
C40EA9D4A688887046A38A514AA8525F13595B54FA0D9B512DBD43C2ABA40975,Accessories,Wallet,Nike,Navy,N/A
F09E4B199FDCEEFA2D88861512E4037B84A58E4CBE0B8D4C82B1D65E4EB9CF3C,Accessories,Wallet,Nike,Red,N/A
0A024F00240973D9C24A5E37779E07430D814506D8FB5252081E652DDD8A737C,Accessories,Wallet,Nike,Yellow,N/A
72E5FCF3A57DA773F883CFBBD65C192910360F6C0E32B77518E91187A28769B8,Accessories,Wallet,Puma,Beige,N/A
2DB3C4DB209349BDFD14AA722928F6794AFDE950FF807D6492E40F9AB9A085F2,Accessories,Wallet,Puma,Blue,N/A
E0F31FC5F9E0A78E46CC665FECE4C49D6ABBCF59D72E8C8D44E1947DEA797A56,Accessories,Wallet,Puma,Brown,N/A
47C462DAF3A0A985B6738D310CDC9A2007172E1470101D5CF0CEF8ADF2C3178C,Accessories,Wallet,Puma,Green,N/A
6F0F3A1C842A6D6CCF9D6BBB8C197895DA8CCB85ADD10A5469F63C078CD6BE3F,Accessories,Wallet,Puma,Grey,N/A
754F29D8450E4D32DE2C01E9173FB58FBD39E6AF82A4BCB6B730C3002BF211D7,Accessories,Wallet,Puma,Navy,N/A
A89070D5A8658E34D9F0C5C4C906D233C0EC13F02E60C372A595D868B7D157BA,Accessories,Wallet,Puma,Pink,N/A
D5E988F5CE840BADD98CFA0E4805FDA20EFE4FE046AE329BFEB91A45A840DAEC,Accessories,Wallet,Puma,Red,N/A
DCCF7BB40F984A9559528B747B172E70F34588846AE9F225F5043E661FC673E7,Accessories,Wallet,Puma,White,N/A
187CFB433C222273CA4C68352292D39D7E992A8AAC5DD7EB55DB12F5BE2BD7B5,Accessories,Wallet,Roadster,Beige,N/A
D56A4C846C90EE294DDE4AEA60317A02FFAA6CD79CB708D330B91945140D8E95,Accessories,Wallet,Roadster,Black,N/A
D161B5124C8CC703457CA47C4B0EC04C67CCD037807FA96DB40D2D1D69F2FB4C,Accessories,Wallet,Roadster,Blue,N/A
354D7C4D429EEE4970DF09050FA21AAAA83E706B9B2F84EF54EB7F33A728A4B2,Accessories,Wallet,Roadster,Brown,N/A
D74CE6D4B1D0E49821238385318EB3DAC9E606AF0FE8DFD48EBA61206450BC85,Accessories,Wallet,Roadster,Grey,N/A
74CF6330804F1E233F0C3C7C2024734EEF38847DC8621A7108141E8EF29C90A7,Accessories,Wallet,Roadster,Pink,N/A
4B1E98C5C073D2FD70E837DD0AA7F1F6E921CD4F79D7DB541F92F1CFEDAA711A,Accessories,Wallet,Roadster,Red,N/A
99B1C0BD7170B4471371E82858313A445CD4B3FFCC698D0C8E2F53E578A794B2,Accessories,Wallet,Roadster,White,N/A
DF929FAA3B9016FA0E84AB2502766F5CCEE4FD7FBDF877219AF7C32D7089A31F,Accessories,Wallet,Roadster,Yellow,N/A
F080223DA3A3B91407452DCFF2DE1DA7CC6926C889B3EDEF85C6BFA2AE859473,Accessories,Wallet,US Polo,Black,N/A
1ECD90993D7E961DF44B4B19095EF84BFC2FFC82EFA3FAF32A342D7E59D7E4F5,Accessories,Wallet,US Polo,Brown,N/A
E85FB01A46EC84ECA859FA6EBE51F7C68E5AAB92C78C6A1DB665DE48BB8C1FF9,Accessories,Wallet,US Polo,Green,N/A
9BF582A4E2800F3A3D9713A20B6B953F07EAB3E55E902F1F5282025AC722EDB6,Accessories,Wallet,US Polo,Grey,N/A
94240C9D2526579D7988D47DFFA99B50E20963A49EF2DFF652BF292D05D6A104,Accessories,Wallet,US Polo,Navy,N/A
57C41533F55656919AB6AEBCAEAAA36366F0AB04A3D69812D16B8A341DDDDE31,Accessories,Wallet,US Polo,Red,N/A
DACD82EEA2D1923062A648068ACA43DBB27F87AC3BF9CE47E3557611A802BD7F,Accessories,Wallet,US Polo,White,N/A
C26E1B4D65BFD4D4B737F843E2AE8536798BCDEA33ABE9679DCF34379CF21B2C,Accessories,Wallet,US Polo,Yellow,N/A
3E5CEE18DEC5442253E8E27BBA5EE45F6BF72BE1EFFBD2B45F9A3A05A9A0B926,Accessories,Wallet,Zara,Beige,N/A
122A192105EBCC254EAA24777D2BC0B5850C0716806224330ABAAD43F0D4952F,Accessories,Wallet,Zara,Black,N/A
DA84EA6F074C0152BBB9B05DEFB98F1193BC34AC2D78A84337FAC1AC500A8E6E,Accessories,Wallet,Zara,Blue,N/A
95D8A2088AAADFAFD99D8B7D656000357E939E3E1773412F8621351C79263FBE,Accessories,Wallet,Zara,Brown,N/A
265EB883B920257872F54B137962A9C342A6EC1D12FA481F4A1024A0FBF5DF3B,Accessories,Wallet,Zara,Green,N/A
58F01CB0639987F35CA28010D803E1DB9FBB24CEA3F37D8EF3242D0267201AC7,Accessories,Wallet,Zara,Grey,N/A
7E04A66CB8C9846BCB0F583CA1D0CFE654D5C48DE3FD82BE1183AAA70762EE20,Accessories,Wallet,Zara,Navy,N/A
BF7A5E15E2E4047B9A1C6FDE7F9ACB178E6615A771A588E4387D9FFBC4E47E1C,Accessories,Wallet,Zara,Pink,N/A
4A8FE5540EE2C69A9485CDD2124A77663F702A11A830F2CCE25577EDA998B09C,Accessories,Wallet,Zara,Red,N/A
2707CC57B4E4EE553B7D44871DBB27862DE17321F8E8984BD6DB7EA0574F6081,Accessories,Wallet,Zara,White,N/A
287F44E9D2F811D5010B9956D574C62297D077055785872ACEBDD8F80601B3C2,Accessories,Watch,Allen Solly,Beige,N/A
8EFF3C2FEE9F1C3E4D0D265589C74E2A2980D00F720BF8DA837784A515B6B361,Accessories,Watch,Allen Solly,Black,N/A
AA9CE21B8030C7A4B8711907233C2A4E8E3C36862EC5C036D8F360E970F4336E,Accessories,Watch,Allen Solly,Blue,N/A
A24A2FFF9AF24CB07119B72768A393E1FF2C3F3B5868C7194AAB7A172E0B321D,Accessories,Watch,Allen Solly,Brown,N/A
BE5E84AB0F316B7EDE0C665E344A2D30D6B5FAA5AB0DFBEDC8D70AAEE14409DE,Accessories,Watch,Allen Solly,Green,N/A
C2BCB95946B664ABC9636A3D87EEEA45B3C0DB13FC6B64C6011B7EA54B32E21C,Accessories,Watch,Allen Solly,Navy,N/A
3C06EFB981A1328CFE84A35E89552BE8963990CD7BF97DFB0D1F0968F0E8652A,Accessories,Watch,Allen Solly,Pink,N/A
6F85DD6B9FD217A669582BFF3829F994AA75486739900B53E77E65819F08757A,Accessories,Watch,Allen Solly,Red,N/A
31013EA723AEA94AFF7CD7A5B279A30F03BDFAE86DC52768CBA51099E44123E2,Accessories,Watch,Allen Solly,Yellow,N/A
3289FF14238E01A337553390363DF26328E158590E453CDB07C133DF14C6D852,Accessories,Watch,Bata,Beige,N/A
E3CB62B59E326A1F43D5D2602FB53275D329C12E8E1D2F4161B8BDAD29F4B176,Accessories,Watch,Bata,Black,N/A
58EFF1226AC01B8DA050A331F06B63CDCFF44814E5AA6437666EBC7779C6E108,Accessories,Watch,Bata,Blue,N/A
0BD2A5AF51E1E68ECCAA34798857349F5883D863677BDCBB75159A8DDFC69512,Accessories,Watch,Bata,Brown,N/A
5BFC3B3CCFADA68731124043D00261CD6E005F7305D8D1CE391C609BC35B1974,Accessories,Watch,Bata,Green,N/A
699CC60FA9745C8260BFB2505E5757AD6E686299F7B73E2B5BA3D78AB269E74F,Accessories,Watch,Bata,Grey,N/A
D3FCC768B6D2D203952CEDA6CDAB95B6BE41F95CE78735261EC3F5CFADE1880E,Accessories,Watch,Bata,Navy,N/A
E13CC5797ED0C99CDED920ED9EE365E2F5ACAFD8CF0EB63932EDF1935A2574BD,Accessories,Watch,Bata,Pink,N/A
AE4F664737CF3D760ED64043E8338CD5E8265196ECDAA0A8A2DE44440B271A91,Accessories,Watch,Bata,Red,N/A
19B0C32FFA142C16CE047BEEF671D6BB8197F748E268D607372374325B1F05FE,Accessories,Watch,Bata,White,N/A
73E306140EFF06D2CB6DC15916287C6CDF30C448109C7CF6D794CBEC304EB45B,Accessories,Watch,Bewakoof,Beige,N/A
B1DEFE2A8FD5815614A10FA68336844FA4602755A83ED00049D706E1C2D54E42,Accessories,Watch,Bewakoof,Black,N/A
C05DB25FAABD71B9C142DFBE35B1F5314DD3D46DBE65779D1CE8988B4AC2AA72,Accessories,Watch,Bewakoof,Blue,N/A
7D6289DD93F647B2B382E2B01235EFD29CE570EB607C7BBEB13C7B83CCD01B3B,Accessories,Watch,Bewakoof,Brown,N/A
DD41E3239863F46ECEDA8596C4BADC4841CEB51FE9270585BDA793FA62857403,Accessories,Watch,Bewakoof,Green,N/A
342D6E6B69556AA6CEABAE11FBDFC79D99C09FCB840859158463C6340B42A123,Accessories,Watch,Bewakoof,Navy,N/A
63CF1ACCD1757770ADDBE0E03D4D761A506840953674E3E0716AC06E065B8BF5,Accessories,Watch,Bewakoof,Pink,N/A
318000CCFCBFBCFD4D726A02DAFEC27BEBF56E199A6F7066AC5C7D73EA48C98D,Accessories,Watch,Bewakoof,Red,N/A
55E993B5B075BDB19FFD6082EC01AA07E72D3412AFE6DB70390DA29F01E9C2FC,Accessories,Watch,Bewakoof,White,N/A
F548E3F7FC4E65DB14F7ECF1C55EF1954636299B6E9FDEBDD138E471A0AA77B3,Accessories,Watch,Bewakoof,Yellow,N/A
E63071B842DB59AF5C82BE50FFC37BC52D654BE2ACA50E5B17526497EC60401E,Accessories,Watch,H&M,Beige,N/A
1E35E30ACA77ECF0C29E886E070BDA0C1FC29987E56111BF44D3CAD41A535B04,Accessories,Watch,H&M,Black,N/A
ECD1C7B61597FF0DB079DEAB39E0942263E42E25C647C5B0594C48FDDCCA28B8,Accessories,Watch,H&M,Blue,N/A
085B8A301E011004CAF95C774364561CE5004E725280A9FC9C530FC80AA99C91,Accessories,Watch,H&M,Brown,N/A
5E3238378E94335A54B02E73356CDF74E20CEB24E3D3261B5ED348DC96F86713,Accessories,Watch,H&M,Green,N/A
144DDD2073128605B5A60457AF9E08DB9B02862A6A1734EDC99855024979361B,Accessories,Watch,H&M,Navy,N/A
93664534284A6791431B26390C73ABFD58744343783BA28920FCA8DA8DE40C28,Accessories,Watch,H&M,Pink,N/A
C70955534F796DB074865A7134AA8FE09671F6EC67ED6516D5246A4EE58CD9A0,Accessories,Watch,H&M,Red,N/A
DE95A56585D89E01A320AECC48F9AB37D980EAD6AFC2C48FA6AD58542F5A3E13,Accessories,Watch,H&M,White,N/A
55C573C6C14CB5419BBB862FF2EAEAC093C1AA07BAA908989DBBDE56E5D0B393,Accessories,Watch,H&M,Yellow,N/A
EEF5334DFD98E624D24E3C2422D74C02EDC2F0687EACACC964825102684910CF,Accessories,Watch,HRX,Beige,N/A
1F03F1BAAF2FE3D6154DCB5C53EB6B9A718051767EEAE21A02C7CF205291C99D,Accessories,Watch,HRX,Black,N/A
FAC0D2D9EF6FBC076EBF5EC2B58E1ECB9E676A5F3FBD8A4DF5119D3DD7538BF2,Accessories,Watch,HRX,Blue,N/A
29AF78F0AF130C9A5BEE600FC237290B7A1382425E0071920691F6E5D8437794,Accessories,Watch,HRX,Brown,N/A
35021CDC72355B9EDC8B9AE8361C9CB28E3833077DE09744361012F9B1918299,Accessories,Watch,HRX,Green,N/A
957CD6924475499F7E4E4D99BADD8CD44C4C395C2FFF733A83FAACDAE0F45EF0,Accessories,Watch,HRX,Grey,N/A
D2D1C0469F725CB0389DF3F1CF11CB384BF9697895F6309ED604791CAD4D445F,Accessories,Watch,HRX,Navy,N/A
5FEAA4C54EA7CEB05C3568F42B5BD5F06139018E9283294823A8E9ADDD642C5F,Accessories,Watch,HRX,Pink,N/A
3979F5F9C9B433A4C2E54BDD9ABF8D5E6F37BC11F2937F2D13763DF07225C610,Accessories,Watch,HRX,White,N/A
8BCBD35B6A3655EE40F26505BD917327AC0F94800451ECF713636B88F25F24A3,Accessories,Watch,HRX,Yellow,N/A
F5AADB6AEEEF23F3FDF82FA33C53E95E34E80842889F807D1039B92772EA5B9D,Accessories,Watch,Levis,Beige,N/A
E3DDF264D1C4C28AF1554A388E7C994F52BF180B14CA48B25C367E06555800B2,Accessories,Watch,Levis,Black,N/A
270B92165D633A6FDFD9218FEFC31579EF50F249972EC77D042C852868D63E6D,Accessories,Watch,Levis,Blue,N/A
ADD5601847F6FFBC473BE5D54B54EA940BCAA2064D9EE09ECBEF1C60C23D7D70,Accessories,Watch,Levis,Grey,N/A
BC8FC4CFF38EB0A1DEB92A74DEA11FEEBA7E8F75635FA7505DE01C3DDF4218E7,Accessories,Watch,Levis,Navy,N/A
EBF039361DA50E3A2CDE6E54638E16954AC56EACA333FC9F52FF62E82695EB04,Accessories,Watch,Levis,Pink,N/A
F2726B397E74E8CE51B0D7F1856C2E1E96A35ECBF0F1B9E56BD65876A6B72302,Accessories,Watch,Levis,White,N/A
F31D9D79F330927B62FD213601B4824F653BC478AFC5E7C3FD43C56A4F2ADEDB,Accessories,Watch,Levis,Yellow,N/A
C103A488503E5D421C60CD38BBE6FD38DB9D2962C696E1270F4556762312FE25,Accessories,Watch,Max,Beige,N/A
04866F7CAE7FFC95F030E77A66BC86C8CE2452498112CCD404D3A8CC22CD87CE,Accessories,Watch,Max,Black,N/A
8BD521965EBC3AC22B6BD06A3A07F647AE4DBFBC346D506E94B94C41E1DB3030,Accessories,Watch,Max,Blue,N/A
DD229574C6245951A08B17556F4B4945C61561E088D277B5E467ED4D718E938D,Accessories,Watch,Max,Brown,N/A
FCAB3A7D0AA9E56EEF97A8A1594720C33666459126D6E5FFF4BABC32F3F7E5B0,Accessories,Watch,Max,Green,N/A
38D888BFC092B04FC467BCDF96FD9D3D772498FA200E7E8CD3930943877F7F49,Accessories,Watch,Max,Grey,N/A
5660C1E2FDFA16CA403A2D20185FF295C1BE3828B771C780EBA27BFA1B571322,Accessories,Watch,Max,Navy,N/A
09EFFC712BBA966918883EE0F0AC61E4971F4590F2663FF009DBAD52A19EFED0,Accessories,Watch,Max,Pink,N/A
234F193A66DD1252319303FE9F28265E82F1B08B408D9DF4FADD9B851F53BEB2,Accessories,Watch,Max,Red,N/A
E1B732B0E9B582FD5CDD794573310582F03E662EA28A8D5A5D4084B2FE3FA32E,Accessories,Watch,Max,White,N/A
636AF599082FB9273B5EA2075881ED2BB24FAD843BAF91FD9692101B342E9C3E,Accessories,Watch,Max,Yellow,N/A
8D11F2DD7A53913F66879E574D40F040E4D9EBE7A32538299DA22C5A09F8E84E,Accessories,Watch,Nike,Beige,N/A
01DEBABCDE34DC68061107499C41DDF71CD2DDE93198C16FEE3DE4F3973607DB,Accessories,Watch,Nike,Black,N/A
90CA7A643FDD326FE71E63F2BF09CE79FDB36EA69986F9FB97E9723498019F38,Accessories,Watch,Nike,Blue,N/A
8486AFFF3DAAEB96BB6992DB71CCF31F73DBD2788C20E235AE5D247D9F578B45,Accessories,Watch,Nike,Green,N/A
8DC052E6297D2B85F891F886DEB70A4CF503C70683E1649B693CF31DE1E0C4CE,Accessories,Watch,Nike,Grey,N/A
80365E788C5A0746A49851207E3288BF88659297A6E6AC5BB5A47522F1D047DE,Accessories,Watch,Nike,Red,N/A
2D2CB93AC1197E1461BA68D2459A23F79B8C3E21D4150DEA3D1F36A7E75F33E4,Accessories,Watch,Nike,White,N/A
BF9047F460A81941F65F1B18E271FF817A368EB2BACC140D51FF5EB08821401A,Accessories,Watch,Nike,Yellow,N/A
D0C49FAE6A454DDE640131CA0BCF97942B9BE8E668BAEA76C94917D7CC12EFF9,Accessories,Watch,Puma,Beige,N/A
65B85CBBEF1423045C9C86FB37C5BA26365BCED698F45D249B7EB336A8E83B11,Accessories,Watch,Puma,Black,N/A
67D9BEBC4F46B2891B9928C6D1D99F9A261B82C06C0299337DDA9B042124219C,Accessories,Watch,Puma,Blue,N/A
D085A962965706F7F2EECB8B0960EB396AA71F6AC0F998AD5A99B5E72660AEAE,Accessories,Watch,Puma,Brown,N/A
928603033B1CF95FC3FDE831FBE918080778A69563568DDFC751705064E6E526,Accessories,Watch,Puma,Green,N/A
A530D3CF72507423C4A4D5008A7B7BA1AFB4074167B13787345EFE00EFCBBBD1,Accessories,Watch,Puma,Grey,N/A
F8D0EA51D1DCDB83303A819B8132881CC580737F15BDD9123A3FB6D47D01C688,Accessories,Watch,Puma,Navy,N/A
D225132776FB42DA9595E6EF568C1BE5CF2D38DB973162D5E04B26B823279AB5,Accessories,Watch,Puma,Pink,N/A
A330E50E42631F9F4850509843FF473370DE3A7B1E22B6513F02152F9B7E7BB1,Accessories,Watch,Puma,Red,N/A
ABB90AB63F90319D3802D6CC613564BAFD4025423133DA93836B5E773FDA402D,Accessories,Watch,Puma,White,N/A
B622E19ED30E383FA6319ED0E3BB82CE6011290434F7201C1DA143F72374F27E,Accessories,Watch,Puma,Yellow,N/A
B744D66A54AC7B01B04A139376BD159FEC3B4A844AD4D322B98BA912D08093BF,Accessories,Watch,Roadster,Beige,N/A
DF6A019ADB9C83ADF4B8C2B32E6C2D4E52481A09E93F1342C370694CFE5F5DB6,Accessories,Watch,Roadster,Black,N/A
D25B1F9B690AF9981ADD3BC4AFE335FEFE573CEC1530D872AAC5BB1F176EFBB1,Accessories,Watch,Roadster,Brown,N/A
5989480519E0841E0885FC43C1528069F9F67C7A154617EDAE0030C249303321,Accessories,Watch,Roadster,Grey,N/A
5367F899C51E4E16BE809FC29B88C03BDD44122C427558079F78FDA735D4B42D,Accessories,Watch,Roadster,Navy,N/A
9F634AB400FD4F46F28CF1B1C587924E29C8331F05311633E1C3BF28A29559CE,Accessories,Watch,Roadster,Pink,N/A
A94DA65CDA1EA9924EBF674B69FEA998EA09E61F1108D90FC0224AD4FD840D19,Accessories,Watch,Roadster,Red,N/A
7398B280BCFA83FC4A8889E304CD455930D74E31CA500D6304B92F4A1BD36BC7,Accessories,Watch,Roadster,White,N/A
301DA0B509BD350AA81BA45E3917FC2278FF20DE0DC3D01D722C92AEBC6B3AF0,Accessories,Watch,US Polo,Beige,N/A
AC8FFF780E7CF60AB64C00CAD2C633D4D66BF008F3DCAFA2D48A71048E923DE2,Accessories,Watch,US Polo,Black,N/A
CEA43B689DC405D1E41B080A217A79C0055B35A7F3063C68254DAFCDA12CBE10,Accessories,Watch,US Polo,Blue,N/A
8E304C77AD5920B862D71D8A47CFF172B1EC7A1504A93A968B08D52BEC21F383,Accessories,Watch,US Polo,Brown,N/A
7069A177C515AB7D50A9845A9ADC9C2CED4815BFDEA2DE41458593A5DD2EB8D8,Accessories,Watch,US Polo,Green,N/A
6C23F29E1558011EE0B884747F27F4BB8E320171C4078502F698928038DD1BB1,Accessories,Watch,US Polo,Navy,N/A
8749DF977BAECF8B29C6DCCF009CAE3C52BF8EA488D8614F5C35D9620864C7DF,Accessories,Watch,US Polo,Pink,N/A
3E53A4E75CD9F5D3CF3938EA25B0BEAB3FE2E4621D6CC8F1F7F566709FC9F689,Accessories,Watch,US Polo,Red,N/A
5ADB7EC861F56CEFA9F66A105402EDF1026B34492FCBFCF3AF667D395C9CBC15,Accessories,Watch,US Polo,White,N/A
D669471A6EAFB94BE35289D4B0E8E1FA8F734B49F7B21AC0EA8DD4E13022B1C0,Accessories,Watch,US Polo,Yellow,N/A
EEC613A2A98A0A112BF52B9AEE36166DF42A9EBC54EDDCFE083E4F0963A962DF,Accessories,Watch,Zara,Beige,N/A
05E693A4E0E6B22BD691A2BA53E0F88CCF38CB32554621A6EE53ED7188818E52,Accessories,Watch,Zara,Blue,N/A
D0AE034D3B6D149CC17D22E715FDBB37C3F606B5344DE378981094FFE2C37C54,Accessories,Watch,Zara,Brown,N/A
C764CC46CA7E770E7E2D43968708EB85EE094FCAEF9E0A518BBC437F50ABC644,Accessories,Watch,Zara,Green,N/A
8E2F6029CA11CBBF7BF599A921417D0A5D107B9B8DB9BDF147BC37C3D903DC64,Accessories,Watch,Zara,Grey,N/A
FEED3F13CB9A50C739EB6B9F1A9FEDDC7B2393A5DEB22C60B012DA1A2A721E66,Accessories,Watch,Zara,Pink,N/A
102BC5E181DCA6A64C3A663DD37CA5E018BB8FF139FEF7B678DC5072473470AC,Accessories,Watch,Zara,Red,N/A
26286166205FEA3A533B21587B28AEBD45952B2547321A5B76043A5E1B096ADA,Accessories,Watch,Zara,White,N/A
A5B283ECE3D38F40B2E6FDFB28660CA686CED080630ADF8603EB68429E2E103F,Accessories,Watch,Zara,Yellow,N/A
3E5C470A46D30E4348BC5BF6EB14E465CB17443834FFE5162F5B4BEA14A618C2,Clothing,Dress,Allen Solly,Beige,L
37F001FD064444AE6F36C9880EE01AD7DCD2039D6A9298C4CE7AC0DCE0E785E7,Clothing,Dress,Allen Solly,Beige,M
40382BBCF57414ECF8B027ACE3D9D53E2C719C20CFE1722DB6C7F298ACF9CFB4,Clothing,Dress,Allen Solly,Beige,S
A0BD9B67BACA9D861DEC80FA867A7D134FC8A663D12C25DAD6E6F1D6F3890BC5,Clothing,Dress,Allen Solly,Black,L
89C667797B6D912C93C468514BD17076E4036B95EE3A4F1E76931146F0402910,Clothing,Dress,Allen Solly,Black,M
CB9ABF00AE85CCC85DC47D86027B20C038BA605433D26796080BD5743EB7D599,Clothing,Dress,Allen Solly,Black,S
43F426740ED74E4AAA4B1F59CD1D6EF17A973BE486D736E6D47FB1A61E5EC1A9,Clothing,Dress,Allen Solly,Black,XL
BCF7C911C22878DC2079AF2A13A90D0995697511B3F68B88812BE6560009A121,Clothing,Dress,Allen Solly,Blue,M
BEF19CBCDAE1450A02732F6CF862F483DFC0EBEB7921D9B06185D28B92EAFFCB,Clothing,Dress,Allen Solly,Blue,S
7E0E861452B0A1410FD6A9DF2FEE7A668F1BE78AE8B3991E73B041D18E81C346,Clothing,Dress,Allen Solly,Brown,L
BD3420696A7B0EAF0ADB592DCDF5505293C5BB05B72AB352AAC54FAFB642C1D1,Clothing,Dress,Allen Solly,Brown,XL
531D4BA06995868740ED3B8A50F2FB0439F0EAA027CBE0735BF97D5D8FF53C3B,Clothing,Dress,Allen Solly,Green,L
AA352E5323D0CD2FA0A631B17AFE27C7146DE39E36EEAEA4B35BEEA3A2F00C4C,Clothing,Dress,Allen Solly,Green,M
CF77F42FEEA596037E56608E13EC7C8A56124075ECC650740B7C9DEBA9209509,Clothing,Dress,Allen Solly,Green,S
A4DD1C8571D89D5938A285385DFA9A0721133098C2E00D8798B69B3A39119B71,Clothing,Dress,Allen Solly,Green,XL
94C4F0DFB9D0FC29969E3B74E7475165ED4668FD5CD5B75CAD3FE3B2CE88F1CE,Clothing,Dress,Allen Solly,Grey,S
4C4F5DEC1955EF38C66F5592B582FF36C19571FFE25FA66AB66DCEC212070C93,Clothing,Dress,Allen Solly,Navy,M
82E93A10EC71195B11C3004CAC3D7CF4F38395E4A73C638CDA17CAFF4FB99378,Clothing,Dress,Allen Solly,Navy,XL
7C6AD1AF4B9E03635CB7633ADB3C049668954E22CD4532A695EB8B0AD99F7479,Clothing,Dress,Allen Solly,Pink,L
7D37DDA8878B660AF790EACB87E8BE315B1FAF8D13CE3AF9BAAA658F7B2B5703,Clothing,Dress,Allen Solly,Pink,M
38D94A191487B005ADAAFD840E5BF5892BBA25DB3E76DCC90026E89979A4184A,Clothing,Dress,Allen Solly,Pink,S
0DB4309EB3C1A5EC844D6FCE64459A37B8830B7FEA2A945D1A862C2BE82D78FF,Clothing,Dress,Allen Solly,Pink,XL
52AB00274430B9EA4C87BA2DACDB43A01BADB3DF378E6CE11DD4578E3A482BE7,Clothing,Dress,Allen Solly,Pink,XS
CFE56D703C31644926D3278FD0EBD0A51C5FF84E4DE02AE8063DF909904BA0BD,Clothing,Dress,Allen Solly,Red,M
79BF3B6ED2BACEC332381EFEF4978317C7DD890D295A29DCB45D25C9D3675E14,Clothing,Dress,Allen Solly,Red,S
6CC10CC23E8C55B139E3962D1E57EBF9F3513C6E8A48E335A39AA34C33B1E1E4,Clothing,Dress,Allen Solly,White,L
767D769BC8BD7408449AFF6A1045A7BA37992BBE4085E06C1DF8DF5B9900C55E,Clothing,Dress,Allen Solly,White,M
279BF1ECA49F2AB82DDD8FEE12529DD187F1D7F56F3C44C521E378E544DB0DD3,Clothing,Dress,Allen Solly,White,XL
15E297017198CEE33271B03949332DDD8E9C38E760798004028236C93DF5A21D,Clothing,Dress,Allen Solly,Yellow,L
E145715206DF6FFE36E1D0153608F40B379C99EAE616EE47D6F47E57B120ED85,Clothing,Dress,Bewakoof,Beige,L
F110B9506D44B7F0B18062273D281771B56C563220987FF7EB436FD20EB16942,Clothing,Dress,Bewakoof,Beige,M
A3D8EBEBC6298145C3C5CB76D76D71728A505D55ED9F1B7DD6CC0DCBE6C8630A,Clothing,Dress,Bewakoof,Beige,S
D48A1878875C4CF8ECF54A96CD2B9997C7A2F1636359F9E777A2C37018D2B893,Clothing,Dress,Bewakoof,Beige,XL
4A339CFCC27C33C984B8A7B7117D2A31B8FCF18FB69A7ACF8E17EF26C42A7645,Clothing,Dress,Bewakoof,Beige,XS
3001344E5F7A405934DD94C418265D4D5A314515341BAD5B1118EB58F617792D,Clothing,Dress,Bewakoof,Black,M
02B9546B9BD807783BF7D7DF5B7AA4357407BC406216965884163CA1451917B4,Clothing,Dress,Bewakoof,Black,XL
A61E97AF72216EC8CB1B109185FB3A7F61FBE20D6802F9EB7773D9E1A9BB7AE9,Clothing,Dress,Bewakoof,Black,XS
C5E240A28A1DF942B94D2F56DFD61A62F4E181D927C4059623B217CCC2367DF6,Clothing,Dress,Bewakoof,Blue,L
87EED6D4C08651248B1CB9FA25F0914B6552A67A6DF7A7CC930BE1B52AB67AEC,Clothing,Dress,Bewakoof,Blue,M
EB9066BDDED8D4A4A021F478B6141BBB922D20A33C9141A722A410CF1561885C,Clothing,Dress,Bewakoof,Blue,S
CB35AC48512E9D0126D72E4FB34B48C958FCCCABF29903B4231FEDF4151030B6,Clothing,Dress,Bewakoof,Brown,L
634DF9C1FAA97B375CEE87C6AD956B3F453424F0929379889C9E4AE47D3B90A2,Clothing,Dress,Bewakoof,Brown,M
11964722980CCE352F2225722AA7B7C6F9DF6B951F49CD7F834B9738277F9D55,Clothing,Dress,Bewakoof,Brown,S
EAED44180B9258C9E46830EB4988500F74FEA6C65020ECF98A613B142824975E,Clothing,Dress,Bewakoof,Brown,XS
4EBF8CF8B961F6866FB7CC450A90B91EA36D7365679EAAA5D5DD9D76D5820199,Clothing,Dress,Bewakoof,Brown,XXL
A85693A7B8CC05A1344E3D8CE08598B8D801324B533E337483E1179387B6E3EE,Clothing,Dress,Bewakoof,Green,M
8DF330EF6EA143211770547F074950C3FBD71E962F021F99EEB452F6BA787641,Clothing,Dress,Bewakoof,Green,S
0644ABF3DCB20E83788E47D37720151E6498B321EB821F00B35681AD2137C069,Clothing,Dress,Bewakoof,Green,XL
A2B9B614BE0631E6F98FE5C1CE9A753EB137C963A11CC8A9136787FBDF1D1060,Clothing,Dress,Bewakoof,Grey,L
5738A70FD2580706A32B5B251A1FF155579F6B608E931A4D0ADBB85015722F02,Clothing,Dress,Bewakoof,Grey,M
1436477D219E832A11CCCC8C5ECEA9ACCB529F4E98D9096E152D954476335192,Clothing,Dress,Bewakoof,Grey,S
F5D1EC36F4203ABC00B74480FFC15E3E886ACAD292E0480FBD0E557A9DDDE6FC,Clothing,Dress,Bewakoof,Grey,XL
FBB3CB2C4BADC4EDA00F442F541D700B3F792DAF7FCA2E260558D9760901D01F,Clothing,Dress,Bewakoof,Grey,XXL
B306D1C5D936B67E77905020BE6899E4D8CA7F85658D40EC6D55A53C87632D22,Clothing,Dress,Bewakoof,Navy,L
4E704F6BC3DC4FEBB7121C85CD233BCF6EB753EAC45DE06D4C726A9B40874114,Clothing,Dress,Bewakoof,Navy,M
E712AC87CDF16E333FADE317AD6C9A2BF82647246B94122F1738F4677D550660,Clothing,Dress,Bewakoof,Navy,S
8C17B0BE72FD5E21F76FF8507ADEAA8EFE38903C81432571FF60A2501D2F8B1B,Clothing,Dress,Bewakoof,Pink,L
DC32733F02FE3895392B1EB2C1C42E97F03454C5A1BAE682CE643B7D52C2A0CF,Clothing,Dress,Bewakoof,Pink,M
A6A729BF7E8A14D0DECD96E9EEE251F18A75EAB1A26B0890DFB481ECF5C8C209,Clothing,Dress,Bewakoof,Pink,S
73129384B533179D7768E487A19C5CCA6AA10AC560FAEEDAD47E6A520D5068ED,Clothing,Dress,Bewakoof,Red,M
6C515DA74EB560C37AE0D80E6B8BD8390E82813B5E26604C28D7768A1F2D991A,Clothing,Dress,Bewakoof,Red,S
F22C4C5C6B0B767F861EC40C6CB27A252060EF77265074FD49716BC389D62209,Clothing,Dress,Bewakoof,Red,XL
BF87657B1EB9AA88B4ED766008C31B10C48D413807667B7D300F124ED76F33FE,Clothing,Dress,Bewakoof,White,L
C1886AE55B7F01B662E0E7BA321EBB6E7ED11A03738A12AD1B3FB47488C85505,Clothing,Dress,Bewakoof,White,M
4006D3034AB604DF66472F47D525D36765C1BDA22FBEEC917525C718C1149431,Clothing,Dress,Bewakoof,White,S
D89CC4EC96EEE230B64362BE8260EA56DAF2E8619508A9D293A6E593F90D6E5A,Clothing,Dress,Bewakoof,White,XL
291489FF86CA9992C28A0CF3340FAB0EE2EC5CC1E4EEA3E14BB68E3751078F9F,Clothing,Dress,Bewakoof,Yellow,L
668CB57B47E87E6B29F96D7757BDFBB4F95EF9320C17ECCCB255F26ECFFCCB8E,Clothing,Dress,Bewakoof,Yellow,M
CC9C8369261C2FF1A1F0BD2442B402C2B38C93E1AC0051168A0E090A1FD68775,Clothing,Dress,Bewakoof,Yellow,XL
D311B3C5624757911C0D92ABEADE7122D6D613C663B46BD37A890F441D1060A3,Clothing,Dress,H&M,Beige,L
02F2530A146569462F12DD6CF679877E81D64F38B7078A59EB048625D1E3D5AE,Clothing,Dress,H&M,Beige,M
A307D31B879E697B387FB04564545EED13ADCFFC7AC6DC79788780485723FA10,Clothing,Dress,H&M,Beige,S
E76302F395FED93EFDA1284C035F80169F6D07AC4B8E9BB0FC636378EBA34E4E,Clothing,Dress,H&M,Beige,XL
53D812E9CAB3DF8C55E7EA562BBF7B25ABD25E21C636917C3812B60492B919D0,Clothing,Dress,H&M,Black,L
B5F062275AEE772D149E30F6A222EF8D34DDD505BDEE848FB67EA3F40EB45C3A,Clothing,Dress,H&M,Black,S
547C087496DB0B3329FE5584C1EF6DFC79AF7E20D00F2C16CA6A9E3643D60387,Clothing,Dress,H&M,Black,XL
4BD8686DEEF94E14A8E1A6FBBCFCFE3CA3774A69A6A84FB4326929ACE6C635DD,Clothing,Dress,H&M,Blue,L
61C72E7ED5F5CDEC324ED7915271746739E71F335AE16785B0E9A95479C68D4F,Clothing,Dress,H&M,Blue,M
E05CE19290FEDFD81174CBE0C49F17C5A2A3FE12A51CEAA0299127E73A4395FC,Clothing,Dress,H&M,Blue,S
D001859A75D93FC5ECA4FD89684BBFF3E1815C87F68097081A75302AF18A13E9,Clothing,Dress,H&M,Brown,L
C8A4790193F98FA5DBB8B167759FB487FDAC20962833F0224AD1512DB027C15B,Clothing,Dress,H&M,Brown,M
F0219C4AC59C79FE0CAAE4C570E0AEEAECB5DE3DF9E722DBD1A12C3C71390C5E,Clothing,Dress,H&M,Brown,XL
CDF6EB81A5FB43C9A0E356359C9EF9A791F6AC92C0BEE9B601B6E522AC39B6A7,Clothing,Dress,H&M,Green,L
5CB69CFAFD8E85A5FE17730D662D4099FC32AEA07D3BD348D4F8DA1BC03ECA3B,Clothing,Dress,H&M,Green,M
503FD0146AA45DD483DA347EDF9A96AE356440CD2989692380AFD0CA0986CD2A,Clothing,Dress,H&M,Green,S
D01D2574F2A6495E7A3D6579CBAA2847173B87876703F2716163045F8C3924D6,Clothing,Dress,H&M,Grey,M
A402785DEBD8C1588AE25C81349B9AF3F87300D04774FF89D03CC64059AAE30B,Clothing,Dress,H&M,Grey,XL
F0AFBC414627BA3AF4BA5BBC062582024211780E13C668362C481B86F6E01954,Clothing,Dress,H&M,Grey,XS
AAB4C38DD49872CAE9425DEC12A61A9EB10DC379041C9E07A36B98320142A6B5,Clothing,Dress,H&M,Grey,XXL
DBE1CC745ECCF8003C01EDB17AF90811C2FE3FDD5A60DBBF0CD2AA2861241146,Clothing,Dress,H&M,Navy,L
1BA790EBE84494C67AAFD78EC410992DD6DC2F9624BA449323DE6EBB45DEFABD,Clothing,Dress,H&M,Navy,M
7CED8B86909902DEA89F1877F3ADC0C7162BB5E93BA688CBC5BFB2828DD0A8A7,Clothing,Dress,H&M,Navy,XL
2DCB8FDB779EC65E0AEA046F5B063AA8005FF9F0F794CD02EE83548D0031A938,Clothing,Dress,H&M,Navy,XXL
92C5BCA7A84FE469F4B0177720D9DA8D9F288AB0070EC06B0FEF74C4796167C4,Clothing,Dress,H&M,Pink,L
1BF12B78D57428ADB069CA4BC1684219D2B497330BBFEF4766B4DE5F44417DE7,Clothing,Dress,H&M,Pink,M
9BBF25237F1144BCDD50F63A92DE54DB4A66859F68D10D42FDD99EB1A00E90CE,Clothing,Dress,H&M,Pink,S
4DF6016D6FEEBA9FCF50DFF5AB81F56295B6A737945E19B3B825E97DE36E98D7,Clothing,Dress,H&M,Pink,XS
D511193603B71E173D232B4EEB69E50F8D2D84CA72AAC320BE320CA6CB30FFAA,Clothing,Dress,H&M,Pink,XXL
E753F6E191D5760F811C0044D5C6437899D30E271565EF5F41F4EA1C7090746B,Clothing,Dress,H&M,Red,S
2D6ED20B9630B677420B9EA2558B1E0CE55812493F3827ABCC5515300425F3BE,Clothing,Dress,H&M,Red,XL
B47F26C6964E77101B418B3478B0FD9E7A690BC4B2416D0C17CECBF387A5F765,Clothing,Dress,H&M,White,L
50CDCD40AC46717B6776B9F787A153E5DD3229C2716D159ADD61340CAA820EBB,Clothing,Dress,H&M,White,M
D45EAE0FBD2A8637B2BCC199E46534B48443492310AAF21D159421FB4DF348EE,Clothing,Dress,H&M,White,S
B9D3B12F88208A342050EA3A9D12B0A6B2B72E62068376CB774C98F79565E8A4,Clothing,Dress,H&M,Yellow,L
C35C731F21EDE22537353217A0B3690414FC0428EF9D41DF2DE5221F6D83DFBA,Clothing,Dress,H&M,Yellow,M
1789DB434861009F5A5C1599D34DBF6915CCFC51C1D885A23F2ACAA4695C91CE,Clothing,Dress,H&M,Yellow,XL
169D56492EBA025CAC9CB81E1900148C4D13C580BD845B82E7EC484671400391,Clothing,Dress,HRX,Beige,L
BE9F296B9DC16581E6AF765EA76E25F00BE624EC43F3DFE61C4D47F6DB039F05,Clothing,Dress,HRX,Beige,M
9E7D75F20EE2BD4A5A88667F31C317B9B63D4AA816E3A8AFCD37DE363345AB67,Clothing,Dress,HRX,Beige,S
F26B15BEB2172917FAD631E9D474736F91FFD9B32F2AB36C9FBD4E48514809ED,Clothing,Dress,HRX,Beige,XL
E0ABA95F5297625611B0517602306DBE5094B0A770D603B14396B23BDE746D26,Clothing,Dress,HRX,Black,L
4B87051776FDD1CE6713A2E629E376C95E447FF2A8FA0B8F68A530854CC3B316,Clothing,Dress,HRX,Black,M
C83626FF4A05C39B58E9728CE192161101911BA30DE8E51997404D0893D67388,Clothing,Dress,HRX,Black,XL
D81104869FCBB9CDD3E8AB5F6C82280B71F36BE7D0C6E193685C0DEDE6C6182E,Clothing,Dress,HRX,Blue,L
A541E056B5E26C733CEABD7D45862C7291EC4B20F6F07A318F1DB46F81946A7C,Clothing,Dress,HRX,Blue,M
8EC55E99267676F71C876BB2C41A8B934D92617A4AFD2C8BBEDBB92961F58473,Clothing,Dress,HRX,Blue,S
4A9A2D64C745C5C4B372EA83B0D032B3FDCFC2BC26E4DD28782191A77E7C4DCC,Clothing,Dress,HRX,Blue,XL
4C5F8227B915BE58D4D66CBFFD163D771CAB422084B897103EE6CC2C233A52AB,Clothing,Dress,HRX,Blue,XS
815FCD1F010A418E48E8E588E42FF501E5179B48C4848B04B748E43FEA149AD0,Clothing,Dress,HRX,Brown,L
A2E71BE095CAE065183758EEFFF09A57A1C122CC47D19E05EE7C12D62432DCE1,Clothing,Dress,HRX,Brown,XL
1DC2E99A268443676B3C1A95CFE087392A4C87BFC25E74711866698A10765DB6,Clothing,Dress,HRX,Brown,XS
B69E285830D40EE484972B774EB6E6D66D2EE21888860253BBBBE27EC0AF52B8,Clothing,Dress,HRX,Green,L
CE46995D3BD43E029DD9F073EEEB65C01F372E481D68149EC4BAAE0AE5E844F8,Clothing,Dress,HRX,Green,M
9BE5603796F93DA0D75E466953141A044654CABAA247569FFCC54BF06764F28B,Clothing,Dress,HRX,Green,S
04FB821A973B3247DA33FDC1F17EC6432B658A3A23A15E1217CB85FFA7D2C142,Clothing,Dress,HRX,Grey,M
D5CF983FC54C9291282B0A2ED990C3B2A30963C20D21F1C0C7BC8F9542B57BC8,Clothing,Dress,HRX,Grey,XL
1BFC026D96C8666417E576706E4EF4906D8F6D91F50EEAE7B1A7735ACD7CDE57,Clothing,Dress,HRX,Grey,XS
7AF3D2BE0162503B925CD0AC2D2854EFE54AF41739AC4AFA2A79B4C80073F3D3,Clothing,Dress,HRX,Navy,M
A09C4856A72CB9ECC39433F6D63B029BEFA04B9F1728D45B6B0BFED089C4D983,Clothing,Dress,HRX,Navy,S
248E4A4579A253E7197AD0C2E5C172B6CC95EABF3AE39CC47A16862A28001321,Clothing,Dress,HRX,Navy,XL
E8F3696866C7552F8639309EFA5F334EFD01BCA95109652C3C28D0567740D3CB,Clothing,Dress,HRX,Pink,L
EADF598FC1656FC79E00674C922E84B7CF465A573C20A4BFB1CDD03439AF3B7B,Clothing,Dress,HRX,Pink,M
A15447ECD3B592FBE73AB2339EE0418BC63121305A72137D6D623AADB2DEF2C2,Clothing,Dress,HRX,Pink,S
0EA31DAC1E5404D63AA413EABAE0E1904852B08243A349F109D78AE82BE14960,Clothing,Dress,HRX,Pink,XS
38596B1C75AC2F8F7A164FF7921330538C53BB2E9384C474CD1E0F85AD3CCEBE,Clothing,Dress,HRX,Red,L
038247AD160D2358EC24015EED241E80DBD012BAB631BDE408159BD0BCD21238,Clothing,Dress,HRX,Red,M
E51A48120892213B45C1914C32B1D4022BD58DD5C3CCB20FA2A513A9416A3A9D,Clothing,Dress,HRX,Red,S
E751E188B541F326079A326E71FB171D46C5DC1F895FD3C1694FC8A9E71C6BB9,Clothing,Dress,HRX,Red,XL
9008B015262712CD25E0901152D4529C7976FC7567B1E570640345E89F57BD69,Clothing,Dress,HRX,White,M
1335936B9A009D50808284592FD4930528330DEAB85B91CCD8E464F392E14951,Clothing,Dress,HRX,White,S
4AACAC2C9A1273F8C91CE544767A5245CBE949C543223A74E352357C6FA86345,Clothing,Dress,HRX,White,XS
93D1CCDF732A0E5475C30E24016D1989CD0C670AB8EC236C8871DFD47C6AE94C,Clothing,Dress,HRX,Yellow,M
F7CB6FDA776096BDCC97D5B7F3BCC4474CB3AFA3F73CFC07D2D032C3407C09E6,Clothing,Dress,Levis,Beige,L
2AC2E7A1C4C7091775DBD5F814D3888D4F15AC4CF5909224BF0A29326FFC9087,Clothing,Dress,Levis,Beige,M
A9AC1503C7817E5C6D130495B7FFDF8BE6DDD34B053B34DC072B5BEDF8D833FD,Clothing,Dress,Levis,Beige,S
1F8E604B10B8F3DD5B4E660BBEE06C47B8C1905A5C43DA810294F6BB050F480E,Clothing,Dress,Levis,Black,L
13EAD1C64260BB738D595D6B699723541C84E3B85283D0F67FA402F400416577,Clothing,Dress,Levis,Black,S
3E524FF05CE09E99446DC654B5F93088E905F2BDBE6BD3DDFBDE3539739AE4A2,Clothing,Dress,Levis,Black,XL
9AFEE9E6B2292F332B9DB5AB6D7207C28BB36FA00587FF46B44DE994013CB8A7,Clothing,Dress,Levis,Blue,M
72306DF951E24B4C05FF5A34A702146F3B6C71A7E474D6AEEBF4AD73650A4D56,Clothing,Dress,Levis,Blue,S
F31237A2A308AD83B3A01F3D680431640380739352BDDBF307730DE1E8D12D3F,Clothing,Dress,Levis,Brown,L
F1611A51854CB18A165914D76A74CD46F4B4E0A7D78AC4C19E3D4C0979D365AC,Clothing,Dress,Levis,Brown,S
3F9ADB7F74ACE868B81BD3DBC6B6D852381C43EB4B567C0796426CC7F128302B,Clothing,Dress,Levis,Brown,XL
353852C955E01E94F1475CAFE21253A5EB93CD718E062BD4FD79FCA0178E8127,Clothing,Dress,Levis,Brown,XS
DFD6143675E284584FDD7DF4DCC3FE0710D482E8FB5786888890F5D6130431B7,Clothing,Dress,Levis,Green,L
3297661371CFC07C59351899C74652F3BE6A5AEF180B215BBB3419F76F5374A1,Clothing,Dress,Levis,Grey,L
061C0C38B0AB257B266EA3083D86ED79A8E2C3D5016C0A6C8A16CC2023F7F5BC,Clothing,Dress,Levis,Grey,M
F53576D08BDADE6EA9CE780FCA146AF6693C2FB9D91CAA11FA7B167FC2458151,Clothing,Dress,Levis,Navy,L
DA23AE24BD8A1897617C8BE6029127D659B06906DB71E2B4C0E93D8B554E89BE,Clothing,Dress,Levis,Navy,M
44900A1613EC8C87A0ACE16031640139A13C9C9B4F4D036966C5E632BDD7A1CF,Clothing,Dress,Levis,Navy,XS
58BBA43FC1C769F0EA5CF27545EB4BC9DFD6C140312BF78E81D6C2A4E986AE35,Clothing,Dress,Levis,Pink,L
7C20827E02630F6BEFC5D5560035D464444EB22CFE315AF78C283ED128791B1E,Clothing,Dress,Levis,Pink,S
475996DA73DA1A0DB5B319C3B9207626F0471EBA51E4A8AD3C454D39012FD382,Clothing,Dress,Levis,Pink,XL
B83F628D57F89C68FD67DEBC3F8CEE0F621D9D7208AFCCB9AEBF7304EC45C078,Clothing,Dress,Levis,Red,L
931EE8C852A9D53075DC9B0B139B504E4604785B2DAC186651E2A693D426A831,Clothing,Dress,Levis,Red,M
C5BE7D3D383343513813844379EF1C6393072B61A2214C6A7A595EF5AEE3529D,Clothing,Dress,Levis,Red,XL
569AA800F4CF35BA257016080420E8ACACD90DCA922743F61F12DB3DA52E0559,Clothing,Dress,Levis,Red,XXL
E5DF917E952F8A213BDE4B0C1F93C823C33DADDF3283CB637865C0E54ECDAA15,Clothing,Dress,Levis,White,L
10CEE9E11CFF0375FEABB4A9C2FB9709378417236C83C361BF88B809B261BF06,Clothing,Dress,Levis,White,M
A21FE705A935294B60D201887324E1B63166E3DD29B32E267F9FFC79D54F1C02,Clothing,Dress,Levis,White,S
1136A95B03C97565557596842B1A7A0327B0BED4FF4F0EF3674557BC6D5FEC01,Clothing,Dress,Levis,White,XXL
395A20B4AD10C02B7EC66C56D5834C7E136884173BB9761A726734AAB8753E38,Clothing,Dress,Levis,Yellow,M
4F0105821343FA32AAC9CC5E1E08BDFCC709332C0B8563BF4388017E0EF1D08E,Clothing,Dress,Levis,Yellow,S
FB782E2149D8F9C238A81BF6F73FC5F752FCC1B72EDC7187C963DDC57CF8321A,Clothing,Dress,Max,Beige,L
FD00AEDE9F6B3363A6A01821B1CE7AACC9BD46E1A1237311C3C1DD6881D44BF3,Clothing,Dress,Max,Beige,S
06F3760CC85C76D798EB6ED8EDE5726904F1EA2E957716441691BC7D9C62D072,Clothing,Dress,Max,Beige,XL
EB558C046976F0A2AB7C7DFEF17BF094F843B48CD6A3309E850AEBD39B1A7EBB,Clothing,Dress,Max,Black,L
6248F2EDF4736DBB369784817F8FC3BC5B13C0CF912F990160511522D3AF4044,Clothing,Dress,Max,Black,S
BA965FD20955270946AD1781E1C79307B954D2F6BD6C283809FEE4B6257EA6EE,Clothing,Dress,Max,Black,XS
B120DD891CDA972863051249355ACFE76D596ABDD80D70F8C86F59F4F4BECF21,Clothing,Dress,Max,Black,XXL
9B99B2A38A9DD484C047202A4A1E2EDA94E095CAF1EF35F70E5FEFC0E6453AC8,Clothing,Dress,Max,Blue,L
3C3C0723749B863AD7EA43C26B9BE62B4231467FD16B69052D9F1DF72884CC9B,Clothing,Dress,Max,Blue,M
02C9D23874F3BF3B2821EAAE410E4DD8AAF80F6B311F676689BAF2C6FC2B49F6,Clothing,Dress,Max,Blue,S
27A9B1C6F532FC5FA21BCBB68A193025D80F55709CD94324522EAD02339631D3,Clothing,Dress,Max,Blue,XL
D9B982C54131075897D85C066F9D04E0730FF9714A4050E5E278D4CA721F5AB9,Clothing,Dress,Max,Brown,L
AD5604D08641B8CE2A513675AB96347BC13A831D1EAD4DE3E3EDFF8B78D803D9,Clothing,Dress,Max,Brown,M
14D1E2688BD116A43F6E4D1D4C132E1ABCA56FF1A4FDE4D146662B68D99FA63A,Clothing,Dress,Max,Brown,S
1D449E77ED31682FA5882BCF8AF10DC8557C9B84655E01D734C0CD4F2D5A4BDE,Clothing,Dress,Max,Brown,XL
58ECC523274AC79C78ED46D2FECE9774C478CAEA09D0B828A493CF5079F7EEDC,Clothing,Dress,Max,Green,L
1106C432616422178412CB74ACD63590CF43DF5E1A8C8E28CEE67654F044A6A8,Clothing,Dress,Max,Green,S
8AC5BB37DC6C00F3F710F2534B7B0FD34FC7339BC7014CA973DFE9F645872879,Clothing,Dress,Max,Green,XL
54D50B209AC3A5F7EB805DB0184227F3B234AD07CB975DF1C46078D373A5A5DE,Clothing,Dress,Max,Grey,L
E56A8F6A87FE49AE0C065039DB69B5951661D7A00B6AA2399D76B47623E7AC4B,Clothing,Dress,Max,Grey,M
A525C21174101861D5924387191491986D10AB23DCDB6A1507BB0A88067D1D17,Clothing,Dress,Max,Grey,S
8DB1AD975A5C24AD461D8A289E930F9F619FBBE9582200918F123047904327F9,Clothing,Dress,Max,Grey,XL
5B49D718BC7E395ADFCD557141EA569D156706D8BF3114BB7ADA920549AFABE6,Clothing,Dress,Max,Navy,L
8C31A1B60D9F80BCD0793BE4ED97D8B494ED12E3545D1E8B57E9D1457FEBB069,Clothing,Dress,Max,Navy,M
C69B4481CADA83D6D96BD7A8C369CC97E7B4A83F0588C2F32E19B782148F850E,Clothing,Dress,Max,Navy,S
2FEE802E603E29E690241AE0D75110992394BF6DFA08E6BED6D5581640487762,Clothing,Dress,Max,Pink,L
856A238791ADF1D323A583C455435278272B3058D995432339FCFF5C9A318ECB,Clothing,Dress,Max,Pink,M
159652097826189509C2D4FC02F3E114A2F15952D01E5188EA33C680FF9AC0E0,Clothing,Dress,Max,Pink,S
EA04577B839E57418454D4361A0212702D28CA7638569BF8EE017B4A65C0F614,Clothing,Dress,Max,Pink,XL
AA67702B7D075808194AE78B80826A08890983120BF3C413F7A9C13576B8E3BF,Clothing,Dress,Max,Red,M
FB15813941EE33107CCA0465D87C31EA61E9E951F52657AF132B8D56E4782E41,Clothing,Dress,Max,Red,S
4C83F4BECFD272BC05CBFFED1C24331FF873024BA194DBE472008105D46672D1,Clothing,Dress,Max,Red,XL
ADAA1317170AAD30DCD53D1C415B7248B112E6260EA22394AC91899FBBC55749,Clothing,Dress,Max,White,L
98C0525FD30DEB5124D396AA37EEC0815A94E912E702EFD09680E690585ABA40,Clothing,Dress,Max,White,S
243D8606E89F2AEFEEA9649B67D52064367032AD15DBF9E6BFA52CA9AD9366D4,Clothing,Dress,Max,Yellow,S
D56AC6C8094D8B157D2ACA12754229313C6F75B2DBAB685A9E67D8A0D05331CB,Clothing,Dress,Max,Yellow,XL
627411DAC0311E58829A4111572E938E44F658DC96EE3A8FF4E5338563AE6E2C,Clothing,Dress,Max,Yellow,XXL
4E145C1E6A010BB17F067059A71BAF937DA97B21A9DF470969AA365E85D5C80A,Clothing,Dress,Nike,Beige,M
9826CED58DA95073341D6A4307AAC116BA951FF7874E56D6BB51857E7A439EF5,Clothing,Dress,Nike,Beige,XS
780DE7620AD4D210F849063ADED4296BD632D1F38BA5170BB65459274A7FAEF3,Clothing,Dress,Nike,Black,L
8774AE3A6C4C7BBB0BCDCD254D75B4812459150F81B9683FE46299DFC4DC998D,Clothing,Dress,Nike,Black,M
366A7385FD5CF51F713E60957E663B4C8DE73B7582C72CD924919D38D0326E18,Clothing,Dress,Nike,Black,S
1E76263884DE9C5405908B67297F82B7F2C6BBF111D76E3DF54236C2A533E970,Clothing,Dress,Nike,Black,XL
481856CB648ADE093CA0483458813FFBAA5B65B0BA44574AF03658E722DFA2E6,Clothing,Dress,Nike,Blue,L
330CD9DA4B77FFBEF8E4D3F23434F573F927034D1A862726EE5AA5AC9A7CD234,Clothing,Dress,Nike,Blue,XL
4206F720717D3C2CB84AD51A28AA8077946180B069AD9271633A56E5E55C3321,Clothing,Dress,Nike,Blue,XXL
C099DC502E4FA20BEC51581778E8B43700431643CCDDB9212F386847D78260D5,Clothing,Dress,Nike,Brown,L
90B315A1370FACBBAE0BB0AFF583A26CB4A73BAC80B6251A3B8BEE71A9E3F0A1,Clothing,Dress,Nike,Brown,M
3B1B5D394195807DAF629D70B5FCCC3263D6A6459EBFFAC1730D6648D6F87A2C,Clothing,Dress,Nike,Brown,S
5305C8974B8C283A9596A73B0F4A2D3338C7BE8E8A020520D2DDD3A7B88A018E,Clothing,Dress,Nike,Brown,XL
C4CE972FFF8EF46111D29AE6CE9E72E89FE51412CBD6AA13B07A9B124C4E888E,Clothing,Dress,Nike,Green,M
6D0AF0A3DA6A83439B52BCC66CBA01AE9617AC34DFEF45DFCB004F8B2A35892C,Clothing,Dress,Nike,Grey,M
29875E4ED75526BF76D8F7CFC78827EEC11501585A9996F0073F138C54253FD6,Clothing,Dress,Nike,Grey,S
E57102C08CAD6B3ACF16C4563E00D0D0C824E155753DB0F971D1BFC376809425,Clothing,Dress,Nike,Navy,L
4189C0EE0C59CC6DE6FB745EB0440F190EFD7D5E31A9B9EA66B0E98C61C5F048,Clothing,Dress,Nike,Navy,M
DEECEF504DBCC5F2F18C7D47C6C1FCF3F2440CF25B5637A55AC30DC9D9897593,Clothing,Dress,Nike,Pink,L
812DDC3FA3C145E168F55F0673F947600086470144EC69DD73CE8A7996CD5FFC,Clothing,Dress,Nike,Pink,M
EF1CCF9BAED68D644A4A11AD2C832798D553A238871191D65E2EF2B06F0322B0,Clothing,Dress,Nike,Pink,XL
5A57BAFCF990D00223874ADF3714CFB343392FB5CAFB71DAD29E367B07885ABC,Clothing,Dress,Nike,Red,M
EA2137DD44747F5C15602D43DDC3970C5602A600BAFDDFC829620C179352FA2E,Clothing,Dress,Nike,White,L
018FF9DD928EB032C98E901AED79BC81CA4B649F5DFED47249FE0216E1C74256,Clothing,Dress,Nike,White,XXL
47EEF2C8DE0957E79B025D7C657357EFEB2F236754668F9D1708769E5E763AEE,Clothing,Dress,Nike,Yellow,L
58C31A48DBA67F678CB26F1383A3074BAC7E431BC354108EEEE51013BDD5F2C1,Clothing,Dress,Nike,Yellow,M
9EB9D4DAC641E4503E18B176F6FB3E1619E57B22C371E31E0031085CA2478BF3,Clothing,Dress,Nike,Yellow,S
6EE79D8CE3CD7B55250C1601223B588D023BAECF0D5817EB51183A28126E352F,Clothing,Dress,Puma,Beige,S
BF36CCD55F69929D547097D1096194FDC5AA8A1D86FD4CD63BAB223F27A9FE4C,Clothing,Dress,Puma,Beige,XL
77943ADA1BA0B3924997D28A8CD950B3D0441106B50AF63C7348A2EE98251E09,Clothing,Dress,Puma,Beige,XS
726ADACAEB86F838AC052EBFE23AA21AED595739E7486026932CA96040DC09A0,Clothing,Dress,Puma,Black,L
B9529CE89CCE9594445D9178D41A2852527137FB3AF72FEED2E8FBD4F6B7166F,Clothing,Dress,Puma,Black,M
FF51113B015BCFF60FCF2CFFB8D8790A5480228590624BA368FD58BFB1FDF522,Clothing,Dress,Puma,Black,S
5548F493F32B7EC55D9726CC649F7033C7A54FC58704B54D16BCA5DC327B9138,Clothing,Dress,Puma,Black,XS
FA311CE13E38154FE5DCF28CB82483EC63126764D0C9576035F058FF8DF3E8A2,Clothing,Dress,Puma,Blue,L
217BEBCD0DA1CF4C998CDAE57D83B7DED0C561350FEB90C068D7B5BAE18231E2,Clothing,Dress,Puma,Blue,S
B94B3823D06CFBD9E47DA918717B6993CD354CC712FDC322D2E99FDE50F61550,Clothing,Dress,Puma,Brown,L
BADA0A6C1C0961E51FE5C99039829886C6AAACE3060A4F49658F715BF1BD6575,Clothing,Dress,Puma,Brown,M
AE5C277038EE570733A61A66477CD21601AE9F000DEB8FE31A144118AD775BCB,Clothing,Dress,Puma,Brown,S
7EDDEA3D5B22798018D24A08FA2C965B97F6383171A9F8CE8E350210ACB915AC,Clothing,Dress,Puma,Brown,XL
B3814A5F0D6074D639B7F9A52929C5061A95AD329A4C0F74DA8C7072E8629942,Clothing,Dress,Puma,Brown,XS
866694B86042791F0E657D4899C23DC800594EC260A297F85F3A496236FE6602,Clothing,Dress,Puma,Green,L
B24AEE71A97B23CF6EF9DF1495223918CCB585659FA2A010110C93C3033E424E,Clothing,Dress,Puma,Green,M
05F549633C7B08D8C4E712C2C4EB2819D8CDF2D1F099AA1BDE4508F36876F219,Clothing,Dress,Puma,Green,S
F6CC8E57FB2F8A656F7E693A0B4FE775374A475353A0CF10B0857F5AD95FF5C3,Clothing,Dress,Puma,Green,XL
0B4D8585825480E1E21942029074D6D131B7B1811182B5719DB188C5E1409B03,Clothing,Dress,Puma,Grey,L
F2239D53C5EF298FB3A24650549D7577FBCD38671ED960535E3C9DD01995788A,Clothing,Dress,Puma,Grey,XL
FCD40C51BE93DE74AD5E2D40653B3E2619490A8413F955A7395DFE5FA2B99F8F,Clothing,Dress,Puma,Grey,XS
9671AED140CC4D7329B93711B01A4528D5921AFA0A4077D547C0BECB36AB88B9,Clothing,Dress,Puma,Grey,XXL
B1EA012931A222501B741BDEF0C3BD8A8727D6D59C6D2E2493934A7EB734C2A3,Clothing,Dress,Puma,Navy,L
D8939C1F40A730BCD046B59DD3085D597EA5FB16D29E03311045D95C677FA650,Clothing,Dress,Puma,Navy,M
F285B2D5FFB923239E4F8DAA69A36F83ED9AF26729B831F3E8BAD76BB1B4C4AB,Clothing,Dress,Puma,Navy,XS
4505B9FFD28CCBE46ED7B6D37DFD505F123FF5ABA5EB6C667076C45BB3B1F590,Clothing,Dress,Puma,Pink,L
71126DD4F6EAD96045D0DBB39434527A7B88BB23DE633E4C8A24218FA0381ED0,Clothing,Dress,Puma,Pink,M
1564B51521F9E69A3F3F5C9C2B361A21751A883309466B40A341ADE258B40809,Clothing,Dress,Puma,Pink,S
FA33AFD0FBC532A1B34E4E69CB6AF1A31D7EF3692A938CD481BFE6EF5EE43323,Clothing,Dress,Puma,Pink,XL
A78C5AB7D898E8652AA5B911969F4FB4E8A5D732A64102DE0F8D812B6FF5C50E,Clothing,Dress,Puma,Pink,XS
DDFDEE0C6D90C1C6E3A22A0C5A0F2A3B73B7F6880CC54512471786AF8002BB2A,Clothing,Dress,Puma,Red,L
B5AEBF3B4A747F2C38BAC7802BED1C0ACAD90166B9CA850683240DD823A6E575,Clothing,Dress,Puma,Red,M
D5AE8A84CDB4A0533498E02E5C274FDF6A05D33C6661E9C65666D82AA0423787,Clothing,Dress,Puma,Red,S
8D28387270E02CF09CBC4F69DB34310EDF1B8C60FB7C4FC6270E1CE2B2228C39,Clothing,Dress,Puma,Red,XL
07A09E51C7B096CE9A1177CE5F585C97217C3B646684ABB44BFE64BBD8C46ACA,Clothing,Dress,Puma,Red,XXL
E687F9F2AA2642440F36252C478D65D05B746C6730FBB9604303B74A743A3448,Clothing,Dress,Puma,White,L
A099231F4F58B0E59C22C38BD9C5ED0297D5FF1275ABFEB3A918CBB04552953D,Clothing,Dress,Puma,White,M
FB4FF9FBA1F6F0153EE85028FA960B7DF32CC1FD89492A72224AD8F104A6393E,Clothing,Dress,Puma,White,XS
848592DC6742B599A29792B453EE1A399238B1677A0EA813B4D9CF216EBBE90E,Clothing,Dress,Puma,Yellow,L
8168CB8BC95A1FCDBDFCB14143A0B41BB0D87E0D86C0BACBB7CDD50A0FF556C6,Clothing,Dress,Puma,Yellow,M
C5ABD516F3BC1F173306FF18BADAF854B2FC378248E5359C9FA81407F15D0D14,Clothing,Dress,Puma,Yellow,XL
BECF252681D7AEE39A229AC12414FC37191944BF0ECA8B798C39A6916FA87DE3,Clothing,Dress,Roadster,Beige,L
786E92FAA7A3F40F91BF5B494B55064274A12611B4888B2F80A669445F9AD4CE,Clothing,Dress,Roadster,Beige,M
301B419191134796D88485C9F4940E1E22C13807AADEF7C510CB82F3890E5842,Clothing,Dress,Roadster,Beige,S
BB44CC3053D23862DFB32CE50B150EC0AC78E7778459F7B3C41E9ED59863B222,Clothing,Dress,Roadster,Beige,XL
5F530EE897ADE79322206B8B10CC8D785FD90D741BE490A38DBB3AD5F46F5736,Clothing,Dress,Roadster,Black,L
D0500B256696195D3E46EFF1E161A1BEB7EF7481B7602EC218BA49D1C516EA0C,Clothing,Dress,Roadster,Black,M
B6CEB584063D36199BCA58C4EE7FC326D3BD7E2ED5D9076C7BAB9480DABAE7D6,Clothing,Dress,Roadster,Black,XL
56CADF7B950C7905634F4DC1D999BFE12B4105D0427FD841FC83259796E46178,Clothing,Dress,Roadster,Blue,L
0F221A18CE0D2FDA3D6ECDD732DB6B0A315A76BAAEE3B37D0A11A97119E65D20,Clothing,Dress,Roadster,Blue,M
6BA68A5ADC9826ECDF34E6986AD7881BDAF41BAEA4D76422CEEEEDDD8FDFB2AF,Clothing,Dress,Roadster,Blue,S
8278029FD27997A9A039FC73C9737E1ECBFEC3395679F1D3F7318079F18E10A9,Clothing,Dress,Roadster,Blue,XL
A2D7C1A5D85ECF9D2CBCDA65C3FC548EBBF3DB506692FB53126A82EC2FA2E100,Clothing,Dress,Roadster,Brown,S
811BD92F6EE50EFA91177EC1650967AC9ADF4FBFEA8785C80193C2F319E4BC65,Clothing,Dress,Roadster,Brown,XS
797DA75BB0342CB3D659678ECF71437803FBF680FECE39F5A88B50C508E6330B,Clothing,Dress,Roadster,Green,L
46C5978F589A1531C11CE6B22E409F7034738FAB100907FDDF89D051898D69E8,Clothing,Dress,Roadster,Green,M
86C4DA187D23C7BF55B5A9F3D71D33BDD5F6DABCAC8C81CA090088B390908574,Clothing,Dress,Roadster,Green,S
344462B2293E5A3100F9C5684F5D62D8B03866D6339B220F561731272AB431F8,Clothing,Dress,Roadster,Green,XL
B55739B1701CA5227912E4A3CEEF35C59164C70D94129D427880BFA0E8374157,Clothing,Dress,Roadster,Grey,L
204B9366F7EC20C5BC35E300EE3A463D4F32BE643918ECB796949F3ECBAD895A,Clothing,Dress,Roadster,Grey,M
DF5F120D5DC57FF94A7AD38FAB4399B56FEEC705CA1CD15A585082819ECC4C09,Clothing,Dress,Roadster,Grey,XS
3696FD68C04E4097B41B78CB70526C8690679EC0FA249CD458C3FA50BF89FA1A,Clothing,Dress,Roadster,Navy,L
6CF0A692689EB2CBE6388A7DEA81CAB6A44922DC703E7BA72740239ECF64778D,Clothing,Dress,Roadster,Navy,S
7950868E8C5FA823D35C91DC4EAE602F4F99AEBC065560BD2B71BAEB648396E6,Clothing,Dress,Roadster,Navy,XL
03FA2CD71709FB69383F58BDBD7AAF42A05A649B0726CD54F6303A468534AAD6,Clothing,Dress,Roadster,Pink,M
EBA691C99EE7574BA967D57A60CD356526E6A392D3E79312EAA47D10E34BC732,Clothing,Dress,Roadster,Pink,S
D95D7E54580EA95716616143400234FE43075B9C9B19E81607E70EF03DFD806C,Clothing,Dress,Roadster,Pink,XXL
AB91411DA03319F0BD2486B8B187FDB1401FD506B998CCA6C0A1437151F2C52E,Clothing,Dress,Roadster,Red,M
988464C230BCB31EC601A500BB5626E5E5B1DF22D940F0C80DACFB9123B3C050,Clothing,Dress,Roadster,Red,XXL
3C44710C390B0126646435FE121963ECA30C81898D561EE53C64E9568F16CA55,Clothing,Dress,Roadster,White,L
B246AD00F11D165FA4AE8D45907C73FC93C6D2BA0DEA23A0305670BF08FED41F,Clothing,Dress,Roadster,White,M
864F41795DF12D4004180CEE39EB5051BB15CC8C8D8E34C953464164498E9101,Clothing,Dress,Roadster,White,XL
B3A2A0687275DA33D335AB59F9A9AB2CCE3A0F2353A291E9B3C539B8CEDD96DE,Clothing,Dress,Roadster,Yellow,L
11CD48CEE34BAC8704DB7733DE7B6DE78A81208EBFD199B3B67381EA41985B81,Clothing,Dress,Roadster,Yellow,S
8CA07595EFFBF2CCDCEB0C96B77490A529CBE2DD26E3A42803C2E1973188AFFF,Clothing,Dress,Roadster,Yellow,XL
A991D6647041A3B62B2EEACD402DC05AA4C995D6401D2D997B6DB5025DB1FBC6,Clothing,Dress,US Polo,Beige,L
BF0CC8B76085E34F676D370A715223832DFA1D9F987B576282F7C7F482068DBC,Clothing,Dress,US Polo,Beige,M
AE3FB8C8349D9536E6B83B4D6B09A9FD490161DC419CC3C91ED2298573CF5DE7,Clothing,Dress,US Polo,Beige,S
439945249A57B9E2A6E8012A885856630A1A71128434C032C04B28861CD00CDC,Clothing,Dress,US Polo,Beige,XL
90904A47E76509805BC30C888C88EDC778320490AC47451170DA7159206EBB52,Clothing,Dress,US Polo,Beige,XXL
043CBFC08E77E2CC45F87D73A221C85C9970C0FE27FA8682FD62728D2B60A134,Clothing,Dress,US Polo,Black,L
2411796CA75C4ED2548C64E2B2C257169A9D157263A6806C9DBCB1CA2AEDCD4C,Clothing,Dress,US Polo,Black,M
57265D6E04E0C15374D000CDC0133A788105DEBC9FE833B1300825D5E8394F0C,Clothing,Dress,US Polo,Black,S
316F56AB8D856A2A95D93F6F7A02AE99A3859A68FFD4B3771434B57FAAA641A4,Clothing,Dress,US Polo,Blue,M
42C82D9B9131980B4EFEE637C4B79AEFE572EDF9A627872F6B5C3A4F15C53F39,Clothing,Dress,US Polo,Blue,S
4466362EC674BB147A899EC4198A21580BCD6904A29B35678F249C68C43F2613,Clothing,Dress,US Polo,Blue,XL
8AD8CCA47E81A2FAC290ECA62EFDA13B7BDD14451555CA0B19EE88C7D7314B6F,Clothing,Dress,US Polo,Blue,XS
7EFF39C46262A31B2558948E9406DB5B959E8A99E5F004E4BE7FD13721FBDED7,Clothing,Dress,US Polo,Brown,L
F2565AAEE73FE0904018946696DCF6E1F65997904D24575CD1E0E56C4B9D1259,Clothing,Dress,US Polo,Brown,M
9DBB9353171469E7DDFFFA6391AE16969756C7060AF69CF37E6D22727851C164,Clothing,Dress,US Polo,Brown,S
BFC02679D7C35FD7CA1D0DD601FEA140AFDAD9EE6BA2B908F6E62A54D99A3BA5,Clothing,Dress,US Polo,Green,L
34369E06A96F000ED9C2A1399A6F2B4F8186E5422C9049C158C70E90659183D7,Clothing,Dress,US Polo,Green,M
7534C0EA03DBF0F2226FAE9BA9E771B93E29AA20D9F6A15845196F2EA0A87903,Clothing,Dress,US Polo,Grey,S
64944047A15F11ED87C030D86F5C4A3844F425DA3C710E647F1E4C81E085121B,Clothing,Dress,US Polo,Grey,XXL
C06EFC1A1E0B8773E955DDA6110371B5EA8E9DAD64A012B0E3245DD337129CAA,Clothing,Dress,US Polo,Navy,L
E5BD1586A3CB2CEFE981AC1E2DB5E5B6DD9B178585AB83DCB9E8D69377AF7943,Clothing,Dress,US Polo,Navy,M
86BA3BD6268F039698A16A9D39D15EB3E6439E507E8B754DD0B6ED94C42B022E,Clothing,Dress,US Polo,Navy,XL
639AF673750C450FB07F86FC6CEAE92CB782E3006F6BFF47CA3A32F87E4A859F,Clothing,Dress,US Polo,Navy,XS
46ECF70D0DCB1502EDAF71E0BC155130CB239D2DA144E38D8499ABE8CA34E368,Clothing,Dress,US Polo,Pink,L
E0A700571410E17E96AC6B36AC4D23DDE0AF98EF23F0B2606C42A683720ADF4E,Clothing,Dress,US Polo,Red,L
80EF7A8C5835B7DDF6B8527236B9374E6B746445FCF91A86A291F9662BA57943,Clothing,Dress,US Polo,Red,M
DF779FE2D2DA63FBD90E5E8CACEC6634C874619B42266E60DF9EBAF5B25202C1,Clothing,Dress,US Polo,Red,S
D65B244075ECDF9FC7122752B6711BC8D06F80D45351227855833F6E58FD6B4D,Clothing,Dress,US Polo,Red,XL
29F413EE9E6B82F6D9D168CAD7C8815CCFA1A0CB49D23AE924631E349ADFE231,Clothing,Dress,US Polo,White,M
D375ADB29981E77F303E0DD26781D68103B3AD8B4A832399C21F71CB7A1E9B8F,Clothing,Dress,US Polo,White,S
B939B878760A17E481246C25FAA67985BDE95019E78D5B6EFAC45ACFFAF5F804,Clothing,Dress,US Polo,White,XS
BB3E6B6B148A1DA442948A01D9E5E041F3418A280C8F66AB15F5E65A24E5DF2B,Clothing,Dress,US Polo,Yellow,L
7F59F953568EDB82767967B0BD11BA30FD3B0B462E331651D01013F409C3AA2A,Clothing,Dress,US Polo,Yellow,M
485E4C2D1B8F517BCD7D0D6A527E956D0281CF2BAB94277684198F207ACD3236,Clothing,Dress,US Polo,Yellow,XL
A00B627615F0261AD27F51163D3CCEE20BB9BD9E9268E93ECF08B92F30540185,Clothing,Dress,Zara,Beige,S
9631A39BBBBAB689624F546928219DA5E8C0D14F2C139CB69572DBACB7BBE4E1,Clothing,Dress,Zara,Beige,XS
B72864B59588C0BD9E67C31924AAF681AFFA5934A44EC9EAD281FBD554E4DEB3,Clothing,Dress,Zara,Black,S
7C9B65D6EE0AE93213028A90087EC299DD4573C40ED3E9C257BB3D187C0239D6,Clothing,Dress,Zara,Black,XL
A0663C68D5F6784E0E4A883D73D90138F8FE78671FBA6471A080BFFE4845582A,Clothing,Dress,Zara,Black,XS
8700DA55AAEEA28099B720D62BBFB4BE8533F3EE6B7F40C2D286DB76CB9F203E,Clothing,Dress,Zara,Blue,L
3D4B677D7DE579EB0F6B00456535FFB404ADFFDBA8080F0CC0982EC3FC72D163,Clothing,Dress,Zara,Blue,M
F89A05756E0078353AA595D3C54A223623A43D6CECFEB3C3DBBE1395AC7B8044,Clothing,Dress,Zara,Blue,S
933C07FC69090F4AD85EE91F8511A3D34AADB3FE0FFA1F2B70DACF283B422B02,Clothing,Dress,Zara,Blue,XL
DE35B02096D7C2515C16A5EE62788E96844639032EB63748F9612A5EF8BE48F6,Clothing,Dress,Zara,Brown,L
488D14312706AABF80B53283EA1AA31F8D393F966F0313E0278BD344C54203E3,Clothing,Dress,Zara,Brown,M
9B972B8297799B6D3E53968FBFBC884808EF8A265F7A6DF4B48E64D6AC710397,Clothing,Dress,Zara,Brown,S
48E39A63DD738113F8B0D27D580E73E2F6851775D19AF86BD99747D73C744A17,Clothing,Dress,Zara,Brown,XL
37AE4722A6AFC07CE8A68811E9A5AC10859AF9EB74CDF7FA37109A207530F792,Clothing,Dress,Zara,Green,L
2A5310F8CB10BD9FFDFCB004C1530CECBD7F17A9A4BD842192CFD811B47C3F01,Clothing,Dress,Zara,Green,M
A84B4E9FF3A22A5D02666A666E791E387073F982501539A5980FD2BC946EFC23,Clothing,Dress,Zara,Grey,XL
9BC5ABE8574334E730A0ABE51580C840080E746D723288FDB3D70E8499172861,Clothing,Dress,Zara,Grey,XXL
8DF5E3C7F3DB568BF7D6425B2425D18506746CDE17B0CD9CE59BD233C16A0CB1,Clothing,Dress,Zara,Navy,L
EFAD44C4E1F94A76E637B459936BD645BE36A441EECBC3DAB7C64CED0A5CFA44,Clothing,Dress,Zara,Navy,S
15AE2E47BB7F713DC31DC85A1CB21D47589017956014A9CC5F07B48BE3411BDB,Clothing,Dress,Zara,Pink,L
A3CB4AC36AD2DB8B2B968BC8D3692BAEAC3FD52E9663934C4E8B423B11C74B94,Clothing,Dress,Zara,Pink,M
EA67D89F99D56CF613FABEADC511AB37B2C12FADE942C47D27E36732C1E69547,Clothing,Dress,Zara,Pink,XS
A8FA09FCCCC2F710D8A9A8273C58F0C74E742D2E5AF91021E7844525CD690592,Clothing,Dress,Zara,Red,L
2A1833DBA45BCAE0B77FF1A5ACFFF3E30BFB259D1F754C36FEEB5159538B1B7A,Clothing,Dress,Zara,Red,M
CB8BBF5F6744973A587EF57A01D1A5D446B0447897FF04F98BEA9AAE68824DA1,Clothing,Dress,Zara,Red,XL
E6C18FE0959683FF31BB45F6E76EDA5C815EFECFAE386786D1B04BB52A8326E1,Clothing,Dress,Zara,White,L
B0340F01796C537DEC807990378C865A308E7525E2D0B0ABB50D8E18A8F07156,Clothing,Dress,Zara,White,M
EC319FC3578D4C662A6210B8267415E5719692D918E9EE8486451AE31FC1E536,Clothing,Dress,Zara,White,S
7A31A405E4A995E2BD4E3EA0C186C985E618DAF29C239FEC789DE2B5F31D7438,Clothing,Dress,Zara,Yellow,L
34B3C4ED7FC8BC2CFC122D79CD1307AAB9DF27E5492593BA081A295AA8BBB570,Clothing,Dress,Zara,Yellow,M
572E1FE91094F7A093D33A644CC3A6C7C20246CBC3AE133CE7ADD7A5F62E20EB,Clothing,Dress,Zara,Yellow,S
E81476E1B03C6C98C990A72E3A80EB26FF93D897DB8643B8A04D8610357CE3E9,Clothing,Hoodie,Allen Solly,Beige,L
41EFF56713119CFA6342B228E7CE35874063A7909B9723BD0EF588D52058B725,Clothing,Hoodie,Allen Solly,Beige,XL
0995B11B856ACFFA372D4A6F57F41E94040D160F8693D0EA90F44F6383B7487C,Clothing,Hoodie,Allen Solly,Beige,XXL
0501F9371E4C35A7F7B0F4ECA33E2C1D7303AB174C25E8FDDADCDF7821E21B20,Clothing,Hoodie,Allen Solly,Black,L
CF3B63327A94E1C094F4DEC402D7001A38878150498E2AF8328F5082F2F89AEA,Clothing,Hoodie,Allen Solly,Black,M
347ADE0441BC598A1FB628FB9CE3AE01468F7394CC3B4953118C98F7C23BE979,Clothing,Hoodie,Allen Solly,Black,XXL
F53C2F74572FE6F6C6B575FA1A910F7339387D0FC3F12D7BEEC443D068822308,Clothing,Hoodie,Allen Solly,Blue,L
88C464B58736A70147D36743400B560EA08FB852C335A4EE9B5F9DF7A37B2D50,Clothing,Hoodie,Allen Solly,Blue,M
0EDD1ACF6B85CB60C5A9FE08498C901E55FB1F8BA4B98DE2DA70410881501775,Clothing,Hoodie,Allen Solly,Brown,L
4C1DB358AED576AA24BBF5D3C04B54E11EB0A57A2BA1E17CF5E990847F5EBDF4,Clothing,Hoodie,Allen Solly,Brown,XXL
F67369E59B85004E9948053C2053F7B196B7623B356F130CE4B289E4744C7EA6,Clothing,Hoodie,Allen Solly,Green,L
00502061032319F7CB0FEF62159BC218DA4B71C95E0482BC90BA292F08476832,Clothing,Hoodie,Allen Solly,Green,M
8C59A517890C2DFE4BC8F3DC5D60ACAA6032B813DFD2A7B7C67C955FE3123D19,Clothing,Hoodie,Allen Solly,Grey,M
7B10F61686919F77545270985E60A7D058CA61C47B1DADA8BB636D20A8D66892,Clothing,Hoodie,Allen Solly,Grey,XL
7BC1194E0C935E905394CC761D606F760F976FD49906A72EC2F8C2A3DA217E28,Clothing,Hoodie,Allen Solly,Grey,XXL
4706F8328A6E5160023C5A98EA95C36B25D2C54698040F3846110497B4E91834,Clothing,Hoodie,Allen Solly,Navy,L
CC2FFB63EAA10084FB3301C1DDB97BFDF5C4034DD4CFB032E16D6DFD2ECCA0BA,Clothing,Hoodie,Allen Solly,Navy,S
FBF7184DF3314C4536CFAA2836890B3C3CBCB10A93314F816EA53C52C1EA1041,Clothing,Hoodie,Allen Solly,Pink,S
1A9B4CBE8F78849C186563AD49BCBBBC543161D6C054925A4BA02A782A02DA89,Clothing,Hoodie,Allen Solly,Pink,XL
0396B1A81859FB4343E0E19805D28CDDBB7DD11ED4D382F54754F6A849081C6D,Clothing,Hoodie,Allen Solly,Pink,XS
49CFA9816BD637FA7EE25D973BDADE1BE193ED5AEBED9FBED6AD79A158911153,Clothing,Hoodie,Allen Solly,Pink,XXL
C7DD766E010F9CADC54E42B79B54FC1C8E52AC6496DC6FDD7E569B42386676F8,Clothing,Hoodie,Allen Solly,Red,L
3405B4BD52F5BC08904CC90B2B1201166BA7150D18F08564688A04063C2BD4E1,Clothing,Hoodie,Allen Solly,Red,S
FA118925F6E69404113D090320742B4B471D2F5F9902A7BCE4842A3EDAED349F,Clothing,Hoodie,Allen Solly,White,M
8A1AA4145B1C3E8650C5DDB0A1F555E130F16B176A6B59E8C4420B315C8BBF8E,Clothing,Hoodie,Allen Solly,White,S
8BC1A9EE3DDC436C72A48A68F6EFBAC7B02E58A55969A5D44DA064A235F9BE24,Clothing,Hoodie,Allen Solly,Yellow,L
41132F0F3C095190E6B4C7CDD0DA579CF74DBC31E92DC85265205C80170FA8A8,Clothing,Hoodie,Allen Solly,Yellow,M
2A2B3BA83876325C91035229A1C89CBF5F7B39600079ADF0D4C358B466DB0AE4,Clothing,Hoodie,Allen Solly,Yellow,XS
1B5F6D570A5E0B40CCAA287D0D96FF4234BD6EAF89D68772CE89C0A5062C82F8,Clothing,Hoodie,Bewakoof,Beige,M
912E50D0E8350CD7FE6B6EE7849AF341593B0FEB43530E5C60CA1264CE59F3AE,Clothing,Hoodie,Bewakoof,Beige,S
ADF194AB0A900147999EEA2CA123E46777E0B95B81BBF230708D13F42E0073D5,Clothing,Hoodie,Bewakoof,Beige,XL
ACF0C29D7F4249A53740281F23CA00BA84EA2AB219D529AE2BBA279301BF1F8A,Clothing,Hoodie,Bewakoof,Beige,XS
524190D8681803720B90536FA16F6DB6F77421A100A0FA9363E61A42AB377779,Clothing,Hoodie,Bewakoof,Black,M
B880F4F094D70A06F3823FFC043727270DFFC59B1BAD260716033BDEBF709466,Clothing,Hoodie,Bewakoof,Black,S
FF71EEA1C1FC268B320A9F0D02078E926AA15EE8C2B420C3D918A1C89D4351D3,Clothing,Hoodie,Bewakoof,Black,XL
BA45CFE7E6B7119DDE1D2341BD1B5DCE7CD42FC376C08B50010C73E2CE800070,Clothing,Hoodie,Bewakoof,Blue,M
B2E1AD76E2E2586411DDC9EA5735DB337950B929C7A3F9912B6C3E16005EE5D2,Clothing,Hoodie,Bewakoof,Blue,XL
1760B6019B8E0B990C685FB1AC21676C443FCCF8B4D243E94B0085153709E45C,Clothing,Hoodie,Bewakoof,Brown,L
AB4EF3D53863901E2807690258D5E7BA17E82C975A2B43A3EA86A8511B4E5A2B,Clothing,Hoodie,Bewakoof,Brown,S
6A23ACB86DD348966FE69092222F23717CC2FF7EDEF47CE93B8D2913D299F632,Clothing,Hoodie,Bewakoof,Green,M
9B4A84B2B9CCF25977D5CE25FF86A6A32C5E06D4449B154D706C24DB54DB9350,Clothing,Hoodie,Bewakoof,Green,S
2FBB85A7C0B07BC6EF9F749C79FE0D564DAB8B6BFF8B41EF035AE3FD80D7DF86,Clothing,Hoodie,Bewakoof,Grey,M
30EAFDC3FF8AFD15A455261305C3E10A2B4D9128592A75D4ECD66AF5CC0F9772,Clothing,Hoodie,Bewakoof,Grey,S
7D7455264E2ECE204E33D88185975C69ED21F8BFE0FC8931BE9521240E385BA8,Clothing,Hoodie,Bewakoof,Grey,XL
09B28F1909E4D712759778891C6B16EEBD09F8EA39B39A8C741AEAD8C1E8E1E8,Clothing,Hoodie,Bewakoof,Navy,M
BC61431FF3AE3F3385FCFFA792DF287D3AF5D775C3EE5622E58DC201F49B24BD,Clothing,Hoodie,Bewakoof,Navy,S
4199D4354A80EB8F5071CD7E046ECD6B95435FA4DBB32DAB9A09028C2382F0E6,Clothing,Hoodie,Bewakoof,Navy,XL
88BBBA3A13B23334BCEFE6875EA342D2E85581386D37EA7AA8875355D681434F,Clothing,Hoodie,Bewakoof,Pink,L
DA05E626A5E34455975DC21E7E795BF4C8747A6111AC718B70198AFB99F97FE1,Clothing,Hoodie,Bewakoof,Pink,M
A0AB5B22CDCB668AD45570BCFA523B31E6BD08794CAD95C73896052D562055D0,Clothing,Hoodie,Bewakoof,Pink,XS
5476E52CA4F99FB40150077DB1CA1D27D327DC6B4DFE10A40ACAA5C43082DBF2,Clothing,Hoodie,Bewakoof,Red,L
986460CFC71405AE0E779FF725E661E130AE6BCD2313CECB8ED7AC2E824FDEFF,Clothing,Hoodie,Bewakoof,Red,M
1142E568BE9B156E68512078ECB08DE6445E2EB1C71024A26576999C4C81A6EE,Clothing,Hoodie,Bewakoof,Red,XS
736161B4C9B7F8F1427B729A195E2B34C64A89D3F376E8C881EF5CFE2B75735E,Clothing,Hoodie,Bewakoof,White,L
47305D25984CF77ADD630C4C9EEE793B93D70B3166B054845C44B723B47A4A25,Clothing,Hoodie,Bewakoof,White,S
242628C10D2197EE1EEDC86017C88C037C3A91C1302F1F60A2C6FCC904B7F346,Clothing,Hoodie,Bewakoof,Yellow,L
7B41DA548DE9FBA0DA9E48716B4680E3294296F666DD7AA29B0895D366EFD285,Clothing,Hoodie,Bewakoof,Yellow,M
0FB8D5F11CE5302E3664E02917DBDADE866A3E505B75322532826465FEC3DD19,Clothing,Hoodie,Bewakoof,Yellow,XL
36CD7B4737DD37201FA4974A0561376AFA4B0AFD702E6070AB5BE6F8795E9AAA,Clothing,Hoodie,H&M,Beige,L
2D0D09F56DA892FB0FDAFBD6E70569DCB2C6ECA5B7EE133FF978E9E0A1EE6598,Clothing,Hoodie,H&M,Beige,M
0D1364968CAFA85680D05A67A6D6B661AC687CC01E62D2D2E268ACBC5286F031,Clothing,Hoodie,H&M,Beige,S
AF8209F55186B5A4183E7CDEB2FEC63C7A54F2BF3954D24963740BCDCFB20E2A,Clothing,Hoodie,H&M,Beige,XL
CAC0A0DA38FACB54678C627363AE5B6832C4C599FFA1959B0ED43B067ECE673E,Clothing,Hoodie,H&M,Black,M
636CEF5063EE189BE2EBC50DEFC6DE13D8597645B4782AB489E52FCD315B3F28,Clothing,Hoodie,H&M,Black,XL
CCF7AFCFABE6575833AFCF7FA1706A33A713E5DC653F71C2FC1FDBA1BCB5E4C2,Clothing,Hoodie,H&M,Black,XS
0960FC37BAB992786A6FB356396FE98EA6A56EAD25969E36192C3CDC94D0C3A1,Clothing,Hoodie,H&M,Blue,L
47EB9144F6F37AB22CBD8349B86951C2BC3320A3019776B51CEA28157034F03B,Clothing,Hoodie,H&M,Blue,M
C2DF5348A965D3017F90ACBC849A44722C72304ACF6AE362E90DC6BF4B56D362,Clothing,Hoodie,H&M,Blue,XXL
46358FD043684157E812CD2505D40FB1B0E413DD6D19CC952CFF78C2E9237AB0,Clothing,Hoodie,H&M,Brown,L
1A2E97F3B4F543824C5B40CDEA2F23C24D1A11D03A597EE6ED3170E75221395A,Clothing,Hoodie,H&M,Brown,M
4AD0377DCCA0E8DF261F6E4F15694DFC13410F23EEB8B6D481B0A65B9D38A741,Clothing,Hoodie,H&M,Brown,XL
8B9AB097B2596F4217DD43F242239F55630D126AA60455BC6388D9FFB59FC343,Clothing,Hoodie,H&M,Green,L
8C9A9E8B7B44EED379D283FC5F1469E8AD91C6BAAC3A363796322EEB6A4F3813,Clothing,Hoodie,H&M,Green,M
287059C536D7B2516106828FE8A26138AE3E62EB4E5617DD627B06461552BA9D,Clothing,Hoodie,H&M,Green,XL
A91CF6431A56C1E6EFE1321553E7271F387B2DE390B2DA09828E4014B32B5B28,Clothing,Hoodie,H&M,Green,XXL
8201EF12E3D1C2BF66953A5F4B24043A3878DA0C487F833C7D154B42FBD50D34,Clothing,Hoodie,H&M,Grey,L
AE2A151C12D2D60580B68779B223EE37123ED5948E3F3768654348A0A9ECC167,Clothing,Hoodie,H&M,Grey,XS
CD6CF04371562D1F27E54CB1BD2E6B1397218A6EED7FFD6B91DF3F8DBB8C4DDD,Clothing,Hoodie,H&M,Navy,M
257654E6D3CD3107EFE5ACE3798D057A6EAD677B2DBB8BC66E11BB40A33A24F6,Clothing,Hoodie,H&M,Navy,S
060DE7DD53BE85FF2FE3BEF182567C8C6FD55175DA512F0506AA7C832FCDE354,Clothing,Hoodie,H&M,Navy,XL
1ADB68CE96D59144731115F1DD0AACF885BCB93F3FC039A2E7BA0644BF0CBA41,Clothing,Hoodie,H&M,Pink,S
5186B7AE50D6CD27A83673ADDD3A960422385601C553E480D96CB121A9D81A07,Clothing,Hoodie,H&M,Pink,XL
417293BD15C9503EF991C5C14CE543CB23C636B66E91A888136480AA8E4122B8,Clothing,Hoodie,H&M,Pink,XS
D1EB0C4319B1858B7B2F06CEF25789A0FE1C2DBD2EBD035DA00250A56F19D6DD,Clothing,Hoodie,H&M,Red,M
CD890A0FA29197CA5D1DB5DCC6F40F48E5D4B0AC53842DA257D069B526DEBAAD,Clothing,Hoodie,H&M,Red,S
F1D11BB1B0143BC5754A8C80256251715DE41B0667B5F8CFF7C6A5CB033B5D7F,Clothing,Hoodie,H&M,Red,XS
3C3668BE062F7655671EBD2DE2914EF811DAC582251BC0119B621305479E521B,Clothing,Hoodie,H&M,White,S
CEAD3E73445CEAFDFBFAE1004F72B624B05355FB48A3EAC3EA4D6F46751E4030,Clothing,Hoodie,H&M,Yellow,M
69B0963F56544A3C74724B46A43406BC29B2185E9C43C3828ED2087319AA3ED3,Clothing,Hoodie,H&M,Yellow,S
07D164C42F13AB32CA0E2E01919ED1AF4FC5FF5AC8DFE13A58A4208EC4204B67,Clothing,Hoodie,H&M,Yellow,XL
6DE267737116C442F10AFA1BD98AF89ABB585229988C4B5494AEDC394BE7B143,Clothing,Hoodie,HRX,Beige,L
14D64B94B3DA966074E9E6748EB29DF1331DAF1585A8C8DDFB6E64DF6D6FD481,Clothing,Hoodie,HRX,Beige,M
83528665F159E7C2C1D240314B07D36985DD759D2620FC8FE5D840EDE19C5850,Clothing,Hoodie,HRX,Beige,S
6BDFFD04F776D1B19BF894CDE1BC440E045253B43959C8A9C6DDCB84008ABF5D,Clothing,Hoodie,HRX,Beige,XL
D50F7E406BA597E4CE1DDF5C76ED06219D58B5548932A6442B09B5385865B8C1,Clothing,Hoodie,HRX,Beige,XS
D6206B9B37F45D21A73B6FC834C8ECA705996B389E19973C8D1FA9F53A1B8C4F,Clothing,Hoodie,HRX,Black,L
BF54169E1605B5DD9C0E9F7CC01446F8CC3C6616C5C12E12EAF53F51DD50037B,Clothing,Hoodie,HRX,Black,M
9E199FF26F907C37F566D6014782FF78C0570BAF1F2955E84B4C79F2E5F064B5,Clothing,Hoodie,HRX,Black,S
9F88855D4FD909566C9300F01D58B528BEFA6D62993952BCE0BA3A33BEC39243,Clothing,Hoodie,HRX,Blue,L
3902335A6BBD9C0A4E591D683426F4CC465BDB87D899D2E949BAAC2AC666CCD9,Clothing,Hoodie,HRX,Blue,M
AB08663E044D52890151AED8D328D2CD0D07A191A5CEAA3C7EEF69536F09C7C3,Clothing,Hoodie,HRX,Blue,XL
242BE6801C670DF9EDF8876CE77A8F4C3D3E64E8E12955229314D8D1B3E6C09D,Clothing,Hoodie,HRX,Blue,XXL
C759344DDA5B11A13F15800AA1DD9D0B9048A12B09A50895095C6D10F9C0917F,Clothing,Hoodie,HRX,Brown,L
836A24287D376BAE6C1A5C7242C968A274264DA664772565841E9D7593426697,Clothing,Hoodie,HRX,Brown,M
8AAC79E1C1ACC3857DD450D1FAAED6B6E50A598CE6EA572FDD4FFCA7277C9DB5,Clothing,Hoodie,HRX,Brown,S
985399BCC0934DE0CE06A84524A21F12F1149F7375023F4A0E2F068A2C5B8483,Clothing,Hoodie,HRX,Brown,XL
A7B5C7E607C88285B045143309C4118324B86A6A9E1DA4F3930DF497E2318F54,Clothing,Hoodie,HRX,Brown,XS
51F7E690D928F96CF63BC478EE50156EEEAC1ED340B805FD081C6807A6B1EECE,Clothing,Hoodie,HRX,Brown,XXL
925872C753421B0413B613C7B35DB8C14837582774C6D37D6103D0DF0FAD0DE3,Clothing,Hoodie,HRX,Green,S
0AD377C447EF828137145DF3CDEBB4DCC6677DC04D02A907DD467D6BF41DB691,Clothing,Hoodie,HRX,Green,XXL
617108B87F726E9CF1E7722B2A30F23B110758BA62DB5256FD84221307E79588,Clothing,Hoodie,HRX,Grey,L
63C24426694ABD623CBDA5526913F5FDFE8667288FBABF10785629A87552AFB7,Clothing,Hoodie,HRX,Grey,M
88DC4776B470D48A38B422A8B53E9E8B9BE28F251704573BB322CAA8E12ED200,Clothing,Hoodie,HRX,Grey,S
554B5545B2D38F827935511AC1E6191FD0EB833902CC4241099C29CCC5E7282B,Clothing,Hoodie,HRX,Navy,M
9ED7A116F9D34E423039A1723F00358054851AB3C692DCFEE9719564B4D14AAA,Clothing,Hoodie,HRX,Navy,S
A7434E3329F79047299C5BD8CE03D19D2C78BCF9F957732DE3F5D8D7E29D8D4C,Clothing,Hoodie,HRX,Navy,XL
4E008E322B85E28E2421BBBC62DD3374A79B8C3E95F8540F69D37E011EE9F874,Clothing,Hoodie,HRX,Pink,M
3E969396D09AEB77D7D73BC18BAE32C8FD339C0DB437A97F64C4EA855B6B3232,Clothing,Hoodie,HRX,Pink,XL
E13A7F45D5A6349DA871F8B90F9D997A9B4F3E94947D1D80BDFFE2B334413617,Clothing,Hoodie,HRX,Red,M
9FB065838A9A9428323461919A7536E9AA88FBB3787ABFEB2180AA016909FA4B,Clothing,Hoodie,HRX,Red,XL
449253AAD260CA7D6D08EDE3C47F81016CD39A9D2017CC830B82F94C7E2D5D87,Clothing,Hoodie,HRX,Red,XS
2BEEDE8A1FAD5EC35259509E2041C7F25AAE286C00688C9B9690E3B0DF28C0F1,Clothing,Hoodie,HRX,White,M
8563FF2014F42D8A2D6AFCE00FD98A852F81C404634C9844E847774B37693603,Clothing,Hoodie,HRX,White,S
6BE4E18C5EAFADEDB27D3F7E58B6BF118E408B711EFDA72AEDC054A218660389,Clothing,Hoodie,HRX,White,XS
E6171C9507ECFC5D73E6F205DF7BF348941A9388005BEAD3C23D2A2B8C0CAE8C,Clothing,Hoodie,HRX,Yellow,L
0153562F2071454D1640C9847E97B8FC92ABF1985CA7C8903C6B9DCE0CC8F217,Clothing,Hoodie,HRX,Yellow,M
3654C4CE9878A9447B84F24139BBD4FDF3D689BAE233453A5BEE807616367A55,Clothing,Hoodie,HRX,Yellow,S
4C669B69CC6359ADABF976CF634C331C6955BF08174C1AD4126D0DAE435D869F,Clothing,Hoodie,HRX,Yellow,XL
70547F426F1AD81A8ADEDB7D4DFF33EC30BC5FAE5A3729CA69B9F02D6B47CF0B,Clothing,Hoodie,Levis,Beige,M
9DC71DCFFD223C55DEDB66EE05F3E64DE3EA4C25CBD749D3D5FE495758B5D46A,Clothing,Hoodie,Levis,Beige,S
90096AC10C1E912B791EC3F6CA4A0C0A001BD5D9C0F8F7FBE3BD4197B414511A,Clothing,Hoodie,Levis,Beige,XL
15CFA4F304F961F6D82FDEF7D9863088FEB0F836FA2A4D1F70E5D572DF74C455,Clothing,Hoodie,Levis,Black,L
A0AD300AAA18C232C136CE13E551C2B3D03C0061C92F39E5E7A316B0585FC1D2,Clothing,Hoodie,Levis,Black,M
732E9B00D84622BAD062C348EE8FC4AA9861C4F2B0DD4EC2C1CFB50A0F228FAD,Clothing,Hoodie,Levis,Blue,S
2DF78AA6EDD6382602880F350BB7F7973702848257B0D433AC98074799E8D488,Clothing,Hoodie,Levis,Brown,L
DDFA953AF992905457075BB82EA520DDAAF1E3E696D844E253E5E16F9D39B70C,Clothing,Hoodie,Levis,Brown,S
5A1D26F7CF72FBDA83E16E98E4618C068EACAD63FE5FA04F4D23C9AB692E674C,Clothing,Hoodie,Levis,Green,L
5E064AAEEE25F9B43B0A537AE5A0C40E968E8165D372963B902749AD00F4226A,Clothing,Hoodie,Levis,Green,M
612275FE9872E9D96F694EF30E389686FEEC25833A88C27C2FD4DA0DECF53CE5,Clothing,Hoodie,Levis,Green,S
579C379945BFFE56AAAF2719021F92CB5D96424EEC39612441B1957398F2DDC2,Clothing,Hoodie,Levis,Grey,M
A47E070000848CA534AC2C0F6906BB6083D148873A89D35FFCFE30C1D3633888,Clothing,Hoodie,Levis,Grey,XL
EE46E659D4686DAA1A919AA5F261FABE7F64295240464B2130A7363F74B79D1B,Clothing,Hoodie,Levis,Grey,XXL
ABF9EB6023F85B306818954A8D371015A32E2EF9E61CEB469E398BEE48B650D4,Clothing,Hoodie,Levis,Navy,M
53998A3119A86673ED68A75355F4C969E30EBB3991ABCCF19CBE43AA2BADA132,Clothing,Hoodie,Levis,Navy,S
EB6FF73841CDE1443FE89A77C27FD41F7EB395668182143DC8A1693E6ED1142E,Clothing,Hoodie,Levis,Navy,XL
6EAE13C095BB34CC9E0A9B5F1298C964CD4E7B9F4254198FB702059D588E3F37,Clothing,Hoodie,Levis,Navy,XS
A80EEC45629A6696EE32A7308822B960E75ADF2620BA12C5F79F9AF621B3659E,Clothing,Hoodie,Levis,Navy,XXL
5FEDE66341DEA047CF378515473826F9D2916173B742ADD8B22D0F64AD249792,Clothing,Hoodie,Levis,Pink,M
E2E2F8FA68FEE966952BD841C32A1784F3E2B9903B276DAEF15D1DA21C3FBEC4,Clothing,Hoodie,Levis,Red,L
18C0E83FC156F933F64BEE6A3453289176DBFF49C48C37963B86FE8EFA836912,Clothing,Hoodie,Levis,Red,M
FC3F9FEB9FCCF008FED405AFCAA75D649B5F0AD2B16E9D490F633E99AF13FC0B,Clothing,Hoodie,Levis,Red,S
EC06C36D0EC9F77405AAA28E00C5BA5C50F371AD34AB67E5105D5CD7CEC204EC,Clothing,Hoodie,Levis,White,L
50E38910F73FED1E76A6D94B7F07B7F9FFA66F6354A634EC78212E93CEDD4AD2,Clothing,Hoodie,Levis,White,M
D03185646614BC9D72225AFEFD6211FFD57BAD189331F8CF9DCAFA94C713491B,Clothing,Hoodie,Levis,White,S
7D402FB580D1C732001BD4F02AE015D0044FBB3E4D10D66215E181A4F6D6228A,Clothing,Hoodie,Levis,Yellow,M
6310D01DFB95320086CC29AFD54F8207D02C22A47FEC599112F340193C351462,Clothing,Hoodie,Max,Beige,M
DFC873667794D846DE51BC9B8C67E0061AAAC7F2564FC92145736614782E05F8,Clothing,Hoodie,Max,Beige,S
59DD41A5D57F527B1F245924EE280A0320B6A7E4D74187CE368F45B7B8EA7DFD,Clothing,Hoodie,Max,Beige,XS
A190C4092B63E5637BF24E739CDF83B19662AAA7B5EE9D7ADD6631103C5C61F3,Clothing,Hoodie,Max,Black,L
7F9EC905381E01E7B773D7B4BBE829FA4563B731A385E67A6C23325E4B6E771D,Clothing,Hoodie,Max,Black,S
CA1C8A87DC5D08DAD07D40AD4025793D7AA4F7AB0F06E1B4AED4D5B857C52FC6,Clothing,Hoodie,Max,Black,XL
AAAE5FE922B0E7D436ACC0E2CEF5F86D88B1698780A1670EB50266BDBA538A55,Clothing,Hoodie,Max,Blue,L
A2E4235F46F7CF37553E1F0B5808546F86F27259E8044267B81DC7181639D932,Clothing,Hoodie,Max,Blue,M
22FDEF9B28928AF7FA7DB739EE6BB131CFF98B5F0100D039DFE266A78DEA74F6,Clothing,Hoodie,Max,Blue,S
0A59BC2CE17936DB7CB00FAF0D6F6FFBD61F7CFD8676296A1B38E03F647B307A,Clothing,Hoodie,Max,Blue,XL
85959F2A56F5CC27B521444B1FAEC89D9731F894B38CA90DE789A57D08F5FCFA,Clothing,Hoodie,Max,Blue,XS
ED37E75D054418EA225433E1FD1B8F48C9687A6ABA29F0C3E4C467D732D8CB1A,Clothing,Hoodie,Max,Brown,L
1467434A62D9F5C85CDBD5D0FC00A16F162A2B67E66B8D63532563EBF14378C1,Clothing,Hoodie,Max,Brown,M
1D7A9A4910C589E137B335BB721CBFAAC87659138CC53C73B26023F9EF6B12DD,Clothing,Hoodie,Max,Brown,XL
EB9094F5048EE088F65295925E94EF8F72C70A568302512B56FDCE034D0442DD,Clothing,Hoodie,Max,Green,L
BBCF3B710FC6F05CB2556F53877B752654643786E2A72D5E82DF5466B032BC1C,Clothing,Hoodie,Max,Green,M
FA20D0BC6CB0F945B9D4E362CC1875940F11A5195CCF35C1B25FD002E9ECC132,Clothing,Hoodie,Max,Green,S
8447B1A25B3E509030CA499B81B06841FEB7DD0570F55259C1D82B69E107CD82,Clothing,Hoodie,Max,Green,XL
2B7E1B92AE371A54B5FF86BBA6C57DDE99B82867E11AD28880C8272CC8DE7C8E,Clothing,Hoodie,Max,Green,XS
4D83E84D244AD5E1E3808D80E8D6AE81BF7E6CBFDEA4F3761FF0DD9410BFC3EF,Clothing,Hoodie,Max,Grey,L
D1379398AAAFBC5407902DAE968A8CAC370EF5C9229A5B5DB8A64E5D773C1666,Clothing,Hoodie,Max,Grey,M
8648BE4FC2256A3A5D0926C1289CD2A079947C3A96919C12547844D803067819,Clothing,Hoodie,Max,Navy,L
D10E3B0CF32D22A7B667C8AF487A37E49E81C99479969A1BA444D0E3D2E34B3B,Clothing,Hoodie,Max,Pink,S
83CDA2E51B4DEF242891608C6E43302A80842B9D5A781F5516D76045C6FE9C7A,Clothing,Hoodie,Max,Red,L
2B92E8B96B5CD471A3A2511ACC9EC681B42D21A8C3C2363F57C120DB31CFF396,Clothing,Hoodie,Max,Red,M
4D68B000F4CF9D1C9B12A49300CDF818126A7D91836E72A0641CA811D57DF8A1,Clothing,Hoodie,Max,Red,XL
77FCDB4249E31DAC529F9C7FEC646E21EC967E185BB58D37CA2C5FD7700D8369,Clothing,Hoodie,Max,White,L
D2F7D04FFB5B45069E481EF5A01D3AB533544A137138173202584DA011EB4FA5,Clothing,Hoodie,Max,White,M
6F8C4A66C86054AE771E084D9F377482231E67F8C824D7F427E32D48EB7AE82D,Clothing,Hoodie,Max,White,XL
3FE4E2CC3E96CB2F64368BB2BE42798F75D26B920544B390957785F79F9EC569,Clothing,Hoodie,Max,Yellow,L
4C3C08A2CB951F95AD60006E904FE23DDDF67FB1CFEE834B22173663165D4A93,Clothing,Hoodie,Max,Yellow,M
4A0D500402FC93FA0CAA18F05AC29E9C22AAD9388E26E6B526197CA5FA11A590,Clothing,Hoodie,Nike,Beige,M
C2D05B927F03087A63B66BEBA383FE0C388218D7AC4524915569E3D053558A7A,Clothing,Hoodie,Nike,Black,L
274FD12A180D33F848FCB928680DEE9AEA8779FF8963FC0E2BA90121BB093CE1,Clothing,Hoodie,Nike,Black,M
83EABB785D49B9B1A51C9F58DFC35FC9F952F4F8E0626056312A3AEDDA6BD8C4,Clothing,Hoodie,Nike,Black,XS
080E2C3D8B981F16D032C707E849876F0F0166C267BB9E0CA22C4BA94E57DF0C,Clothing,Hoodie,Nike,Black,XXL
FE9473CD535098DBCD511FA1307E270588FB564213CB9F6E17A52917D37EB7B9,Clothing,Hoodie,Nike,Blue,XL
55AD08B4F993303B5A006399D8EE320572B6E605A4D2EA413CDA3576E55986B3,Clothing,Hoodie,Nike,Blue,XXL
B68BEBC145778450D01892BFBE166DCC80783EE623DA3720DA120C834FF6669B,Clothing,Hoodie,Nike,Brown,S
9B93757F47E049C6825ACA3817F743F532AF729A743177810C2F2B39113BB076,Clothing,Hoodie,Nike,Brown,XL
55A63EEF091A5633BED4B366B757F7FF83B66AEEF272EDB32800E1BCBFD43F3E,Clothing,Hoodie,Nike,Green,L
64557B3B2CEDC89D11EBE3A6ACBD9E878A8433C9C005AF30992AACD172CCD7C5,Clothing,Hoodie,Nike,Green,M
80D4EE1AE03F505CD75F959A4CFBF1AB7105AC498DC54062DA14CE416799304F,Clothing,Hoodie,Nike,Green,XXL
ADA804B75938C2893B1EE267E4698398D7E7E9572095AD94F10B10211744B31F,Clothing,Hoodie,Nike,Grey,L
452AADF09DFF870DD4E7B8B823B581DAD0714EF74E6C1FA3040A6F5CA292C8EB,Clothing,Hoodie,Nike,Grey,M
16B41F923CBC5D5B389692BE34F44390C4E3D8981B0C66137B675530060B5BFE,Clothing,Hoodie,Nike,Navy,M
C5D0D5B9A4F896BF14D3D92C7D234C9FF4C1C6B842A7AE1EA8F33A328FC436F9,Clothing,Hoodie,Nike,Navy,S
5280BC9BF3E5EFA5A047819019CFAA4A7A28DDE35932451708043B9581085192,Clothing,Hoodie,Nike,Navy,XL
14FC00374F68155846ECF3F3CC9753480C2DB841FF22CE6EEEBF7A612D0754A0,Clothing,Hoodie,Nike,Pink,L
34B34C65342E3FAD284B26B8681F66DF483143F996CA18E226AA12A4DD3D17AF,Clothing,Hoodie,Nike,Pink,M
65D3FE787AA4CE061C1C563A01EC67186F7EBACEAD45FA4AF700ED4D5A0C4F14,Clothing,Hoodie,Nike,Pink,S
8A25B12CE6806B3DA0EE39F704BDE61F9F1B7B5581C85EEE56B0102EA6B3744D,Clothing,Hoodie,Nike,Pink,XL
AA5D4BC0042E54F3540544FDD98D8B935CAB021936FE50BF6E925A5185344F45,Clothing,Hoodie,Nike,Pink,XXL
0516F944BE4266D47E08DF5D65810A6411E8CA3F66DA343DD2FB07C73331E521,Clothing,Hoodie,Nike,Red,M
7C2EE74D4DA5AC47BBAF1E7CD011EE05358020BDC30AF093468AB14E9C7EB341,Clothing,Hoodie,Nike,Red,S
66EE5B22163879D87FF158A67C22376F4BC57816214192C17E7B5B62D3EA66B1,Clothing,Hoodie,Nike,Red,XL
A83E3C327D2441A9783C2A38B4EA3BA74B1470AF576AAA4BCA8D3E1513A8AC0D,Clothing,Hoodie,Nike,White,L
A0B1C2C910073C00229685C1F5B4C03C216C15F61E21B8A27C1B1718579CAC00,Clothing,Hoodie,Nike,White,S
0AC81475F7A6D1C5671CA05DB65333697629204D03DEB5BEC53E630F8A32CB5B,Clothing,Hoodie,Nike,White,XL
DE10A0A0A8403E22A421745527E2D7DB174125ED6304037FC137A8D245F3AD3D,Clothing,Hoodie,Nike,Yellow,L
50EA948188FA24DC88D67FAA4C760DDAFACE92853141E9C2E6C5B96C76520E33,Clothing,Hoodie,Nike,Yellow,M
66FDAED39FDC11BAAA9CA3CD5D857D8D791323B8E437F78AB484234A964571DA,Clothing,Hoodie,Puma,Beige,L
9A343B1EC6EF7525DC8AAFCBCA94D281F110DE7138DA70F31BE5FDA3372FDAB6,Clothing,Hoodie,Puma,Beige,XL
E048C7A826CA0E997F0EEAC4283B4E61405E7CBD86D61026454B1AB24BB49569,Clothing,Hoodie,Puma,Black,XL
21C064D2ED9EFFDFFF39DC68D2F17BE56D1D11ABA7D31BEDBE480EF0F05F05FA,Clothing,Hoodie,Puma,Black,XS
805384E5E7EBCA1C21CBB06B57978D0D27077294056EFC266F9C7D2A873926B0,Clothing,Hoodie,Puma,Black,XXL
CF7B58A2BDF1868BC424769BD68602518343B1CABFD2ADBC32D7A8812DD644FF,Clothing,Hoodie,Puma,Blue,L
3421ECFE6EA791D3204F5357FA77AF4DC9843B51A0D9151758A5FA75D70F6219,Clothing,Hoodie,Puma,Blue,S
775425D3D07FF367EE6C20B211729508598F92BB32DB7D38EDFFB68827093ED4,Clothing,Hoodie,Puma,Blue,XL
6F93B4B2BD1759AE7A09D366091F6CE1C18FF40F8B5D3B9F7F760B8DADC6F68B,Clothing,Hoodie,Puma,Blue,XS
E609745FB9EC09B66CF5E052A63DA7A0306370941A345B814358F1D433C93CD0,Clothing,Hoodie,Puma,Brown,M
47C6D629B7AC356C755CA6AA342A4FC03F17FCE240B0E5936004D9AACD0926FD,Clothing,Hoodie,Puma,Green,L
E5BB978BDAFE8D7354276D7E71A61E9D2066B80D5C32C68076DE5A8A3803A7A4,Clothing,Hoodie,Puma,Green,XS
F317C814150064D084E409A72DF5B1D6CBA55A2B7FCA0E7DA897DC18D014F223,Clothing,Hoodie,Puma,Grey,L
E3376272E37032E5DB411DE50915D6E6793B043D83E3962A08F16FF5E68F245C,Clothing,Hoodie,Puma,Grey,XS
184408C5409A5EAA9BC4A664AD32A8E8631A9191115887883908409B4F65CAB0,Clothing,Hoodie,Puma,Navy,L
ED5C85C52DAE0BF85AB3065F3349BDDB2B9D881345A7EE8E022E836DE9AE97E1,Clothing,Hoodie,Puma,Navy,M
11FC49040809362A26FBC415C17DD6F375D7DA1754308D23C5F882182765F18D,Clothing,Hoodie,Puma,Navy,S
053060DBCBFA5F7671FEC7C538E359D887B1E101517DABE19854659F9FEA4415,Clothing,Hoodie,Puma,Navy,XL
60AE5AC3CAD8931EBCA053D0E000CBAEE7BFB4D7A2D7DEA9144C19490865D1B2,Clothing,Hoodie,Puma,Pink,M
6223A36285BEE46681538FF5E96BD3612ED290874662304CB21F2BF6997F37B9,Clothing,Hoodie,Puma,Pink,S
2C65D36B4B9393FF40CBC4A6CEDA156FAF2EB177497FDFBACF086CF9EA2BD766,Clothing,Hoodie,Puma,Pink,XXL
2649F59C40CBD1BBFE987BF339399E911EC03DDB2711EB0DAA7DD1825BF336E5,Clothing,Hoodie,Puma,Red,M
56C0D2233F3507101627CA8B37A05E9929CDD15D092C9630D3E255E5CBDC305B,Clothing,Hoodie,Puma,Red,S
F3D4B28EF67DFA7CE2D8CB67E80578EBFF15EC809B80D81B542DDF0F90039A2F,Clothing,Hoodie,Puma,Red,XL
FCF15A64398F962F9DF07C9CA0E0C639B096126DF41E33052DF834ED15B42C74,Clothing,Hoodie,Puma,White,L
7748FBEB12BDADEE6D818848A06CB6E4DCFB0691221271C517FF078C7F4A1DB5,Clothing,Hoodie,Puma,White,M
C4362E497C34C63BB3F4BAEA2284F58B6D1325F3C163CDFA1F806F638D8DE868,Clothing,Hoodie,Puma,White,S
BE867368F32339527CB051ED4987FCD16E15832BD54FD3346BD8ACE2F2CAB57A,Clothing,Hoodie,Puma,Yellow,L
C454021F57FC6F26F1E0DE7BC307074B93954DB4112E1C4830E0A44C3D15699E,Clothing,Hoodie,Puma,Yellow,S
5A7BE8A90B7619C9F9BB39A1E44D36023312A163F464338440A94BE1AE811082,Clothing,Hoodie,Puma,Yellow,XL
6723D6240A3709A44BBC6B13559DAAD422A9D6ED0AE9C6C74C50C73CCA42E725,Clothing,Hoodie,Roadster,Beige,L
3DCEB45E4AD86A6035A9EBCF6CD8C4054FC6C3C9FAEFDE2EAC0E851793112F73,Clothing,Hoodie,Roadster,Beige,M
9D17812A997B744ED7B46D573465897DD27970CAD63C9972202F2331AC3FE8DB,Clothing,Hoodie,Roadster,Beige,S
7165EFE3B42E68EB7C73EF2B185EFC35BD98267316A11C84996E4B82C143BD69,Clothing,Hoodie,Roadster,Beige,XL
11E108F32E85DBE6B3D437E50EF667A433341FC287C87D9246C6AAF893F6446E,Clothing,Hoodie,Roadster,Black,L
30B105A454088C8CF21BED6532FE87B74CBD2F0C5D41FF787BF77F9E6B5AB187,Clothing,Hoodie,Roadster,Black,M
473E36A23AB467EEBA2D588E2354954487A6C3B7CB08ABF94C60146CF9F2D402,Clothing,Hoodie,Roadster,Black,XL
D89B4E29FC7C89D56559816277EF11C68B254B4149A12BDD8B494F669BC9760E,Clothing,Hoodie,Roadster,Black,XXL
1AA3A31F7A644ABF7731B5AB315631E2B4A0CFBBEC53AEEAFE6006AEB17AD09D,Clothing,Hoodie,Roadster,Blue,L
37A9D76134E043D1A7E71D0A2C40ABAFDA0B135AB2B3A05058066F08E9B7DD6B,Clothing,Hoodie,Roadster,Blue,M
99EB70A7B0FA9A084F7454D6E262CE5E33ADCAB6C8630E11A31B9632482AAAB6,Clothing,Hoodie,Roadster,Brown,L
3E125720CE1F417B3859A68597DDEB20241AA4B1A9A70EC78F3D0E8E13875012,Clothing,Hoodie,Roadster,Brown,S
8CFC992B4865F27F7825FEBBA0E5BDD5B69D80530049491A5E33960DE4DDE007,Clothing,Hoodie,Roadster,Brown,XL
86EA6181D51743AE65E23F9120A43CF16D747CD4AF86371048C2515ED667AA20,Clothing,Hoodie,Roadster,Brown,XS
4AD140363196F1D677FA14B370963832F0F88CA3A05FDE90AA1335218485559D,Clothing,Hoodie,Roadster,Green,S
0B346F74D8861B0003071E0DD22EBB72F03E4DC3A315CC0AC27A89F2C46F4991,Clothing,Hoodie,Roadster,Green,XXL
A2652C53AF3C5E98C21BC6C9605AEE8E336A82F1B36975AF719C7A0332C22231,Clothing,Hoodie,Roadster,Grey,XS
602221C58996F7B03F75DD71E4D0E89A369D348F684CFF9A4337B068A91DC407,Clothing,Hoodie,Roadster,Navy,L
DEDD275561B30528967DD551A03763BFD66CCA6A46C20A08C3370894987FE455,Clothing,Hoodie,Roadster,Navy,S
2DB82628D45CA7A52F85C264CF274D37BF25F61DBAF9FA47F4897CD0AF61878E,Clothing,Hoodie,Roadster,Navy,XL
36525F266B3452D3D5994BAE6773FA5456BAF9C0B148188EC3D66D8D14050DCF,Clothing,Hoodie,Roadster,Pink,L
CEEE68A571D9B9198BF9919241C573A41CC1982BA2368C13BF6C5A13C459594A,Clothing,Hoodie,Roadster,Pink,XL
9AFC67B2DB3562D0F2139E96FEEE43B0E7F03A988B47FE80C58239124B957A37,Clothing,Hoodie,Roadster,Red,L
0EC720E5A07EE72908A5A44440C37F1D5037E50747E5FA85DB5251DC1A979C2B,Clothing,Hoodie,Roadster,Red,S
2E865E847773D545C844EAE3332EBDF4B0D8D2DE7512584F65B283F95973D6DB,Clothing,Hoodie,Roadster,White,L
AB4D6D3C006435F8706E0D59C361325C1E194D7B149E15DCFF0E2104900DEA66,Clothing,Hoodie,Roadster,White,M
74D0C43000E35C9BF6A0B52E041FEB81F05B67A9FF1E904ADC878A9B62383405,Clothing,Hoodie,Roadster,White,XL
7F2A26C1705704139CD4344AADD3FADCF553439FBB9373F0277A1D8BA97224CC,Clothing,Hoodie,Roadster,Yellow,M
280CD7713B70155C0319BF713945167261CB6D8B66CD947E33A581D5F06F8113,Clothing,Hoodie,Roadster,Yellow,S
2505AD807F3CE3BBFFCC0338640825B1A38A665FF304110C569BDB92E206E263,Clothing,Hoodie,US Polo,Beige,L
B6C6DAA418BE064336EE7DE15B1298A11E2ED7C13B123822C2135012D52BB64B,Clothing,Hoodie,US Polo,Beige,S
C2A9DAD7D0D6418DC7F9E07F09825976332759DF48EF83A3A24A2601A4C93150,Clothing,Hoodie,US Polo,Beige,XL
136AF1323D3DD243891A600EDD8354A7F39C8CA4403D5E8B7F6649B84B89EF83,Clothing,Hoodie,US Polo,Black,M
88221E41CDB4130E62067B0F62D2E643AE69053DB3517332F050BDAA3CB889D9,Clothing,Hoodie,US Polo,Blue,L
9CC18157B598E84847995C77E1ED27350623D2B36FE0C7F8FAAF92EE073DBB86,Clothing,Hoodie,US Polo,Blue,S
B022ADEFBCCBF5558EEA8F18C6409DCC119DB6B6F65C6C0295B1FB34A0224FBD,Clothing,Hoodie,US Polo,Blue,XL
D5B0D47C9E64B708B74BD383677FD1658CEC132CE0F29A6D20B90D5B99DD8FF9,Clothing,Hoodie,US Polo,Blue,XS
DDFB0EF504210207525178D8CD73014236F7FDE112B171F36D67C71BA7C40C00,Clothing,Hoodie,US Polo,Brown,L
69731438A6A1637B8E3015B1078C26F7F9965D5D15A55FC493875A418939AFF2,Clothing,Hoodie,US Polo,Brown,M
BA286F9EC1F9FF1A4F5E1D3F72C85BF718233DB85BCE62B604202C7E7D5269DB,Clothing,Hoodie,US Polo,Brown,XL
0C5962E4E5C19B220F83E39BC51B6DCF7196EA6FB7F5B0C36C0842940D9931D5,Clothing,Hoodie,US Polo,Brown,XXL
C76A4CBC7E4C2BF399EBB7CF54CD7D040DA2F972F20CA8CDF55946AFB59F2901,Clothing,Hoodie,US Polo,Green,M
59803D0A526F29F1AC0D6B9EBC16B98F66D7A9E1DD252675E4BAC22F9D04FB59,Clothing,Hoodie,US Polo,Green,S
B04201B0D0A4F041C076987BDBC4C78875D38B534745865CBDDD857ACB3594FD,Clothing,Hoodie,US Polo,Green,XS
6324D90215D0748DCFF2F4B65FF552703B9857525287F3755EEBFF0BB0D764E2,Clothing,Hoodie,US Polo,Grey,L
2CD641624BFCD0AD5BB30B10361C57456691719E0F44C7EEA2676584B788190B,Clothing,Hoodie,US Polo,Grey,M
871991C1240A0FB88BE52C60695263AA74F972C67CA30C14F4FF2C807700A0C5,Clothing,Hoodie,US Polo,Navy,L
85B201DF21A4DE6F0F7FBBB35E52201421CACEE601467BC1A9C08DFB7D68E0B2,Clothing,Hoodie,US Polo,Navy,S
B7642731695B3B1D7F3809C1F79D7A6DC94A0ADBCE0A97D10ACD5D6F4FB28F2B,Clothing,Hoodie,US Polo,Navy,XL
AFB707732168688862CC30C8A8DFAE0967D09191A2C4A678A3E2788F35B520E3,Clothing,Hoodie,US Polo,Pink,L
9B433C6F0F960A79192E5323F968C13C1F04D024C582698E714FB92E4064B761,Clothing,Hoodie,US Polo,Pink,M
14B7C21E0A3F79B3B2A5A3C0E7BF38792967396DBC1F60BE640C886F612014F0,Clothing,Hoodie,US Polo,Red,S
CC5CADE8747E392D40E037CF0AD0F915E035E0481D4BF73CD776174506424428,Clothing,Hoodie,US Polo,Red,XL
906FF0012CCC86C4B99A39AE31BAA6742F1080DC992B034BE64DF3FDDFBA2EE1,Clothing,Hoodie,US Polo,Red,XS
C62A8582F2BB68FD3DF0CE2591C1ECEFC6C96D876946A08399DAEEF6CC0B1FAE,Clothing,Hoodie,US Polo,White,L
CF74445EC6D0543F45AC9AB90120381C1900A6CF50E3CCFE11A106F44ED6CECA,Clothing,Hoodie,US Polo,White,M
FF56E67105B2E1F4EE7837F837FB64C4209340302E9C468643F8AFC8206DB16C,Clothing,Hoodie,US Polo,Yellow,L
3D5E6695A4E1560F0856B16CE51B8D00045F0ECC0D65B9843F3DADD61AF27C03,Clothing,Hoodie,US Polo,Yellow,M
82E210C62EAB9D80DC9F6F53F33A9B6CF5BA263D118298846CB5A650894FCFB5,Clothing,Hoodie,US Polo,Yellow,S
0D2EB3D1D4A5A8FC199D49F086121F187A3623C3C7174712810400A446EE23B3,Clothing,Hoodie,US Polo,Yellow,XL
DC5029F7094C4B5C0E74D1E03320A6976F407F9BCD7CAEBD90FAE95D13C94FAB,Clothing,Hoodie,US Polo,Yellow,XS
154C81EF6045537C7045D6981DCA86CD0C488839F7E8CB403C7C4232192738E7,Clothing,Hoodie,Zara,Beige,L
C9F1B211A5DC086C009266F66784400EBCB06C4E73C475C4D9A5D36BECE9E10A,Clothing,Hoodie,Zara,Beige,M
B764D092F7129130D34E1519CDF49223D5E2E86EDE73928F51617A5D363F5739,Clothing,Hoodie,Zara,Black,L
ECB9AC0F8AEEB56407A7FED5B56E6B9EE4A79AB6C212C77F5C7B8711B3944039,Clothing,Hoodie,Zara,Black,M
26AE13BBB9D5D6CCDB1334B9A8C5F212CDD44682A33E7441AD42E77118147284,Clothing,Hoodie,Zara,Blue,L
8C5DB61AD485E8D4C3C5E73BC3A60C44769DC423E3BCD25DC6784D3FB0A5CA74,Clothing,Hoodie,Zara,Blue,XL
CDBACE84DD2A4C3101DCA85D91ED837D6F0A822DC0C611A90CCFE35E292779E2,Clothing,Hoodie,Zara,Blue,XXL
3EFCDE41EA1ED8F9C2758EE91410CA8127F6E90E25C3CAD577A444495A437B2F,Clothing,Hoodie,Zara,Brown,M
889C995F45A01BED5936AFBAC969E0562238B74153C53C40C9EA77C238E35146,Clothing,Hoodie,Zara,Brown,XL
AA22CA7928CCF467C49DC1C915D45B5234CE892028308C032F464915A345AB56,Clothing,Hoodie,Zara,Green,L
C64266136F5490FF52C8566D382073F2FD1F8DF838B046DCD601DB8D6B32D2E0,Clothing,Hoodie,Zara,Green,M
4DCA09779FACE5E6A1F373A8374FF4A5341D6A56D151CC7AF7EE89F57C4F223C,Clothing,Hoodie,Zara,Green,XL
7651D8948D43D85963DED1425C37BA76A36B6325D2450BF3FB37F7A3023FBAE5,Clothing,Hoodie,Zara,Grey,L
892C3C2A6462616857FA1738DD2B32DB794BBDB3F6ECC4FAF98B651F574F4C81,Clothing,Hoodie,Zara,Grey,M
18FF933173D169AF8486C7AA426DEEAEF072DE9EA524B7AC42475DB6AE6CC96F,Clothing,Hoodie,Zara,Navy,M
0588DCA4A58B66A7253546AB206BF1E75BF3B4E3C249ED76B1B0211953C74884,Clothing,Hoodie,Zara,Pink,L
B9DFF0062A72982C075CCD8D809F98A1EEF3C4FAD75DD9E96D502968000FEF12,Clothing,Hoodie,Zara,Pink,M
3B87F040861366A3DC541AECC01A5312DE69A1CA1A0930B9F1E9B50E23632503,Clothing,Hoodie,Zara,Pink,S
59A561A64BD495D65A1D6E7DE9B36C42488B041D834937A7A61FE63BB0DC1E2D,Clothing,Hoodie,Zara,Pink,XL
CC9F979878544949E0B7A172348353895737A4754A413802EEBFEB2FB2776518,Clothing,Hoodie,Zara,Pink,XXL
455DD72823666CE7AF077152EFC119D63C73F4636F0D42C4D48799B572CB0FD2,Clothing,Hoodie,Zara,Red,XL
DF7532404D85B11089394C9FCDA01EB000065D9E5E80B18650509FCE29B36C24,Clothing,Hoodie,Zara,White,L
7F9A23118AE8C3897581D3887AA805481CFE93BDDFD66B5B40705047C59AA466,Clothing,Hoodie,Zara,White,S
939F450655BAA115478D7BC6B61DC63DD005DE464D67AEC6FBA36A09A0F4637F,Clothing,Hoodie,Zara,Yellow,L
B27E52E7079FC1B0DEC6680BDE0C00AFEAC05DC3BA1031B4068C54EC8A1029FE,Clothing,Hoodie,Zara,Yellow,M
D05F8C990D4F0167D8333831E72FAB46094B7A2AFD11CD270E81885D900B3384,Clothing,Hoodie,Zara,Yellow,S
F10D28707D4506ABF3952406FF493B0B7621C8444081F2B9EB5532A961F5DDEC,Clothing,Hoodie,Zara,Yellow,XS
4E4C0D457766F9F5C2605F0C61EF2502C068CBD4CEA0C83B8BB50557F50A240D,Clothing,Jacket,Allen Solly,Beige,M
42921A16775FF86A094BE6C5A41BC73ACE88FBCBE4778324EB715DF6DBA42472,Clothing,Jacket,Allen Solly,Beige,S
AF85E3BF514A7EA1C6B7621669EE0C839371B20CF679D11F480284C92F476702,Clothing,Jacket,Allen Solly,Beige,XXL
58473EE1FF2CEC8F4B7067E82E8922133849DB6CFDB90BDA48BE87A271F3A6DE,Clothing,Jacket,Allen Solly,Black,L
C851EC47653014521B711D54212F55B21753A5DD918B9E0811E671070B9BCF67,Clothing,Jacket,Allen Solly,Black,M
D386169DAFB64AC5A381C82D8E7F7F0C4FA676327FF4C2E3868AFC8DB6EF5A2F,Clothing,Jacket,Allen Solly,Black,S
5FB342E60074DC8105B8B30F08581402077FB8F6F43393961A9044EE7CA41E3A,Clothing,Jacket,Allen Solly,Blue,L
EBEACFCFEADD58222CC65EAE2C9F12983CBAD4A9FC6D8E28D4EA713FCEB591F4,Clothing,Jacket,Allen Solly,Blue,M
E29BCA84FBB34ED8FF9DF55C2863A5F304F9F46B2A38A75EF440905AF955B443,Clothing,Jacket,Allen Solly,Blue,S
5681050847E84EC2962759E46B4FDF5C6D62EC168798AA53DDA7104E667F0258,Clothing,Jacket,Allen Solly,Brown,L
1DB0E72901440FF085364E316DBA05EF7725B42410C00D95BF1FA79F97EAAE87,Clothing,Jacket,Allen Solly,Brown,M
DBC855F161F36F76529B94A6D63F8BEAB0046CE639243C11349F23115435A30F,Clothing,Jacket,Allen Solly,Brown,XL
CEBD8DD61F3BB78BE1F77AC872083AB91E3FF70D0AF84FE023C192B58E4819DF,Clothing,Jacket,Allen Solly,Green,L
B7CDC685B580211BF35E3E5302065ECE911B3A3A5D931CA09A773204B434BA44,Clothing,Jacket,Allen Solly,Green,M
BC8CD309916A25FD39BBE5F0FF7690BD26F7CBC5C85D823034335718AA79A7DB,Clothing,Jacket,Allen Solly,Green,S
6A6FDCFB4CBC236261059BB2F47794214993277B42A2220CCDF5EEEB2502FC10,Clothing,Jacket,Allen Solly,Green,XL
3EE484F6BA9FCF46D1E9E84A3E083E4AAE4FD5A3B2B52D6DD2FF406B9149FDA1,Clothing,Jacket,Allen Solly,Grey,L
CAF0F05EBC07E77E9A7757572C38870400CCBA8156639B0A29CC2D95BDE4A805,Clothing,Jacket,Allen Solly,Grey,S
D72EF29B404D873D2F308ADD6E81E35D8F272C89938F741626430FC22AE44219,Clothing,Jacket,Allen Solly,Navy,S
4A7164C22F9B37B22CA2A1C793CBED68DA310B27A7D78F90DB0609C7991570FC,Clothing,Jacket,Allen Solly,Navy,XL
7CCB554437B8B9DD7B74211F200BBAA1DB27125B6D1289C7F3CAB06B379D50EA,Clothing,Jacket,Allen Solly,Navy,XXL
8AA2A469582BFDAAF4BE1B71E0FC413FC7187F7E860F8C4CCFB354341B028C99,Clothing,Jacket,Allen Solly,Pink,M
8F284F6C94040E4C79AED8DB176616D8352586FA1FA97C836E82152A73890F27,Clothing,Jacket,Allen Solly,Pink,XL
92F8D087533EFCB84AA1845302E92BF475D0380A00BAAE1AA916FC30ABA5A5AB,Clothing,Jacket,Allen Solly,Pink,XXL
436149A22974E872ED92718CED0D74A50935F5598077F1A268813C80CC6C688C,Clothing,Jacket,Allen Solly,Red,L
A4CDFFC2E0A738B1075FBFF846C33FB6875B39EE9993BC1B8EC33573C98F5E9E,Clothing,Jacket,Allen Solly,Red,M
6802FCEFE5264E47E5BCC1AE3EF4D3FD0EEF78D668848E06EB1DF757F295120C,Clothing,Jacket,Allen Solly,Red,S
164DE2FBA4F961A1778A8017409913F53E750A5077E014EB33F084634E3F5CBB,Clothing,Jacket,Allen Solly,White,L
E000B739B3D26808DA2B96CC12EC502AD8B284AB7303A020F3AC02DBDE37BD8E,Clothing,Jacket,Allen Solly,White,M
EE73B0CA71D54C130B01099C60CEE0FD0AC189A5D8E19E96E33AC4DFD76C86E6,Clothing,Jacket,Allen Solly,White,XL
EE06B6C9A99AFCE8EC53DE505461001E19BA1DDAAC7680503835CD235BEBC304,Clothing,Jacket,Allen Solly,Yellow,L
16A6F8614477D55DB4E9013834B6DBCE470011C432B0CDDB7F01B10CD59807DD,Clothing,Jacket,Allen Solly,Yellow,M
3B40C980EB3DFB11AF0E2D8097F13731658EC6EBBA1852708CF9BB3DB650DE87,Clothing,Jacket,Allen Solly,Yellow,S
99ED8DB2FE4C65EE289A4F755BB4C6FA8FDE6BC845F273EB2E12DAEBEF530541,Clothing,Jacket,Bewakoof,Beige,M
8880B81C5744A58D38529D87A30E79F761D02F6328B9C8DAC63B545F7F7BAA12,Clothing,Jacket,Bewakoof,Beige,S
C636BC858C3FA69468483BD064821F5BA420625DDB8112C150A79D6005B57FF6,Clothing,Jacket,Bewakoof,Beige,XL
AE13C5F6A42372F7033C8CDD8AB5EF8F4D0A0F087D4F53C7CF5E767DD5BF730B,Clothing,Jacket,Bewakoof,Beige,XS
9F945AFD1EA744B233022D3EF2B82FAC478975651B31603AA321A4EAC67DF38A,Clothing,Jacket,Bewakoof,Black,M
718E3C1142985FB6BD6AF1D033516A50F80181EC60AF0B969AF9B407ABA7EA99,Clothing,Jacket,Bewakoof,Black,XL
518A520B85A1717EC48A6DA027563A0CFA47A64DB38F3E56C448C3DCDD51D3CC,Clothing,Jacket,Bewakoof,Black,XS
4D92499DDC77076BD0C75391EF938D3EFA9251F7A96ADB15414D21BD37B183EE,Clothing,Jacket,Bewakoof,Blue,L
065829714DB66CDA363FA33D4AB1B72EE18F602331FD61C51D32FF1FB7B578FA,Clothing,Jacket,Bewakoof,Brown,L
660A2E17F9F3A800E66358FE5947B4069EB102950C0F468945AEBD5C42639364,Clothing,Jacket,Bewakoof,Brown,S
3EEAC0BE81C21D54C5C9483DD00F8D38E6CCF20F0A126915F5E66852695DA760,Clothing,Jacket,Bewakoof,Green,M
3DF852F617E1D39065F3448772CC32C2D82E27820167C43DC3DCED6000C61951,Clothing,Jacket,Bewakoof,Navy,L
3F0E45768FB583CCFB9EFD24C43CB1D2DDBA5CD8C4E982066991DFD3B9210AA0,Clothing,Jacket,Bewakoof,Navy,S
C372DCA3AE7424208B09108FC77E30EC24A3887394312A5078547A53B5626BD7,Clothing,Jacket,Bewakoof,Navy,XL
D25E08AAD5C0783CC565A33841A31FBC00DF5DCF70D3EEA9CFAEAD397CC1F366,Clothing,Jacket,Bewakoof,Pink,M
AB8373D09FBDA8B5689F675B927F7710D0775CE17004B92AB22A1FB07F57A0FE,Clothing,Jacket,Bewakoof,Pink,XL
ABFDB6FCC17E81997F0CEE3D5EAC927BA73C16ED25F965E567D20F0B5DF4BCCC,Clothing,Jacket,Bewakoof,Pink,XXL
1B335F58149D0E1E70EDF5C97C7BC0EC83828C13CD95130089CE8684B080D64D,Clothing,Jacket,Bewakoof,Red,L
6A207BF439D0B7F04F6F179C4041EEDF7915D5481D1BA8819B6D9D1B45F8CD51,Clothing,Jacket,Bewakoof,Red,M
4ADD3F2C41A89DCFBB178959403B7A08C50E96A514DD361D59144A333173B25A,Clothing,Jacket,Bewakoof,Red,XS
BF869035A648F350AEF40CD7B07511F37AEABEC4293D53C1D48A309D45BFBB9C,Clothing,Jacket,Bewakoof,White,M
B173A5937784381DD622A9C3258797E900AFDBD16DFBBA2F86461BC181D499FE,Clothing,Jacket,Bewakoof,White,S
CF1E156007563E5733466037203ABFB2075DFE601921B7E6E07DA8E39FBC1440,Clothing,Jacket,Bewakoof,White,XL
8A9B9E927587AD8681DB43026F9C0BBCEB80CC62CED2A265C0DF6845653720CE,Clothing,Jacket,Bewakoof,White,XS
C5D23B0B4DDCD1C73BC8B5A66F1618E20271F591E3D5590D917D635D09DBCD0D,Clothing,Jacket,Bewakoof,Yellow,M
F2142CFC5A3DCEEE536E17831F3350272ECC0F504429B219D74A4F62D8694D38,Clothing,Jacket,Bewakoof,Yellow,S
401D6AB84CBF910B8C62B0CBB2AD86AF8CA63A7680ABD3E6279C34FA740B381C,Clothing,Jacket,Bewakoof,Yellow,XL
0B3F4567749369740EB71ED81EE6778F5F7271F50BBBC4A480FA1941DA7274BE,Clothing,Jacket,H&M,Beige,L
049F5A34BB54267E354F4E99DDD6F374DD84B1C4B237B062DB6A196FB56DAFE1,Clothing,Jacket,H&M,Beige,M
6FC69501C093CE3ADD7622DAA552C3FAB2D5600496278334677F60AF2B7F7AD9,Clothing,Jacket,H&M,Beige,S
2C3E024C0A0957FBD1A68CC82959598D73971BB160781FADA4C0F880EB644919,Clothing,Jacket,H&M,Beige,XL
966AA1CCDD14A2DD9A903FD15ACEAE534CA7C4D345F95248FB24B7171F1EE3A1,Clothing,Jacket,H&M,Black,M
69B9BFCAF7DE87B7E2CDC79FC20FBF01B260CA003DC6F0D47E8CD115948EAB70,Clothing,Jacket,H&M,Black,XL
8D5CF7897DEE5C52B0A80F490C8CDAED86029AB119EF0D7C6CD1ACA2513A12BD,Clothing,Jacket,H&M,Blue,L
33983E0082C9B1BA0C15FF11B17CDF1C2E46B872BC396692CABFECDD019A9F0C,Clothing,Jacket,H&M,Blue,M
81E16B6C479D6DA49914FC7AFB956BD6BB8705238BA9657DA2A61A449835457F,Clothing,Jacket,H&M,Blue,XXL
BC4367FDD95ED02D25E9A315B75888572C8AC7FAF5F0CD466CD1458B4F37C358,Clothing,Jacket,H&M,Brown,M
A05AEF3C6364B8DBF13ABC19F5691771A82870AE4FAC37E161D2572C7A53B7EB,Clothing,Jacket,H&M,Brown,S
3C549BAAB74746291A2F0730E9C81DE8B932C9A0F39F74681EAC7F4F49386D23,Clothing,Jacket,H&M,Brown,XS
68C4EB30E8FE47112EBB76361B33924F78E910CD2F013E8283D1E8F201E14C72,Clothing,Jacket,H&M,Green,S
3EC1BABC64C800D27C6BE0FAF97355B271FF7584CAEE0C546D15B1F946DA63D0,Clothing,Jacket,H&M,Green,XXL
DDBC558A39BBC10D1614A93F0E2EA6A3278D6DAD18983122CB6BA11D887005B3,Clothing,Jacket,H&M,Grey,M
36CE9B4A5C569D350DACD4EDF4E2404DF251FEB89A0CBED5C388A0B4AD53A6D4,Clothing,Jacket,H&M,Grey,XL
B2C8D2C15C1A9EDC90AB783FFA8AB5EDDF4891A19E2735D9EC6E7FFA5BD1491B,Clothing,Jacket,H&M,Navy,L
D6BE58FB63F735732FEFD34BBC056F1E16506E4BBC71D766E8ADE514EEDD60DA,Clothing,Jacket,H&M,Navy,M
0FDCFCE08B2C9CA1A56A8C6F897D3B5FB0B2BCBD31D4539477A81B67B22D397B,Clothing,Jacket,H&M,Navy,S
6F1193C10B0748EEA799E6788EA0E1923304AC40D3382C06772E5E4CE9CB2E08,Clothing,Jacket,H&M,Pink,L
8B5463535B074EF71622E527EBD7D1803E76EF883DDA0E1B709FBC2538A80230,Clothing,Jacket,H&M,Pink,M
949E290CDE2BF35B007A28DF1E77D32CEF5E86F7821F783C0550E4AA3ED70A70,Clothing,Jacket,H&M,Pink,S
50FB9972EC9D15166AFEF131206924EE08713630DF89A80ADDBFE9D3D47733F4,Clothing,Jacket,H&M,Pink,XL
C715DFE84D7E7D2B8816CC57E079F8068E167D26C0D403F095FECD0E366EEA82,Clothing,Jacket,H&M,Pink,XXL
1F498F43767FFF254948F7194C5B553C643911C6BD8967E9F321E9371F523C40,Clothing,Jacket,H&M,Red,M
83406830A076F7989DDDF91EDB9E37BB32D3D00423252AE0B08344600BFE00CC,Clothing,Jacket,H&M,Red,S
24ADCB212582D1C5F4BC377C8A2090569BB75426C296105CEDEC3F47C4ABAF71,Clothing,Jacket,H&M,Red,XL
3A0A05D0F4AF708362B7A8E5DD8122A02784144D3D6430EC10622817E12B939C,Clothing,Jacket,H&M,White,L
EDAB449DD27527846A4B67D3AA7827A4176C8D7FFC495DE072DCDE31993310F4,Clothing,Jacket,H&M,White,M
A9C0D86516CE977440978BF4F3B32DAA27ABE86C8C478C42EAB13D40C1524C3E,Clothing,Jacket,H&M,White,S
4A3C83DCBD22A31190669E6BE89631BC8E5BF3FCD174B0D2037402C13C4B67D1,Clothing,Jacket,H&M,Yellow,XL
AE6655F36C747078E2EAD1F51A3B8E15A41431BADF4933EE4363AC838BA2F035,Clothing,Jacket,HRX,Beige,L
AFE831207515D423C62AC889957030ACAF1856BE72F0F017368840E9D5F45C62,Clothing,Jacket,HRX,Beige,M
050ECCC7FF40CCB9F185578EED0ED7A5237B07EEE4CAA0BAFE377F3206BF7DA5,Clothing,Jacket,HRX,Beige,S
CA8718E91C0F2681FEB415150E62D5E686A798A26D04BBF6D3D00BF5200D51D5,Clothing,Jacket,HRX,Beige,XXL
7CBF86FBDF6A3ECB76B401D68905188906F29A2D595F5152321EF04D020CDF75,Clothing,Jacket,HRX,Black,L
0DACD4A455B26EDA6951904631F7BD795E3A1716ED1573C2702FC221551B4BF3,Clothing,Jacket,HRX,Black,M
A143C45276489407EA70CB1C2861E6AD988DF13A4A3A2BC5EDD148A4FABAE913,Clothing,Jacket,HRX,Black,S
22C089829158D1259A826FD0E3F55C2E9BE2D51A01BBF6CDFBA876A8020BE647,Clothing,Jacket,HRX,Black,XL
D22E8636FBB0F0521F8C6F4C1A8F5813703A61A96BC35A54334BF9A86D1C808B,Clothing,Jacket,HRX,Blue,L
A1D2E4174651C209A468B3D46B5EA2F75F557F00EE613BDCBA81F39C53515C64,Clothing,Jacket,HRX,Blue,M
30088B6E177C4396E77731DCCAD27DBCDCAA386BE76FACB916D1D64543E9454C,Clothing,Jacket,HRX,Blue,S
64C0984C803DD370D6C95E0FAA7E875AFD1D31F6B84719CE3D006D9369D6930C,Clothing,Jacket,HRX,Blue,XL
F897A460A70030D3521DACF2FD403E6189C1D7C74238FB3671DAAD270893820C,Clothing,Jacket,HRX,Blue,XXL
6BBD2E0D3F56487463D9470E7D5AE3E442CD9670701894FD97DE83C18B200FFC,Clothing,Jacket,HRX,Brown,M
6F6871F30B8D432E544C268E10CB32486EBD7F2061990701D32DF963789C21A8,Clothing,Jacket,HRX,Brown,S
DBF85011A0897BBFC9EEAE10C031AB40BC15667C2A6018E43BE269591B0D7A05,Clothing,Jacket,HRX,Brown,XL
287FB1B68722526E6BEA0093A04976881BB955201A33CC7ECC6FD8423C81480A,Clothing,Jacket,HRX,Brown,XXL
94856B65B2346D6969FC1CA022BEC86D04A4096C39BC532C0AB1C1C79F6DADD9,Clothing,Jacket,HRX,Green,L
20CDDE16AD7987E8863F4CBB3A914E934C2B594A04A8A7A6642F1FF8526CD086,Clothing,Jacket,HRX,Green,M
AC0EAC8FB5B823177952FB2577BC48603A9F7328B3708D6B980B3825C79A14D9,Clothing,Jacket,HRX,Green,S
94A28C504329502A11639C057FC547CB475E0802BB631536FECB3D93E56E46FC,Clothing,Jacket,HRX,Green,XL
C97BD4D7BF6AAA5FEB8AA82672D7DD3B2AC877633EEA779983F0CB7E6C0B7719,Clothing,Jacket,HRX,Grey,M
3221E90FC187EC04F6ADC4CB90DB2FB923DD374487133F54B4D05C2439836B01,Clothing,Jacket,HRX,Grey,S
A58560D9D81B4CF355A64BC3983B75E19CD84167C95F7A611D43DF3CC68E25D6,Clothing,Jacket,HRX,Navy,M
7B04B932D2EB4151CD43F4F38B93A4CCC3A1442D7E7D2B25375A771D3A037AF6,Clothing,Jacket,HRX,Navy,XL
E855FDA7CB8EFC8A161A972971904DF5AE6FB5FE7B72C05464DD25BAEB309DAA,Clothing,Jacket,HRX,Pink,L
D4DF6BF47B55082B998B42545B6E1251BFC4DF1C6839EFEADB8786F9FB687ECF,Clothing,Jacket,HRX,Pink,M
5578678ECFD08E97A29B000FDDBE5088D32287753C004EF247A73EA5D5154057,Clothing,Jacket,HRX,Pink,S
CF4A076546B18B91B25C27169165BBF7566DFBBC68545299BE4A5A7613F08851,Clothing,Jacket,HRX,Pink,XL
54536A8E2ABB9CF3BB6C982F43872782E1DE9436947944AC22125E2D6FFCCF87,Clothing,Jacket,HRX,Red,L
BB1F2F24D331F9D84AEB13E8B91F29C5A14FE082C582D46F22D12C7EFFBCB835,Clothing,Jacket,HRX,Red,S
42EB1591404DCCDFA4800DC8109633A42BE508C7106A6B1C1B29A53D481F6BFF,Clothing,Jacket,HRX,White,L
E299C20EA530FBDED9C803E470E34B7B115057E6270258AAF33029B56DFC63DD,Clothing,Jacket,HRX,White,XS
3C851BF8609E2DC5124C4399FC81F341D417592D1EABBEF6E905E5B897748461,Clothing,Jacket,HRX,Yellow,M
E43D1EAC4CD3784DA01474CC058C10120BECD42161611C93815E81705131ACD9,Clothing,Jacket,HRX,Yellow,XL
630B301725211EDFBB3C7A181F313EAAF2DBFD2723D0946ED3DA6E80CD56DD4C,Clothing,Jacket,Levis,Beige,L
F63D3969A977E9EE8A8EC3829E9377539C7102E1BEE1184667FE22443B95B811,Clothing,Jacket,Levis,Beige,M
1F0A4331E4B749CF1342CEF438CEFA9660E08E7F7A78B66C06488FD72630FE15,Clothing,Jacket,Levis,Beige,S
B407C988E6B1FB96F4F91B0ADF3A836FC340CCDBD35F9B037491F154BE41835F,Clothing,Jacket,Levis,Beige,XL
D9B696E63E7DEE62CD7FB1201FA19074745D897C49BC8D0229771CC2344A24C5,Clothing,Jacket,Levis,Black,L
C7CA05EDB3582CB7753E46E0CEADB8C4859ED2F6A915E93D55BFDF9F6C6F6BCE,Clothing,Jacket,Levis,Black,M
4B96C3A81D1616BCE74B56FFABB3E016F1C4B5DE02458D7F7592F906CFA63A3D,Clothing,Jacket,Levis,Black,S
2931A9E2FD62CDBDA622517E245825262EAF9B78C39FED5F5E19A62AFC749F80,Clothing,Jacket,Levis,Blue,L
B528BD5EFB4B839A0101A7436D12E11369846F1C6DD8C1C466F30D1D5BEAA616,Clothing,Jacket,Levis,Blue,M
ED1A2C8D075BBB99FF6965F6D2A00EC73A9EAE90DB27E76714C5D8F866A10853,Clothing,Jacket,Levis,Blue,S
2F2048178F873BD5F7D808D63CE560A090F79435E7DB73F3606315D227BBF0AE,Clothing,Jacket,Levis,Blue,XL
70AEB4EBF13557804253433EEF42645353A8DB1217A43BC5E011BE9DE4E77F27,Clothing,Jacket,Levis,Brown,L
8FF19503B242D21F510B55608342CA2AF6774541E9EFD8708BFD1BD889A2BED8,Clothing,Jacket,Levis,Brown,M
A546CAF8AB954A0A27AA9EC9EDE0EA953E9CB8CB0D3382492A322E62C115FA40,Clothing,Jacket,Levis,Brown,S
4851974B7FBA795A4C0E6755C8CB5E1C733668AB85EB9D29F877ACF7401428F1,Clothing,Jacket,Levis,Brown,XL
ABCBDDE3522FAE824E74CAAF3B56F6547D1FB827C67C251F20F922ECC815642F,Clothing,Jacket,Levis,Brown,XS
5EEE7AD4FB91C3F2161317BDD42FE7A92ECDB57E94B355B52987BBE51E761C0B,Clothing,Jacket,Levis,Green,S
F549027EE0ED3E1D393C8E799F4CC6F8D985C0B7F3822FD2BBA2790578417E9B,Clothing,Jacket,Levis,Green,XL
C5AF226659D2220E5E9F962FE071419610CC99CDD48EE8C3C3D266FBC7EB6406,Clothing,Jacket,Levis,Green,XXL
502C6E300B6E4A2FC88183ACFA3E07B31C3CCBCA79F56AD3966718DC27723003,Clothing,Jacket,Levis,Grey,L
A7EB4B19244B101CE9D8CE500143470A147F5F2E7E9FEC15810CA84620E63C03,Clothing,Jacket,Levis,Grey,M
2D9AEEBBBA97FE78286ACFF25E82FE94099F1F99777B54ACC83972369F7F5923,Clothing,Jacket,Levis,Grey,XL
D92ABF1E5E9C55912C64BAD39721D4E40007898E319106D3B1D2184553D3E86B,Clothing,Jacket,Levis,Navy,M
CA5738A5CD29E3492D9D2F4FECD1E0D129D2315127654D0E4FA8DC1F75160768,Clothing,Jacket,Levis,Navy,XL
7E9CA5746A58270157180C4539B1C4A67DD4E6003F934F280229D98B32067EC6,Clothing,Jacket,Levis,Pink,M
5C85B46ECAC7A71870DC8A4A7217EE43F20B34B2D76430E779324DC6F51C0A24,Clothing,Jacket,Levis,Pink,XL
386E2D5CC93266463F33314C0758E8452E1E0F1584E3F255C65368556AC08B70,Clothing,Jacket,Levis,Red,L
14B5E7CA396CA2D14187F509A9AE661FD11AD6409E7482067386D969A42FE015,Clothing,Jacket,Levis,Red,M
DE7835D58495DFCF4626E68A7B2747B12F8802FA6968A45E18F45AE32E174FDA,Clothing,Jacket,Levis,Red,XL
6F0F34FA980BD34DDA04EE9388BAD468F75354BE39C11C2555CC93ED9AFFAEEC,Clothing,Jacket,Levis,White,M
F682A0317846659CA2889D055851EBD8A4B26FF43A0A7463BCCE88AB1EEA6717,Clothing,Jacket,Levis,Yellow,S
F153A9D9A4E7628DE917E55B3CC4193A4EA36422D0DBF406804C7E03324F5209,Clothing,Jacket,Levis,Yellow,XL
93C2CC3ED3AC3198EF4ECF0EB1E524E6FC2E02D0323FA1491146B52A42083611,Clothing,Jacket,Max,Beige,M
B82D635870D3BE4E1A61592EC5F98CA3AB514C1709E5751BE7924B3267DEAEAF,Clothing,Jacket,Max,Beige,S
46D1F4260862DC4F68E1A12AF1DF3CE34C113A05D4ACA5EF9008C71875B2EC12,Clothing,Jacket,Max,Beige,XS
E492CF311CFC22E0105487C7C8D93E308CB6F3FDD3BF593F79967C2D07A0D2DD,Clothing,Jacket,Max,Black,L
568F6E9FD0894BD058F2DB6D712E4A9B44D2D60AEEC75FF472DAD17A133A2127,Clothing,Jacket,Max,Black,M
8E97D7A100757E7C8B88FDA1BD577008D3956C51445EA6336DA38C63AB152825,Clothing,Jacket,Max,Black,S
F5C11D03AE3A9AF9A47B7194BB93FF11196ACC965A633994D6FFA913D5DB66DF,Clothing,Jacket,Max,Black,XS
7EA1ABD0765EC80AF534C265BDDC6969BC160294E19F2638F592A6B74005E149,Clothing,Jacket,Max,Black,XXL
BABD3A60AFE97DE6B81A759F0164775EB467F70F9E20C3A011873B1C605FD06C,Clothing,Jacket,Max,Blue,S
2CCC9166F96EC4EA41880B01BC28F4158CBB79FB730DAE54E1C41C2048598EA4,Clothing,Jacket,Max,Blue,XL
B147C38B87DDD704C1BD3E20C2F3436F87E972BE4BC3823F72456659DCC4B68F,Clothing,Jacket,Max,Brown,M
350FB246F56B8856EA6964F4D9A19F51E3414AF9B408D200F503E33323FF6279,Clothing,Jacket,Max,Brown,S
CAEB45118FF0CF41E892F4322E1CD279F746C4B5AF2537C12192DE06C0A91809,Clothing,Jacket,Max,Brown,XL
C8DD96710ECCEB3F59FAB2F8C01A750DA507709BD8EA87B00FADB576D0BDADC5,Clothing,Jacket,Max,Brown,XS
328AC412EB308BA569A17ED6834B5058651A391B2B0871BD2633DB14308A9EE7,Clothing,Jacket,Max,Green,L
892303A21C4FE507F546BDD1F14031395674083297DBF2AEA9405FE037C39795,Clothing,Jacket,Max,Green,M
1E4328AC706EDF628543B16B5A5770BE4E5D8CA2E836B4AD21556A68F3CA1D61,Clothing,Jacket,Max,Grey,L
895448DE37DD53937182A8764A72012F39E7AFCDEE0C9F8D5892EF3C2DE15BE6,Clothing,Jacket,Max,Grey,M
425C4C87872BD3A9F39A819E4AC410D80F1C4834327FEC01068BCE01A1102D54,Clothing,Jacket,Max,Grey,XL
7633B05C7EC7C105059A8BC2D4739B350DCE5A692B4A53E635F69B2634CEC672,Clothing,Jacket,Max,Navy,L
C28268A324688637C23C9BBBDB5A0EDFF986197FD3D621B9AACF8AB96B6A50E2,Clothing,Jacket,Max,Navy,M
E5DC402AFCC6876716FA12141AE385531BA1C3CC36A73C32A67863F5EF568115,Clothing,Jacket,Max,Navy,S
0E0294BB877E0DF2BC8773A0DA7D4D88B56152B55EED7A561070803AE664F8FA,Clothing,Jacket,Max,Red,L
77BC7018FA1D2A68331AB911467E49C8C95085D9A4A616B029A63FF9C66F4873,Clothing,Jacket,Max,Red,M
572898686DEC8A3D0BBB5F7AB1EBAADB4A0EE497E5A364D842725C88BAE5A9D7,Clothing,Jacket,Max,Red,XL
1BCFD8E72B3617B95300E022381F53C3EE7F5AD2500AB84DC9D606E4964AB7E6,Clothing,Jacket,Max,White,M
BCA152524605AD4EF6A595A6676C1EE4FBD1A4B940B9CD304302720FC5278B7B,Clothing,Jacket,Max,White,S
BD42D8D662FF3DADFBE544E71FB2AE5CBA02D636A6A10ACE46EA0BDCC50C6FFE,Clothing,Jacket,Max,White,XL
04814B7C43BD8F31808AC705AFE2B728F92DB5B629E1D3116622A77ADB455C52,Clothing,Jacket,Max,Yellow,L
23D69340F9A90C08E9BFE7202B7434B99FFD4FCBE2702331120B05F3D809407D,Clothing,Jacket,Max,Yellow,XL
D1CF90DCEF9A6202D69CA6D75A45C2267B20FFC3E4ABED2387DF844EE442FE14,Clothing,Jacket,Nike,Beige,L
57EC0564DA5740EB255B3CA88125B6ED03C465202EF7D045FD3FA642CEC58E93,Clothing,Jacket,Nike,Beige,S
2D3BE5E8D8F85413DA7CDD5D370DA910E542DE7641E7A059721FA3D57C78EC78,Clothing,Jacket,Nike,Black,L
C163091B572028D53B8BC8B8A02E542B71E57A7030079EE0C0A0059E17AD2D08,Clothing,Jacket,Nike,Blue,L
D63FCCE4272870430EBD871C2C1992A82F49A646576C55BC529AA941CF92B54C,Clothing,Jacket,Nike,Blue,S
93D102C0B85BD2980C08D3CA803380B6073670FDAB796DFC432678EC05859EA3,Clothing,Jacket,Nike,Blue,XL
6E39091D538839E5A4AAF18C77DA2AA440B02D29DE92C87B7B412EDE6C2CE0A3,Clothing,Jacket,Nike,Blue,XXL
2C130A91D6B35A9ADAC847702F4C448DB032DCACAB3FA1088C7D5DF16A63EA94,Clothing,Jacket,Nike,Brown,L
4AED3A72F51F1AC91ABF3D03A1077E60F037F27885AA6A3CD59755B950DB990A,Clothing,Jacket,Nike,Brown,M
624C0EE5E442DC5116F5FD40AAD3BE826AC5A555D546B3DBC60FE3058DFF4150,Clothing,Jacket,Nike,Brown,XL
699C235613C4C436863F2EA9E65133C55B0F3CD8858229A94C0C7D4A9A637F41,Clothing,Jacket,Nike,Brown,XS
B5E43A4823A49136CB1B50121CDA0B60417100A57281792A9D805094951718EC,Clothing,Jacket,Nike,Green,M
68D4ACCBD483E2F63E85647E24B03F76FBF1D151E09ED80EA3874321AD0C86CD,Clothing,Jacket,Nike,Green,XL
9C44C087A5437A33DFB36290D2462D4B9E53D4A626EF62CB88C1E6BC78EBB110,Clothing,Jacket,Nike,Green,XS
DE460370A898E25255438136F76EB726EB11BA432E8F2B605EC22EEC98D75EF8,Clothing,Jacket,Nike,Grey,L
4CA822AF23EC1B0FE83F44A94BF42E3A81ABF85968724616E625BB13BF089FB5,Clothing,Jacket,Nike,Grey,M
75059C9D7DADD94C01D3384C956259A88F5C435C50E9447F13872F9B3269837A,Clothing,Jacket,Nike,Grey,S
FB1B1502FE3AF62D3CFD0191711BF874CD38577229467CE7224D77A97543C0E7,Clothing,Jacket,Nike,Grey,XL
4EC4A7A2C7459CD26914F75EFDE22A07D47E5AE162AB59C3FB9BD0D26FB68F77,Clothing,Jacket,Nike,Navy,M
CE9BFCDB068E7EB9E4DD36857E6CE5CE97BAB8BA8E8D81A9EE9D7FA582B160A0,Clothing,Jacket,Nike,Navy,S
E81C115752CAC1F142FC914DBD867379F6E52F3A550323646F2308C8D846F871,Clothing,Jacket,Nike,Navy,XL
4E336E52D6E3E38F7B178EFEC2158F6D31115ED0AA3224DB087713CF66873BCC,Clothing,Jacket,Nike,Navy,XXL
683682C27489D4D66D7FDDC0B48CDD8E844E47D4061964D0859D6F79CCBE3AE5,Clothing,Jacket,Nike,Pink,M
9CC4DCADC4883F8689A0CD04B1C82F0C184B2F2A0B3ADBAFEA31EFBC57FF1138,Clothing,Jacket,Nike,Pink,XS
82B9F546022D6E408A6D8472D75DF2A8B9F8463E8B50A8E6B6D097296DE6AAB9,Clothing,Jacket,Nike,Pink,XXL
59154088761770130DF2C41A11FDC5E687AF94E42E2269941AA3734162B092FF,Clothing,Jacket,Nike,Red,M
3F774A1ED81041EB949C41E82F595F950B70B24A5F80905A96BEBB3FA24C8DA0,Clothing,Jacket,Nike,Red,S
F1E41AA88703AC7E0F5F772D62B3396F55EDF5869094AFF4F4E8922733CE6F0C,Clothing,Jacket,Nike,Red,XL
5BC8786CBA0D52D5E77A927001359CC219E22E1B0827641AA4F05796DD0E347B,Clothing,Jacket,Nike,White,L
8116BF62B52B42AABB6C13FE58B68AE684B011436792D6BB54D6395190CABCAF,Clothing,Jacket,Nike,White,M
168C13BFDCDEE88C608BDEBA3BEE5B6EE4F2039E97E3E1914AB3D15876523A30,Clothing,Jacket,Nike,White,XS
B385C1718DE68A6FB05B9F38F75A70B7C4EF53B5551AAB9E74763B16FC947FA4,Clothing,Jacket,Nike,Yellow,L
9EE3C4CA54BBAE7DF1BC8591E8607C677DAA108A2C6A7145A9C07C115713AF2E,Clothing,Jacket,Nike,Yellow,M
8988CA388ED62180C74270439CA89850FC6B793E00B01A54D75894AB8CB41783,Clothing,Jacket,Nike,Yellow,S
098AD615C5E1CA035F1C055423E6A19ED0095D28B1808CEA3F18B29F8B8D81BD,Clothing,Jacket,Nike,Yellow,XL
07B51F54A8CA7674DFF33AB1D88F0BDEFCB65173812284E47BB87C48E3070D8B,Clothing,Jacket,Puma,Beige,L
04A91522C0E451EED97DF7A56E1461914C1E51C605A1D8E9F8C540E4A70C55E1,Clothing,Jacket,Puma,Beige,S
96DE7E749B8FE475D26E36CDC44AC887FCCC214CAE8E8622A3FBA2FF82A7844D,Clothing,Jacket,Puma,Beige,XL
26F8C9E115FF9A1D82C8E6D8DBEFE939BD30848495026A971B2B8E28B79C7A17,Clothing,Jacket,Puma,Black,M
F6EE48035F764604435827094784BD04BE6EA4740B2F4A6ED23119E01929271F,Clothing,Jacket,Puma,Black,S
ADE9A847ACDD603344DDCE9E18D5C3860268ED1750EF8349B697EC2147554996,Clothing,Jacket,Puma,Black,XL
1166AC64138EE1F5DF7D5CF3AA7CB58C6B91FA7F2ABBB5E706E316FD7CFC13E4,Clothing,Jacket,Puma,Blue,M
F7761ED0170BE1AAED26F5A66DFEF5B64B76F7098A5E1FB99E60FB4D8DDDD7ED,Clothing,Jacket,Puma,Brown,L
780F66BFA3EECC8BD50F02EF8567046625CDBC1B3220AC2BB2EC04896A0940A7,Clothing,Jacket,Puma,Brown,M
90A459985D2B4BCDDCABBCD652049B29A7EC4EBD570CF5E0E5D4BA4F5CB4045D,Clothing,Jacket,Puma,Brown,S
DA7A6FE73412341FF50A5BEB829337B578FE3116E7229F71056EB71798B01D3B,Clothing,Jacket,Puma,Brown,XL
720D17DE6A489407EE21EF9858A4AA1A4C76C9438907440BC8D437576B228992,Clothing,Jacket,Puma,Green,L
5C710D0BAFC17FFA26FE4835B3345F88287A2EF7C93E82D6793C6524975A04F5,Clothing,Jacket,Puma,Green,M
0CF9D125758D6FB2D56CDCC01C0E445BB7361155D524FAA1E5D73E500A40CFA0,Clothing,Jacket,Puma,Green,XS
BD4443FFF304E33A81A5995E73AF36603B282889C367DFEDECFC9B6925FF9FA3,Clothing,Jacket,Puma,Grey,L
9E875526A00F56CF2D176C8C8959C08F615BE855B0546854EFD6FA9FB38005BE,Clothing,Jacket,Puma,Grey,S
C5D519C329AFB7BEB369837F1B9BFF783B2ABB543F7D048EB9C91943ED6515C4,Clothing,Jacket,Puma,Grey,XL
DCFAA4A47F256356BC71F597A0BD80C5421DEEDE30054B0F848485CF0C69A04E,Clothing,Jacket,Puma,Grey,XS
9D272590F54DBCDCB776AE3027B19985F3C843BC23A4B2B7AB572E8F8BDDF3F1,Clothing,Jacket,Puma,Navy,L
5230B8E5596DAE2CE989571316888A0066C11AEAA9D98FB64A33077756CFBDDC,Clothing,Jacket,Puma,Navy,M
A614B92969919205599D82AC9F342A4BE6FEDDD5F7F6447AED95552366B74955,Clothing,Jacket,Puma,Navy,XL
80EFA1BC855E9D4196B8DB2CBB627F0843651FA5DAC49BE306AB3175EA9E351A,Clothing,Jacket,Puma,Navy,XS
A18227CBF7204E7672DD7F61751F6F77C05BBC7CD77E54F09F0912F398BBA3B5,Clothing,Jacket,Puma,Pink,M
06DCD9B0242DB086AACAB488A05CE9A52844A7D34987DE8730D54836D1A627E1,Clothing,Jacket,Puma,Red,M
99F16DA530BF3AAB690CE76BAE8ED21ABE53CFB4FA70137A755CD71F3B398F8D,Clothing,Jacket,Puma,Red,S
7B874B4CB4CE3FBDD6C1A2C0AE436E871EC23A527F536E06F383DFBE3A7E7C62,Clothing,Jacket,Puma,Yellow,L
48F5824666094C4B4C3996294BFC443C38273FAE5550D644621E4C2B92101D94,Clothing,Jacket,Puma,Yellow,M
CCEBC25015AAD5B0317FF76D13B467EA4F9F778FD0A36A0B18338B3936A61EAC,Clothing,Jacket,Puma,Yellow,XL
F501FAE2D0414FBC13A13BAC845231026E6ADFD3DAA3F4C432CBE1D78CDFCF0C,Clothing,Jacket,Puma,Yellow,XS
54A2A93C6B4B6FB3689812F165FA5E594FCA5DD2D36C053D6D1D2BDA71030DDD,Clothing,Jacket,Puma,Yellow,XXL
7A3EF0C74DC7ABABB3DDDA3A566BF4C35749B68C58DB69C3B1EEB572C0971EB3,Clothing,Jacket,Roadster,Beige,L
9018612AFFB874B976D7CE7417CDC4CBE9BDD4EDAE335F2913F822942CD2AE92,Clothing,Jacket,Roadster,Beige,M
B5FF3A907D15C411F2D9949D638F753F8F0700DBA8B7DB82BD8FC1BA83D61A77,Clothing,Jacket,Roadster,Black,L
3B91F145D8D86A80A2842E4292C3D5E3575AACB25A455BE8F4C6A1D72E5160B5,Clothing,Jacket,Roadster,Black,M
AB2667CE844DF8922888DBD88BA989599877CDA0B8295645203DACBA42A938E7,Clothing,Jacket,Roadster,Black,S
8601413B907A9684ADF670A6B41307F222D27682EF8295EA19EC311F98D13611,Clothing,Jacket,Roadster,Black,XL
7D83912199991BFF76E28C576614DF2ACE16B359252CA0F3A2714DBE9F47E348,Clothing,Jacket,Roadster,Blue,L
BCB37F21F15AD32C9D983F5EEA8662FB003D6EB58F631A8E718B91FF51E27438,Clothing,Jacket,Roadster,Blue,M
141059FFE8FBFF999829795896BD0BC115B07E9AC8C1DAA1FF7A3BAF5E3F2555,Clothing,Jacket,Roadster,Blue,S
DA30856366A0CE4ED39D7C9811FD307B069F7208EE4D847B4E7C3BE7C422B87A,Clothing,Jacket,Roadster,Brown,L
2775BD54391C6DAC5413D21876E284DDC67774501272FE49FC6786D385C9EF63,Clothing,Jacket,Roadster,Brown,S
839F7F03C3CFA0D8A80E48F84C5566365DAD93C2B45B86B336A046302618BFF1,Clothing,Jacket,Roadster,Brown,XL
F5CE2E24D21FDF08891202EA46BF5F91C3B8594953D8AF2BFCED560FCC30E946,Clothing,Jacket,Roadster,Brown,XXL
D58C5CD77761BEED39BF6EDDDAC3E1929C38C04815ABD9D2803B1A1E1605CF41,Clothing,Jacket,Roadster,Green,M
C755148C59A83F70E8804F1BE6FBE8CE6E3E4CF898EB956680B1EA6A8B73D933,Clothing,Jacket,Roadster,Green,S
2D81CF112377C209115597AAFD6B64559D332AA5384A2D672A8EC59C57C9F725,Clothing,Jacket,Roadster,Grey,L
EA9D73597677801D6F68561D2E70B763581D5E6243E7DE957E2C85B98431176B,Clothing,Jacket,Roadster,Grey,S
34A133B2128C0EA6C04D0556300C3AF7D227265FC25BB6680BF7DEE910786293,Clothing,Jacket,Roadster,Navy,L
0E7605C6E4C315D8BF975E444350C500391E00B87B0057EB1827857B0FCF80F2,Clothing,Jacket,Roadster,Navy,M
F7CBF1B3CD0FE33E30FD5439B4510A9205D2853B101595D7613100DD95FB9683,Clothing,Jacket,Roadster,Navy,S
A9DC96E12C8DBAA747558484D06766BF2918B61F804A5B657A5EBE09FBE8423E,Clothing,Jacket,Roadster,Navy,XXL
B6522B7D2BEE07977DD7C82C937F764A3CF21E6DCE546B1EAB51DE40C344ED19,Clothing,Jacket,Roadster,Pink,XXL
2C0C73AFEDBCA4C40EFC73FA4646F65F51E66BD02345850ABC94705A6DD725D5,Clothing,Jacket,Roadster,Red,L
3F2C0FB38003C5677B048D261CB68BB01357FA654382840A3A127B5B5C4B8BED,Clothing,Jacket,Roadster,Red,S
9894F0B75A3A50604643534DB727E0DB4F7ACD4E2F07472C9A79A12A9AC3F671,Clothing,Jacket,Roadster,White,L
DB392B89DB8F2C3389695348D039C4ABDB551B388A0F07929770C331FB6DC860,Clothing,Jacket,Roadster,White,XS
5EEC7B30DEAEFB5C71E6D1EC1C7B32E1E532234B2141D09978E3F89335599B0D,Clothing,Jacket,Roadster,Yellow,M
7927E68B26727DA2529ECCEBE9E4B35C9B09738085A4A4F4BB4F481324FF7373,Clothing,Jacket,Roadster,Yellow,XXL
1FA17FE221061016C45FFD9001C411E9B3E6AFA631A34864DF38BB714AA542FD,Clothing,Jacket,US Polo,Beige,L
858E45A9631751AC0C4E35CD994096709B05E04EBD0C0DDEE2DC4FECBFDC7A8B,Clothing,Jacket,US Polo,Beige,M
725039F08CC57B8A57E30ED98B6044C51443A296E995C70322B1410BAA9A4734,Clothing,Jacket,US Polo,Beige,S
C0C89BF648ABF2B10F073412B396BBFA3445F3FC241EACAD26EAF0DC7041E606,Clothing,Jacket,US Polo,Beige,XL
251098ACFE173309A112BF964786824D76BB57493BD3B2C3CE7EDA1E73D0083F,Clothing,Jacket,US Polo,Beige,XXL
A0995B0D98B85D695F6DDF5DA584F8ECB9A0F9B4436CA68A056B51A766215A3F,Clothing,Jacket,US Polo,Black,L
61D6922DEAD6100F30DCBDA94824365C6402A23C8452F8FC24CE560F11897B6C,Clothing,Jacket,US Polo,Black,M
1A406AC825F1926DFEA5505272B8E8B7A3BAB0485455CDF83E41D492E3AE96E6,Clothing,Jacket,US Polo,Black,XL
609EF5E8E9ECE8F2CC3EF54FCA58186424E4BF249273B38071417C47765ABF3D,Clothing,Jacket,US Polo,Blue,M
49EAB18BFAF323F33C76EE99289B4850A9865EFE139854F8205C203F96E51E26,Clothing,Jacket,US Polo,Brown,L
96543BE5C98BB2668ADC6E2F8FCB2C9E14758255035C73B1AAE73DC03FDB9ABC,Clothing,Jacket,US Polo,Brown,M
8F5FC51ADEAC03D8F3D9293DC27ECCC37236373D018FC089B2E6FD73BD277125,Clothing,Jacket,US Polo,Brown,S
DE970945A38E8F9D8F7ED705FC6C493EA676FB9A01F796000A3E924CF9094213,Clothing,Jacket,US Polo,Brown,XL
6F742F6FA5D85CD83053E167167AE1E11FD57F1F2D84411E8872FEBF12DDDB11,Clothing,Jacket,US Polo,Brown,XXL
5BF789EA78A907A668E49E8F2D016E3E806BCB7A3D61E5DF2E446F2153933401,Clothing,Jacket,US Polo,Green,L
B50E160F935FBA3D7318CA515B32FC9EDF59676109929CCBB0130B1104340EC1,Clothing,Jacket,US Polo,Green,S
E61B90C2A5E5A4A890099DD32A237157E55FC63FC7B4326B444FAC28138E3029,Clothing,Jacket,US Polo,Green,XL
9EA1231DA9BFF8FB4494DB91478C51E3AE9A87BA0A9C032B1957B05AAA6ADC7C,Clothing,Jacket,US Polo,Green,XXL
EB4F25A74462CC97959BB1831BCB0448855103BF9F925F169EC571148C0681AE,Clothing,Jacket,US Polo,Grey,M
79C4DAC78075F91FECB35B1C72AB45C2CA1D3609F28F7A5CDFA476568E87D77B,Clothing,Jacket,US Polo,Grey,XXL
6F4B5EA1984E35050E28C74149734B3AB702D32A7ACF29E53BA25BE52917CE2D,Clothing,Jacket,US Polo,Navy,L
2CFCC78234F13B7E296745D76DB30145E86D336734D5B47037F2F3CB02A36E64,Clothing,Jacket,US Polo,Navy,M
0AAC6ED1043E64CFE696BB0B4300D9BBFFB2FE977739B3966FF2E6925D91A182,Clothing,Jacket,US Polo,Navy,S
CA21D20E8BEFA2400C5F597673F71A414E3625E7ABA31D9CFF4D655777951185,Clothing,Jacket,US Polo,Pink,S
23A275FACAA8D92B1229CE892096485B9908C637FA12992F0009A4B166E51D20,Clothing,Jacket,US Polo,Pink,XL
E1C88232092C36DA4015FA0345E4B33AF4563BCDEAA0F6A7A5BEAD05E3DE7C57,Clothing,Jacket,US Polo,Red,M
23C214890FDE25464DC7D8F02BFB498C31E98A6B285BB01274783110D0492350,Clothing,Jacket,US Polo,Red,XL
03BB5A7EF05BB0097FD34969C3DE4F59B7C1A07CAF7A632F5945D8778AFB968F,Clothing,Jacket,US Polo,Red,XS
BE2F5F8E4DD55865DD44CBF19F6EC1F5824881FE46739C43F4A35CA91EB0E728,Clothing,Jacket,US Polo,White,L
69E73FF022325577D1BEA51D80C5AC8D129BA0F8A52EC7F162C92F615B81DC5A,Clothing,Jacket,US Polo,White,M
3C1D014E08B7BCE69F62F4B3549F0508275F2F73CA43DA56CDC48956180EDC90,Clothing,Jacket,US Polo,White,S
36F5D11238501CE963E8AC6D9C3306516EED8F59A840F33A70421BD49EAA62F9,Clothing,Jacket,US Polo,White,XL
DDCDCBBC0C5EE0A51AFC82F181177F2DA6B28C2FBF3474082C16252AC1829FE5,Clothing,Jacket,US Polo,Yellow,L
BD902286DCDD7830D07AD37EEBCF2B608002E2AE787B28F03A314E973DF4579C,Clothing,Jacket,US Polo,Yellow,M
B714873420801D3902CFBF294FD1EA4C5B1E5FA98767C412B5F2ADBAE8CACA82,Clothing,Jacket,Zara,Beige,L
C023294B11DE3E7EDB3F5289624F915CB7B12D5AACBDCB989B7544769F006F59,Clothing,Jacket,Zara,Beige,M
895F2E3CB71123DA4696EE02DCF92D982C5FC22108DDF5E6EDD573D6B3C541DE,Clothing,Jacket,Zara,Beige,S
E5BF83D0A9AD05173E62BAF27EC63823852864549E11206C9F427F301E77BF90,Clothing,Jacket,Zara,Black,L
39D523BA617C1E61AC216B3E30BEAB71AA47C0F232830D095DBFF351FCE0DAAC,Clothing,Jacket,Zara,Black,M
A3434CC6693F5B91174E967AD3C0BE564F941B2A74DC9BF60A28A035BECF7CE9,Clothing,Jacket,Zara,Blue,M
CB4E6EA259C243E28DB854B3F2AF441A788AB320590412415B204B395C5AE21D,Clothing,Jacket,Zara,Blue,S
DFBA6626C38A0AE48B39E8A2465135BBBF5658BBC927294FF255C3EF4C84B308,Clothing,Jacket,Zara,Brown,M
8A726A0D3416464DB312625FE93440E8A4C66A64B2ECD78725E45D86B01F6612,Clothing,Jacket,Zara,Green,S
84FE062794623E7B1F839D8B5CB76E43789D312AC3C44FDDD53108FBDD059BFE,Clothing,Jacket,Zara,Green,XS
1B70968DA8308A0291232447243E255602A05707B7506C3DD56F7BBCA05B108F,Clothing,Jacket,Zara,Green,XXL
8EAB806ECB04012944FC61FA5E85A6DBD84FA6D93C3064497FDA821D1FDD5DB6,Clothing,Jacket,Zara,Grey,M
B1D522AB6677C3DD6AAEE66E5E9422E6D73EC6D29B522C311E29E891250B3840,Clothing,Jacket,Zara,Grey,S
825BF4F106CD191610A92D7B68A8A767B70BA518E412D41C71920B6DB506C787,Clothing,Jacket,Zara,Navy,L
7439DC177C836E4CD37D45888171165E689D9B4F8C09937E92DD4E101C6E52B0,Clothing,Jacket,Zara,Navy,M
4D6D5963C0D2B0D5617935D494C91EC3D31D15BA0DAA5257E9B3BAF66BF6A760,Clothing,Jacket,Zara,Navy,S
37A77BE86529AF789FD567F522240225ED890DF8FA1112F096C36BB66BE39D37,Clothing,Jacket,Zara,Navy,XL
53EAF3440BFCF38533848D9EE2CFA9F1F0C237409748538859DE995ABE0C78C2,Clothing,Jacket,Zara,Pink,L
A80FC2CACB328AA9D5E6BC1C3F13D285462249297906B73E400F1DDC088A5572,Clothing,Jacket,Zara,Pink,XXL
A5B9D7A0C99E56FCC95111ADB0BC5A3D066AAC099BFCD2EAC42494CA69F652A0,Clothing,Jacket,Zara,Red,L
524DCBBB72A1A978344B3A64FABCC3657B4C2D18B8BCD9F5C429C54746744FF1,Clothing,Jacket,Zara,Red,M
2F7367937B587FB3FA23FCA8497462654D4E378491DB6A2FC9B94EAA0779D82D,Clothing,Jacket,Zara,Red,S
E6A23CB66564C01B9E85EA8DB97EEDFF5D42AAEEF8B78BBD321D3BC0E199A158,Clothing,Jacket,Zara,White,L
4D3F4EF9058E7AB30CAFE92A92A965A2C3B0200E73EA9C63F11099492887DB9C,Clothing,Jacket,Zara,White,S
ABB266550D1DB753057A6DB2912CDA9544D801E186F33ED89CAB84A0A199EC8E,Clothing,Jacket,Zara,White,XL
ABFA76FF9566776C7EA5649AA5D132E79DA5416054AB90B64B60B13172E115C0,Clothing,Jacket,Zara,Yellow,S
1D31CDA8C56362FAC25EAB5DF66CE5FA275F14126B6B42D1E931EE43C0BFC5D3,Clothing,Jeans,Allen Solly,Beige,L
7C42815D03FEF8AEA096244B9E8BC5FE133536ED8C23D7AE04E56B736B4B476F,Clothing,Jeans,Allen Solly,Beige,M
EE4F8C83A26C5ACBAC807CD1EDE434987B5AEB53A6DFA80478D5E18927A06429,Clothing,Jeans,Allen Solly,Beige,XXL
63087EA058F2C215EDC1FD28044FCCA4B2A6D04C38BDE8E19D1FF79A25CDD54F,Clothing,Jeans,Allen Solly,Black,L
C138FEBDDA625BB21F3F23B6896B2844DD40A55D4FFAA8F23B5C782C9193668E,Clothing,Jeans,Allen Solly,Black,M
886B64E020865D84ABE4E33A27CF5A00646CBEAD8E75EE3A851CBFCF138C1101,Clothing,Jeans,Allen Solly,Blue,L
02EE2E002453C5925629BE84FD1A7F5C3A5BF27925E1218151F60F6DB48E732B,Clothing,Jeans,Allen Solly,Blue,M
6C479F6C44D874FFAF0A55954B82CC0F5E203DD861D8480AB4D5A67B52965445,Clothing,Jeans,Allen Solly,Blue,S
8FC0AE537488E07D6B28E6F096FD729611F76F1CAC861694FF7C0AC1C7FCAD6F,Clothing,Jeans,Allen Solly,Blue,XS
D038543B13C2613565396221E5A732F245EEE8CF26C781F05B4EE5DBD6A154B4,Clothing,Jeans,Allen Solly,Brown,L
271388E0502E7039072F69F3E8F6FCBC52CC71B5B1B9B301E819669724191D11,Clothing,Jeans,Allen Solly,Brown,M
F7E267EE6DE72301F1C76101DFE295EA0FF911366D0AA1A79996F18B7196F039,Clothing,Jeans,Allen Solly,Brown,S
0CBC64BF393C892419220F9FB897F79ED2638E0E28CB2D410130B579CF16832C,Clothing,Jeans,Allen Solly,Brown,XS
3D1D61FD0FEBEAA2C1A08AE7D93ED51216884790FF3BDB8DAB0B98E27D936D70,Clothing,Jeans,Allen Solly,Green,M
AB5437FBC3C3992288A74EE82AD67C95459BEEA878A23D40E1EF9583E6947E0E,Clothing,Jeans,Allen Solly,Green,XL
902B001FFD1214337AF2D2110C045545F18AA32A98BB2B06D3C25A74D9F3BDBE,Clothing,Jeans,Allen Solly,Grey,L
7CAF42CD19E553AEA8CEE0CCB0F873C8441BA63DA3196192BA4A2A4612AE4B6D,Clothing,Jeans,Allen Solly,Grey,M
DD78EE347F1394E41DFDE2F0C2E272ABDB35E4311A6EE00104BEA173731E81FA,Clothing,Jeans,Allen Solly,Grey,S
B7157771A0C3039FB21FE652320AD0505E8647F6A37AE64F1161D878CB62F487,Clothing,Jeans,Allen Solly,Navy,L
A3D70C76FDA00304F2DCAC93AA1F8E1E841F39383517B224BAC50E5F536F9457,Clothing,Jeans,Allen Solly,Pink,L
496DBB2FC2EC68C423A9084369EF1491C7ADC2690F6AA0D66E726E0A33D43C8B,Clothing,Jeans,Allen Solly,Pink,M
30CB0F1EE811FA87775DA6FE4C65E4C1088812F2F4744645207EA6B5DAA1CE79,Clothing,Jeans,Allen Solly,Pink,S
095E05BF27169E94DB45D04ABCD95CD04DDC59FBF7F10CC4DC38BC88DF50DF79,Clothing,Jeans,Allen Solly,Red,XXL
FB9F6AC11FBB5182D4875A8C745DBFED198BF499269C31D29ADC2C176E210717,Clothing,Jeans,Allen Solly,White,L
9B4A2297B6D488FCC616BF3A3CE83CAF3249CE29EF767D3660F3E630FF29D97F,Clothing,Jeans,Allen Solly,White,XL
3BE53FD590EEA0971187CB7E5DD062243BB34A00C0D4922450CD08CAA3B8F955,Clothing,Jeans,Allen Solly,White,XXL
96D4589B810113FE612D656AB4E0118F6B9B1A6A43A3FD92E15A257F5111596D,Clothing,Jeans,Bewakoof,Beige,L
4EC08648DEEDDCD468E3D4F1F21B198267E70902F88A5EDAB180A362B3545E3B,Clothing,Jeans,Bewakoof,Beige,M
9415098EF449613B76D26E756E8C46B9B55869228FE56E9F9891B796FA5E4946,Clothing,Jeans,Bewakoof,Beige,S
451791ED5581512E408B27D963FD990F20367C8B88968F9082BEC80AD036E81F,Clothing,Jeans,Bewakoof,Black,L
2956E82C85185BBF142EDDA4642B3CBB84664B21DB007A8578B3854B5D6AB028,Clothing,Jeans,Bewakoof,Black,M
E88B3B66C29E5A9345B0AF7213D9725C094A40E65A23C57B14DC24D01FD8ADE6,Clothing,Jeans,Bewakoof,Black,S
25708D10AC4E91B40CF743C1135BAE9E27EDCE90050AC25546C2B14851464783,Clothing,Jeans,Bewakoof,Black,XL
8739D11AA4ADF4AE7AD6ED067A70149D3840B7B606AB05021F6C991E2EF98E94,Clothing,Jeans,Bewakoof,Blue,L
E895F207C1EBFD999B5839BD681E45B5F2BA8AEB1F69ADC69F48592D95FC8A30,Clothing,Jeans,Bewakoof,Blue,M
9B84CE4F0C63288D242B72D5A0D4C0B0B120321873478E63B892977094C4778F,Clothing,Jeans,Bewakoof,Brown,M
D0F53FF62E4B006303D54B2A5121F82AAAAE1A5BFAC4B6E828A2693F01920BA3,Clothing,Jeans,Bewakoof,Brown,XL
1300C1AB6A46E0E244981BD22AB590760B64D0A3F20791C6C639DFB85E42F0E3,Clothing,Jeans,Bewakoof,Green,M
52E170BF5BCC211BD3F7E7D0CF511626335EB849BAB75FD452F2E9EDD9CCF630,Clothing,Jeans,Bewakoof,Green,XXL
6ABEF08EF2D71FED08F309F856AE997C34B874A0AEA4626D306B55CE0BDD8565,Clothing,Jeans,Bewakoof,Grey,L
DAF94F700433927EBA90DB5D1EA06397C5D037CC2C979C137BA8C1A3137189C9,Clothing,Jeans,Bewakoof,Grey,S
82A7D745808E5AF13897F9AAAD37AB67C04DC3DFDDB34E0F5DD5F803C5D541EA,Clothing,Jeans,Bewakoof,Navy,M
E0DE354E42723DE1B5C0B7DC86BC37B0F0F3B19026A063ADDE1177B308EBDC4F,Clothing,Jeans,Bewakoof,Navy,S
9A45FB8A7931F7ECD44FACBE3ACB0A33F4F8067F0A276521F6550B9C97839ED5,Clothing,Jeans,Bewakoof,Navy,XL
A7B2DAF77DFB17F6B3FC41ACCFCAC67DBD574C66728B1FDD17D4185F7507E0E1,Clothing,Jeans,Bewakoof,Pink,L
66F37A7EE6C0A934907482FF801E82EAB9C96907B51E0CB20B503A3E753DB0DF,Clothing,Jeans,Bewakoof,Pink,M
C3C546E144F38B42D7C1E9ABED448AD47C91C4E3312897B916DDF363C44156EA,Clothing,Jeans,Bewakoof,Pink,S
62DE662013AFE8A52805FDD75950FCD79FE6668235838FB660D1C740B82540DD,Clothing,Jeans,Bewakoof,Pink,XL
E68C6DC3963A8B428D21CC4470500B018DB0D0CC59A1E1D4AEEFBD5AB56D9A4E,Clothing,Jeans,Bewakoof,Pink,XXL
E8E1813B0F78DD0C2099A036B309211247B7BC46C2FB2E9F2FF4574AA179E751,Clothing,Jeans,Bewakoof,Red,L
256B084FF69D4840412CACA4C2ADB41F75A40B17DC36E6ED751421C9390B4F42,Clothing,Jeans,Bewakoof,Red,M
22A8573684873FBF9D9B6D0E50E340E40798A8D27B71B0C51741A5CA635CD499,Clothing,Jeans,Bewakoof,Red,XS
8524887C0CBBFF2DB469213664683043C38B951ED9743F02D4F29E79DF32759B,Clothing,Jeans,Bewakoof,White,L
8B74BAF3A10F0B9960D911287C5BF9BBE29CFDA7C22E8FE97F719B1F36CF53F1,Clothing,Jeans,Bewakoof,White,M
FC062FD63C0F08DDB841907A816DC58248BD732B852253C32166142D9CB79BF8,Clothing,Jeans,Bewakoof,Yellow,L
9CD6460323AC9190820C2E4F901B5A9FE92E08C3949E8236BD4D155691D5BE17,Clothing,Jeans,Bewakoof,Yellow,M
8516E40A4C87742C099B0E9A42463A7890141FF8D86109A4C53BE24CD1EBFDEE,Clothing,Jeans,Bewakoof,Yellow,S
77B95693F8ECA6E5A7442A6A99D284018B0C00D33B2B4547686DA4FE03231465,Clothing,Jeans,Bewakoof,Yellow,XL
46E8134F326F2C823E4FA80FE9E4B65EF85B94B170A56017DEA6DF48291E4C96,Clothing,Jeans,H&M,Beige,M
C137E4D25883D726B7496D6D715A184D1E1D19408E237B703182DF8092BBDC21,Clothing,Jeans,H&M,Beige,S
3814F68D739F225DBE3A375208D5A02053641B61C3E89965D4A149D80F2374AC,Clothing,Jeans,H&M,Black,S
79115CE1FB99A3971C62B260DA1169492977DB90C91ACC58832E6A360101FD1D,Clothing,Jeans,H&M,Black,XL
4FC67C78E05CDF1C2B56915FDF96016B37425BC3BBE06D756F93E0786BE5FC58,Clothing,Jeans,H&M,Blue,S
425958457C2C5D690D702DC8FF4E177E2B0622994C1C56CADF7AB3E3C22E3AC7,Clothing,Jeans,H&M,Blue,XXL
30B44860B4ED3A27862F0C6D42A5D73762B261191DE43BFC16B15E01BDD2FBDD,Clothing,Jeans,H&M,Brown,L
22D74CEF24294C4091CBAB32F7502268B7589B2A0A8D10934A71F70985CC45CF,Clothing,Jeans,H&M,Brown,M
4B615BBA08D3D9BCCC71E03A7979943DA2C4D7BC6A569B511F9F633913F744AF,Clothing,Jeans,H&M,Green,L
740BBDA5A5378E5AC0441D0B586FEE91E9EE2C6EEC27041B8C572E24BE7CC538,Clothing,Jeans,H&M,Green,M
76DEDF4002160F1427DD926739731F96CDE5BBFD37EF6BE6278CF9D2DA45D311,Clothing,Jeans,H&M,Green,S
63AAD8D87E443ADF9A038BD4F6833CF9735D411AA7BB8E3EB1C105E16D486854,Clothing,Jeans,H&M,Green,XL
6082B7930D4C58802AAFB2705360F3E7315767D3875103FEC4E1287771EE47F5,Clothing,Jeans,H&M,Grey,M
D378B59EA062731DF6544D871A9804835C305B88F04A77A3A2F6C18D2D6E2F35,Clothing,Jeans,H&M,Navy,L
4FF13BB3629E406A5A5625D88EE57540551372E1B8D39BF25664F4F4FFC7E761,Clothing,Jeans,H&M,Navy,M
04C95EF8D745C9193AA09438FEB704A3A7F9DA4AAF7A6BB98D2CADDA7BCD041E,Clothing,Jeans,H&M,Navy,S
A0CD39FA1E69CFFF3CEA89BFAA269911494E44DE2A7861DB08DE5F46ABB5CCEE,Clothing,Jeans,H&M,Navy,XXL
04F01189EB50F7ECE53CDE17B9D2A09D8648B10FE01F7B3E35B86EDD0269BA2F,Clothing,Jeans,H&M,Pink,L
C426D73997496D922067B1256F02ED30085A1587F9F1E938FEA1A3E7F9264739,Clothing,Jeans,H&M,Pink,XL
ED8DE629B5530E49609483B620815DD45C8EAB68876FBDC6BA23D9E7C4ECB75A,Clothing,Jeans,H&M,Red,L
BC0FAC0AB82FEB4EBA76141FCC67BAC296750BB17448177DD7F25DEE5EEE51EB,Clothing,Jeans,H&M,White,L
D19AC854CBC3DDF3E546B2A90AAF0918D6B7D600BC675651FB8E4AFAF188488F,Clothing,Jeans,H&M,White,M
53B77B40B99E32985B037E531DCECEE1F351B928464C4967FB8C51B95B65FB33,Clothing,Jeans,H&M,White,XXL
1B08C338CF64F7C0B8F84D8ABD3607DA17BF552538FC32845415EBF61A59438A,Clothing,Jeans,H&M,Yellow,L
A940948764EFF63C4DA48F94A4F926733337A05D38694FD6E06A5ACFA6EC64BE,Clothing,Jeans,H&M,Yellow,M
4AA6777A972B504A72C85FFD59FA0DCF9B3DA074DDC2E6E5614021BD32455EB8,Clothing,Jeans,H&M,Yellow,XL
2A3B6C6241ACA08155E68B98D2538741959E0B236B5C85097FAA9ED4B18FCF89,Clothing,Jeans,H&M,Yellow,XXL
D45EA75FD4705581A0D668A26AC24894D6B7E2EC0C3D6C1A4B6A9EDF5C5E7A57,Clothing,Jeans,HRX,Beige,L
A90BB9548739527D21B4AAA27AF6F19B6770E6B04AA7FBC243DCE8FDFA252BEF,Clothing,Jeans,HRX,Beige,M
20C3B777732C4278786A5D195DA8B5FF1B7FE81BBBD6E1D73D07A876A8201F04,Clothing,Jeans,HRX,Beige,XS
8F13A0A3F7FBB274D5E662610875E9B03B7BED749081DC96A7C04D41C20D24B9,Clothing,Jeans,HRX,Black,M
91F508924DBE01B10A47AE5A1FC21EEC03A8C64E7E78552DC600214279D4BC88,Clothing,Jeans,HRX,Black,XL
0109EBBBAED286AE4E1BEC8236E3A18DD936E1A37AF22F8A792F15EAF6F931F4,Clothing,Jeans,HRX,Blue,XL
BE2F8EA886210AD0CDE27AFB5E317C67CE78D7F9E50A0A4C9789B403F685340D,Clothing,Jeans,HRX,Blue,XS
F7C07014CD30AFC5F027A46F1FEE70EA8886964A60714E02D729D94D4507D101,Clothing,Jeans,HRX,Blue,XXL
8F4C8195D0044F353A9FFDC80444CECDC4FD1919CE726600B7B824F80441CEE5,Clothing,Jeans,HRX,Green,S
475DC3B7B1EE3AC0C269BD278AE047F995693B294B5DFFF15B89D655041A0895,Clothing,Jeans,HRX,Grey,L
541FA706695CEE6F7DDAE91C4E80B7DA133D96F8AC98981E3752ADBB31DE90F8,Clothing,Jeans,HRX,Grey,S
850DC8089E837455A3C62D00E421EB4A680E5B54834DAB94DF24E35975E32C73,Clothing,Jeans,HRX,Grey,XL
CF0F99BBDC8553D1BD4443388780595E1BBC2FF4E7FFB771FB9B5C3324CFC28B,Clothing,Jeans,HRX,Grey,XXL
AFF32FDBA740EEBF8B06531CE6059685F04B7A878E679440A5D57EFC2C277D96,Clothing,Jeans,HRX,Navy,M
31E6F2C7664857930CC2E96F33BDCC1D3818CDF2EE122B6D0E9F3C51057DF8B6,Clothing,Jeans,HRX,Navy,XL
D5BFA403515447103F8F7253054247B725902711D8D3AC2AEFB2102ACDC273E8,Clothing,Jeans,HRX,Pink,L
83C1615BE1C8C2D239F132DE84870E3060E494AEC4DEF35F529B7C1530566609,Clothing,Jeans,HRX,Pink,M
D9E81DCEBE42E8CA18DAE0FFE3C4564541D7445242D72BC4B074B0F9413C8133,Clothing,Jeans,HRX,Pink,XS
B896F4C7FA92551E1A6549F4A13F48E21DC058F57119319F1A9797F721DFE406,Clothing,Jeans,HRX,Red,XL
4940C6B23B8F98F3B58C4554D2C8E761246EBBEFC6514F92FCAE8BC9722E9BA8,Clothing,Jeans,HRX,Red,XS
C7F43FCEA0D2F67BE7955AC8A18FEEB94155888C128E36027865BF1865254AAB,Clothing,Jeans,HRX,White,M
ABC36A604C018D01D7037168319EC536F40E5CDF65D35C1C1D6DEC36100F2AAB,Clothing,Jeans,HRX,White,S
3D592D3B09EDD0D24DDA3EF46BF37A4F1820D06BF89FA4758F484B9BF0289947,Clothing,Jeans,HRX,White,XL
1FB406BE8FF9D38D22E3428BF11272D1277218781CC4253DFF1ADCC4FDBA9B7A,Clothing,Jeans,HRX,Yellow,M
2BAF94F081129D76A05BBE0158F87FCCA2B9B640F721541B70E90BC7CAB873C2,Clothing,Jeans,HRX,Yellow,XS
F7736064E82FBE02C1218DA9ABA297FE3DB0E9CFF1E0169E7D50F9B687061F66,Clothing,Jeans,HRX,Yellow,XXL
B46F88924DE3F3887F22A54E2417F736622EDCBAA9F157E495D12DF1E2972110,Clothing,Jeans,Levis,Beige,L
C0A059E7B3B9F48894F51EA2A881F99CAD778CA608CDD11C1A08142668FDE100,Clothing,Jeans,Levis,Black,L
55F26C321801703CA38E8D869C223FFF08F7966BA82A5198D03B3BCD7237CC47,Clothing,Jeans,Levis,Black,S
D04C6C4AD236ABA8F4675FF39F5FFC3F9C812CF2C82B20F0DA6D0AF355AD39C5,Clothing,Jeans,Levis,Black,XXL
1B3026D77C02E273140B41FEDF97AAC5D8A0F023498B19C4232D80F5903BA575,Clothing,Jeans,Levis,Blue,L
43B36A8344AA5506DD3BCE6C27672A58B0691E312BDFDEF710C8009C7A2223FC,Clothing,Jeans,Levis,Blue,M
429CE37ED1500E1BFF9A59A5F93BEDA1BC4551926C2559A1AF6AE6DC956F74C0,Clothing,Jeans,Levis,Blue,XS
372F09C40D59C65D1A8F5444DE35FD1C74801A4EDD14EFA85655D7D37F034196,Clothing,Jeans,Levis,Blue,XXL
62B007451A850DB0E7F2E01045090BD25F0686244C69B857EBB9CC18A0B874F3,Clothing,Jeans,Levis,Brown,L
25A1E9994A9D2DC3A0D0F7970597FB7FF5159A3D44591D6EE63722013FFD8BEC,Clothing,Jeans,Levis,Brown,M
1FF3F3CAB154589001F6272EF0FE7DEC6DEDE5D92FFAA2D5DDE191F612867B3A,Clothing,Jeans,Levis,Green,L
D8BC79ED88947E2846CC0FBCB782FBE72AF8D1868F722021C0C30FA9D4FB02EE,Clothing,Jeans,Levis,Green,XL
52E520CE29990F97E90FDEBAE33B6DAC8C4A16335180BF7B21532A21BB30518D,Clothing,Jeans,Levis,Green,XXL
DDD065F590CABF14FBA7FABFAF570F3C57D2A111413889FA5B56DC3E4447E4F0,Clothing,Jeans,Levis,Grey,XL
880CF0BDCA22357F07A0BD31136CEE2494999992BBA2FBDD3B077727FD9FF4C2,Clothing,Jeans,Levis,Navy,L
0751B318A72D2AD03717039D41D7C15B90B24C87F654F7A6C60145F691404407,Clothing,Jeans,Levis,Navy,M
89778417B17A253676F5BA8B541C056D5DCB30060492757528D7BD8EF89E445B,Clothing,Jeans,Levis,Navy,XL
CAEF8F742EBC9E5E5051A516375DC563B44E293214CF6A67587C28E9BE4E7033,Clothing,Jeans,Levis,Pink,L
164994E7A5A6A00C909623EA34DC3C2CE065A8A23FEA74796958224BCA98BE25,Clothing,Jeans,Levis,Pink,XL
40E045393B93EEFBB68640EF2A11FC47D95BBCC2A0527819516370060F20BE4A,Clothing,Jeans,Levis,Red,XL
FFC78BA98102A85840A9B1F7FFB440085B23B62B3CBC029C8CDE6558D0FC6CDC,Clothing,Jeans,Levis,White,M
4DBA035ADF2C908151DAD6C23BB4BCE3421AB363E5BD0A15A0C62B91C3394A91,Clothing,Jeans,Levis,White,S
7C7F4EC3897CF54E937AEE2C196FEE4F94BB804DCEAE824D2E62B200F370298C,Clothing,Jeans,Levis,White,XL
1595FE51F6238D7823EB171588B4976FC5B4399A538BDF6F496418DDCACF16A9,Clothing,Jeans,Levis,White,XS
241820F09306273C7D31D76E2F00D8BB596204B76757E41EB22F866A88B1BA70,Clothing,Jeans,Levis,Yellow,L
93ADCA79A771215172FB60A62A8D2CD530E171E6BE7DA38BD34B3E6850279699,Clothing,Jeans,Levis,Yellow,M
942A6CC7F2C5063A4A66ED7C3A52379A2278E7E28805AB9F603314FDC7C92DDD,Clothing,Jeans,Levis,Yellow,XL
2A142D602FA3D9233A4B03B5A9F3D995D9E381910E71FAECC8544EFC2A7CE6EC,Clothing,Jeans,Max,Beige,L
26026C7632B17B6490DC09CE2AAA2E08237B9612F4EC1C1061C63C6564561FD5,Clothing,Jeans,Max,Beige,M
94297C114F19F3C99D3617D75A69EF29EDD8359B9D65992D196C1792DA3DEC8B,Clothing,Jeans,Max,Beige,S
41C349EEE40274792A8722439C93E98E624F6E7DC5B121ADE9F9A23F0343A4B0,Clothing,Jeans,Max,Beige,XL
CA967F6FB1D0321782C7FE7F39AA547FCD015710894E196F60D21AFD7FBA5F26,Clothing,Jeans,Max,Beige,XS
3E18B7642AB5958444F24FBA94349456BFCC51C99F7FDA7586291AB062983FA9,Clothing,Jeans,Max,Black,L
F56F2509B78FA63BACDADD954D36169688CFF1B35F26D847656F9465B9585D43,Clothing,Jeans,Max,Black,M
25AF9FB6F73A82E93BA59F087CB1D83A2D454EAB466F0A06D7AF8C1B0A000791,Clothing,Jeans,Max,Black,XL
F7430FC6B549D81126AF194C0BC1362F6D608858B861695B2B017FA33E6D1B39,Clothing,Jeans,Max,Black,XS
D7C29A769C9C6F8A36087EE77EB29C5B011FC680166CFF4955442C58FF367AC0,Clothing,Jeans,Max,Blue,L
148D77AEF63437F55D478342D3D3239D54296854410ADF929DE6719ED9298B86,Clothing,Jeans,Max,Blue,XS
7472D350441AD6FD9C1D1C06B6DE350510EB56BCCEABA841C88AF16C987B91F9,Clothing,Jeans,Max,Blue,XXL
58A2CD31FB21C05E71CAE9E6EC59545E1DDD76F338BFBA54228F4E64B0C36EEA,Clothing,Jeans,Max,Brown,L
4D8C03817765D5512E739C11AF3EB9ECDC1DD9E9901564D278F08CE59316D036,Clothing,Jeans,Max,Brown,M
48C2B9D5FA16EE92834556B0CF5C7F56E89255FCCE4337AD745D01C53E87D49B,Clothing,Jeans,Max,Brown,S
AB030FB9A871103BD261BEDABA678AF8FE092AF586BB870A9B94C859BA169A88,Clothing,Jeans,Max,Grey,L
0B880467050F3B281B8C23764829D64C16484D0568E146346F97D4776E55CB58,Clothing,Jeans,Max,Grey,XXL
FDAE71D253F4A89F467997352BA6C5A3D5B242D92EBB27D69FD67490798E4430,Clothing,Jeans,Max,Navy,M
AE211AC7E6AE69940BCB55817C2F68D945751C4E7EFADA61A07D44FB6A395AEA,Clothing,Jeans,Max,Pink,L
83AB45DA9E099B535DE856FC8C665CE6E29384F1CE7485AA6BC76D1878383391,Clothing,Jeans,Max,Pink,M
F8EA4747CCF6F7122C80D4216FBBCE61E5C658D1792CC8074719695D02CEA8B7,Clothing,Jeans,Max,Pink,S
2B1D31C46560BEB85AFF760D2DC52662C3529A3555A2E70E39CEDC8220BCB613,Clothing,Jeans,Max,Red,S
36CD8DE7D246E45851497AFB1C8A414F6A29390A87CAD469D5317408CA8F621E,Clothing,Jeans,Max,White,M
7FAEDE98C6C7D6AC79DFD15201C4C7B1D9FB74C7FB1DEDE46C99E9AF2077999D,Clothing,Jeans,Max,White,XL
7BBD268369900E6C86EC9239C109F25F320BEBFBC9210BE2699E49979BE4A856,Clothing,Jeans,Max,White,XS
5401FAC5954446BF2349737F81CF2F012DCB7981ECF7F4D0B500074061B77657,Clothing,Jeans,Max,Yellow,M
7DAC5089BF6BDBB7F8C4866875DF14BDDB7A88D62D65350CA7E25790CEFDEA51,Clothing,Jeans,Max,Yellow,S
E91C1EE21E57B8B1045E79A6B705489CF5241F13667B15B2A9D9A0390C31763C,Clothing,Jeans,Max,Yellow,XL
339CC149100B494A245DAFDB86DAEBDDF9ABA00AA29C848E0008E71B5ADA5C7B,Clothing,Jeans,Nike,Beige,L
A860CC31A005543C769BC90A71E5379984D0FA766A848CA26A048C31F45A11B5,Clothing,Jeans,Nike,Beige,M
3263300FEE89239A3238BE08E356306F43A903AFE0A7763BDD5D895425A1B429,Clothing,Jeans,Nike,Black,L
BD1B312A6A5191258EB5B0ECAF80C32D7288D3755AF2F77DCAE08E5E124323F1,Clothing,Jeans,Nike,Black,M
F68AA0AB13EF7614E3FCE5A8CF4C9A98FDFE41BD0E022D5A3044D23634C1C8DE,Clothing,Jeans,Nike,Black,S
D47BC7D92E8F56200D2A3F55EC419F51E1152B4BF2E5352E92215B5EC3674658,Clothing,Jeans,Nike,Black,XS
230DB8B11481AD3BAEF7AABB96F7F31808A302E5084FA40F3A24743B481876E2,Clothing,Jeans,Nike,Black,XXL
E389F5D577D873AE6AE0B5589207242FBECA83151CCDF369D835FF94D894E6FA,Clothing,Jeans,Nike,Blue,M
5F08BEB217B93F858C2220FA7BFC1A92FD538CFA0784C5B069108A51CD196602,Clothing,Jeans,Nike,Blue,S
3CB2DA7D2DD012AD890F65DF9D10A4FF8D204A25D4E3F24A5BF33DCBB6670ED6,Clothing,Jeans,Nike,Brown,M
8A25644CE6DE4ECF36DFC5AA80C4E662F41CEE6950BE6A9E9E79E1F05DF22AA0,Clothing,Jeans,Nike,Brown,S
E98E4E25709D233C316FD9F7F8A635F933F1648CF2A531BA32886F193E36F67D,Clothing,Jeans,Nike,Brown,XL
85E9B05CA39DC6F1473065B0F3BCEC77F3479DF3E99F3361091EBE00C1474D81,Clothing,Jeans,Nike,Green,L
55AC0F9F687DCD6F02EE14E21777A0A0B02C00C31137E1D095DA4DA5ADD1C451,Clothing,Jeans,Nike,Green,M
3C48954C82357922A0B3FFFB154FFEF9CEA5393AA90424FA5CE0B009E0065646,Clothing,Jeans,Nike,Grey,M
FC52B8B724951B62127918B904A43F34B7481CDC852E43111F69829D57197B0F,Clothing,Jeans,Nike,Navy,L
60C7415FB2F5633A2E31E48BBB13A91C08846EE9B6C466BCC3B1733183FB6083,Clothing,Jeans,Nike,Navy,M
AD073ED66471B77DF2C7BBEA4C59EAB3972C8BC9E5806598A1879B814DFB44ED,Clothing,Jeans,Nike,Navy,S
BEDA32B58BB7C3F36B0DDDA79F66EBCB892D5DA45B741EB9E06BD26574065AE9,Clothing,Jeans,Nike,Navy,XL
FCB98C3E68986D56B5907FA66B5DEAD486648A20605AEE0377E2916203A6DFA8,Clothing,Jeans,Nike,Pink,L
4432A97A4048BAD31CA1DEA88CA79D6ECA75DFF6A1254458D2CC7B4BFDB4B67A,Clothing,Jeans,Nike,Pink,M
7366CE0E31C88B4801F04677D924FD24554FFB5BA9E75CD6B414EF122C85257A,Clothing,Jeans,Nike,Pink,S
DA35C9C429DEABC2D9FC36D819698DE59CD4BB290BB3CFAA3913C0F482CE3989,Clothing,Jeans,Nike,Red,L
2AE28D284350FC556A46307D5B236F39C2C8491E5B25DD577865CC55B7093FC0,Clothing,Jeans,Nike,Red,M
828A7039106E0C81F170047550BDB020939C48ACA4F7600A917975EA0725A973,Clothing,Jeans,Nike,Red,S
BA8F59FAB7BCCD70093A1C24A9252EB3A22A8D156036E8D3808418AD1DC2D969,Clothing,Jeans,Nike,White,L
8BF0415ACB27FD84D7F8DC4B21B79A72771E74078767A1B9B87DC4892D524CEB,Clothing,Jeans,Nike,White,M
D27D3A9F9394C31B95CB009F0CFEB2317D719CE49B1769FEF71361448F65BA47,Clothing,Jeans,Nike,White,XL
C700A50DDF0810812F3475A30DAC7CD006D7E28549E8EC4C4C9723E2EC45D2B3,Clothing,Jeans,Nike,Yellow,S
138649C19C07B2BBD0CD9D1DB14485D163087BC00C69E0CFB7E5D57474E3390A,Clothing,Jeans,Puma,Beige,S
563B977B87BFE5DBD74CCAE345CE9261D451D7C4510D7EF9341E1E7B6B1FA6F2,Clothing,Jeans,Puma,Beige,XL
39AA584FB5B74E2F44562C9C74DAD150D9BCA80F4FC5388BD326ADF6FCC11DC3,Clothing,Jeans,Puma,Black,L
B4D6DD0820C5868614889D4683DF74280F9B4A0FE0E27B996CFF4EBFDF1087E5,Clothing,Jeans,Puma,Black,M
DE751F3FD3109FA66E8F99CB3CAD30338FD07254C3ABD00E63D9602F562F7127,Clothing,Jeans,Puma,Blue,M
1900DFF29371C560A2B57117265379BC6F846A91E1204A351559D155CBCABB7E,Clothing,Jeans,Puma,Blue,S
BC15DADBADB3546B252BBF605F9CF0741693B1EF685ED8F8FBB8C3146AC405C7,Clothing,Jeans,Puma,Brown,L
097188DFA9C67F1682CF09A0694A4606303AE552459F66538EAC3F5076367CEA,Clothing,Jeans,Puma,Brown,M
A873D04F798B4AB68C60086C320C9CAB8E85F5438AF11DFE77572C8040F2EF30,Clothing,Jeans,Puma,Brown,S
2EEF2E714905E935B4E8F376C1BF0E3E7D19276031EB6C5D32C5A8E9FCC382CC,Clothing,Jeans,Puma,Green,XL
FC80808DFF7F3F46B3D058741C5BE50E0101143AEC749DF5A5AFB90F9CAA9C88,Clothing,Jeans,Puma,Grey,M
988DEF8BE72FE73A384A51209D78F7BAE3BD538AA355CC477A7BD11E7DEF4904,Clothing,Jeans,Puma,Grey,S
C7E1D5029F3CA152B9A2F3216FD7DEC022B61650E68471AD5BFFD154B80B13DF,Clothing,Jeans,Puma,Grey,XS
87E2907DB72EF3476A5C839E83564CDB0DCB899DE6AE32D3C1CB9F94E1EAA24F,Clothing,Jeans,Puma,Navy,M
563EF246F637E585951F97278292C10DE03483AEA2DE3E1CCE58D522C8A51B69,Clothing,Jeans,Puma,Navy,S
54E9548B58D91AEE02929B8ADEF6AA130692F4B633F85BCE9857A73F6523449B,Clothing,Jeans,Puma,Pink,L
BCCCAE731A6228062E7E3F830DD8467609A4347A68845E375BA96497EDBD048D,Clothing,Jeans,Puma,Pink,M
DDAF28C54D4E300E72655AE53CE5B94C5112811B6A1444965849F4E823F58FC7,Clothing,Jeans,Puma,Pink,XL
F6D29B7B875C4239AF881ABA23D0820F3B1897F25C084F2CAEF3ABBB8112349C,Clothing,Jeans,Puma,Pink,XS
4FE07EA15EB240F5EA1471FBA923C41AF295DFC7E0DC475DDAB5EAF4DFEBE1B8,Clothing,Jeans,Puma,Red,L
0BA67621E70FE8866DAAD1BE988A4BDB158D1F103C39D0048081E052C6A3E9AD,Clothing,Jeans,Puma,Red,M
841681DD74F04E838D2CEA602569FBA94C10C4D909D4C3096FD910B427C99017,Clothing,Jeans,Puma,White,L
D2096E48C767A1AD063FE9805F751646E9CCACC9853B158A237D82B487BEC6E3,Clothing,Jeans,Puma,White,M
437B3391A9F7A2714DF2BAC67BB8047B8029C2925D459A863D0818C232A1E562,Clothing,Jeans,Puma,White,S
C66E5E8A2516B485485C7C34D7A9762B2A15E623024CA07D5C93EFD6DF7B862A,Clothing,Jeans,Puma,Yellow,M
476FC4312FAFA438A46B2D565F0A6819463384661C2157CFCDD23AD87D37D7D6,Clothing,Jeans,Roadster,Beige,L
DEE9906FF3099E552CC802542FA41B6A93823B5F763C6244BAA6E3F83EE0489C,Clothing,Jeans,Roadster,Beige,S
88F53EEBC2D8835FFA752824994FC727E2D7A187103E3ED59FE62CF6BD661F0D,Clothing,Jeans,Roadster,Beige,XS
674D5E1AC68420E54C8E9B4FFBC478BC80D6F501DDE5ECFD2DD4B60F3FC8865D,Clothing,Jeans,Roadster,Beige,XXL
81E26897912A4E2EE69B0355A132F47195298F283CE141373BCD542FDD588228,Clothing,Jeans,Roadster,Black,L
9AFA1999D01025BC88B7E980533DA5AC5A43F10536B9076B5750B23F8D1A0039,Clothing,Jeans,Roadster,Blue,L
643D01FDBC25D10F293E3D7E30EC7DE1CB6B4E5F4B291EB4C1A3B3C50B453BA1,Clothing,Jeans,Roadster,Blue,S
C12E4647061DDFD1919C3A7465D2F1B0EA7F26119BE684169563751ABDFBFF46,Clothing,Jeans,Roadster,Blue,XL
AF721AFB3D6C6D12A852087FD87F614D42511C634BBE7A6A4D70FEDAEB590357,Clothing,Jeans,Roadster,Blue,XS
972472E437E0E97A4A075E358723DFE8DA414C51C64D4225E6B94D3092147FE8,Clothing,Jeans,Roadster,Blue,XXL
6777CFDC58959E58D504B088DC13FDEF4E9BE5F7BB30A89F47F5CCC81AEED5F8,Clothing,Jeans,Roadster,Brown,L
67787A6393A3128DDB7EEB5ABDB8EC85D7EBE84A2C74530BD5B26C3E562CCB05,Clothing,Jeans,Roadster,Brown,M
3403E1771B7D24C43E1109ABF00090F932DBAA131145D00067457742CB9F91BD,Clothing,Jeans,Roadster,Brown,S
5A1BDEBB9685B3922C41D5D8BFB940E9767FF9FA7CE3A3AEF8D456AECC2FE0A7,Clothing,Jeans,Roadster,Green,L
3DF5255CF86C2B0DA7D14F887A81490D11B2F477350EC3BF2964A0AF6746801E,Clothing,Jeans,Roadster,Grey,M
2D09F6A73D18DFD25AAC14EA261F7187940094004DE5FCE56F41812D868147EB,Clothing,Jeans,Roadster,Grey,XS
DAF4CDC99D8DDBBC2D69426C78BF364CE1738BFC522EC3877EBF3E1187014E57,Clothing,Jeans,Roadster,Navy,S
80F9E83C25A1A318AAC21BEA64579DBE5217BD49B120328FA47BF05920643C74,Clothing,Jeans,Roadster,Navy,XL
D34518B0B0CD7B7923F4ECB9BDC9F1666B8202E3824DA8C34164116796C20C6D,Clothing,Jeans,Roadster,Pink,L
AF6F46D15FE6F97915F95429049595A514C6B793B939D17D8AAF5B74ECF8D0C1,Clothing,Jeans,Roadster,Pink,M
9303D485A188A3E5CBC496540F80F8FDA8E0187830A308C88A424D73F3246A2D,Clothing,Jeans,Roadster,Pink,XL
E0665BFCE7D89257BB911804EA56B09F15660F72CCB810684EC8337A8246A62D,Clothing,Jeans,Roadster,Red,M
239C017263CD636B8363B306A20DB3D38D14E214F442A0EE759AE91FC064A70A,Clothing,Jeans,Roadster,Red,S
013E59A70002E800CF8CF16A130A4D4CDD630EEAAB7647218D550D6132F46016,Clothing,Jeans,Roadster,Red,XL
0E0DAA00763858680BBC3D69005DB149CB75F4583F8B43F7E413CD9B93AC335E,Clothing,Jeans,Roadster,White,M
B5D9D19AA36396AECAA6AC79117063BF2B2331482692E3A966D5ABE9D52009F3,Clothing,Jeans,Roadster,White,XL
F6F41658F4466E59515172FC9BF4DF638427BAC98E2AF428F7318410C871C93F,Clothing,Jeans,Roadster,Yellow,L
FEA7743FB5697930DDC231D935827FE39120FE19747FBEDC5B24553A1095D64B,Clothing,Jeans,Roadster,Yellow,XL
03B71AC0A73DC03FE8D34B340E9458B0E752E7383850E5B230BD844044271754,Clothing,Jeans,US Polo,Beige,XS
A7278B25774E173AE8D7B7DFA95DA50F48E5783F0A525597941120C47B52C888,Clothing,Jeans,US Polo,Black,L
CF68E09857DD180E1407180973C6631615E79A741A5ACB2DA62B48DA7B9B4E60,Clothing,Jeans,US Polo,Black,M
298B09231741B6E2561627C68AEB78116CDA18CFAFE15A4EDE2868BA8DAE118E,Clothing,Jeans,US Polo,Black,S
4F2D333695AD1E4A1BA79DEA1E2FCF920DE9B2B119968855B3C56A445807FC75,Clothing,Jeans,US Polo,Blue,M
C734E84D4A95CDC9595ACC1ECB7ED878567BA74072A4DC93D34FD700A6118013,Clothing,Jeans,US Polo,Blue,XS
DEB2D1E09CAEC830F94742D13C2070FA44E6CC2D8BD02E58F2FFCBCE889756E6,Clothing,Jeans,US Polo,Brown,S
05DDE01CB942A3529D7442546EEB8503D2570081A0353DD4025A4AE30894C0B6,Clothing,Jeans,US Polo,Green,L
D2EBE24E0E845004DC093D75B37A3890FB46F97178985780AD2C3DE0E1C1BC80,Clothing,Jeans,US Polo,Green,M
AD50AAA67F34B92A42FA3524ED2ED380374244C9624BFB44E7FBB7A3F95A3FD0,Clothing,Jeans,US Polo,Green,S
125781E3A3100713264EADB365A3BC07FB1CFF99797AD1F9B9EDC0716F04CCB8,Clothing,Jeans,US Polo,Grey,M
3AB3A2F96CC64FD42DDC087F4542686DB6AF39DDF0D6D5B67CBFDA2D601558C7,Clothing,Jeans,US Polo,Grey,S
13AF10603B81F9CFC02EAA7654A730E2F98F4594B7499A400258E11E0BC7ED50,Clothing,Jeans,US Polo,Navy,L
6FC1599CF3EA089B43410B73D324435B76B77D7F74483E7ABD6B868A596DF0AD,Clothing,Jeans,US Polo,Navy,M
89D14BF01E9D3F99CD5B8C065015150D7034088D09851327EF5344C7C042520F,Clothing,Jeans,US Polo,Navy,XXL
54781FE057A6200468E8DC49D08273CF5FB8C4A35B29B15FE23A6B2F03B71395,Clothing,Jeans,US Polo,Pink,M
8B38F39AB067ADC219E1F88DF058BE5579262249EC61B3A46EBD17D2814F58FE,Clothing,Jeans,US Polo,Pink,S
46CCE94D6ACCA82FEB38EDBAA696E5E2C8376DD4EF228178EEB12E1FE0C6567F,Clothing,Jeans,US Polo,Pink,XL
179E1C2CDC90A3EFCA273609E765080199C032D597CBF2BCC57D89A7A2A803EE,Clothing,Jeans,US Polo,White,L
BDF06AFE014D298B566FE39E8DB5B4479F93C59E3B516ABB60A5E74710CF5C29,Clothing,Jeans,US Polo,White,M
703FA457194E97F972F6068597C7ACE2D0DA44958931F12A8A5FEBF92FE077F2,Clothing,Jeans,US Polo,White,XL
060682EA7C21F517FEE90D6A8AFC37C8683EB35F8436AA4FEF303FADBBAB4D3F,Clothing,Jeans,US Polo,Yellow,L
8B0A7B7249954BE64268B92DD0C836343ED442B7D1A5173D818DD6E1938CD4C1,Clothing,Jeans,US Polo,Yellow,M
0A83C6EEB362A2FCAE6885C265F3A9737DFA9147092C62CA36CF3E44D7A43B5F,Clothing,Jeans,US Polo,Yellow,XXL
CA838DFB0EE84A90E5BD2C4460F9C8A4266D725EEAD718F8E2A092E2DB1E301D,Clothing,Jeans,Zara,Beige,L
B9F992ED5CABD712E3E76DCB41D8F5679388DA2BCE4B0812BA6915746522F2BA,Clothing,Jeans,Zara,Beige,M
188767D9FD805226FC17C5349AD01B4FEACECECE0F5B195B5A762137DFA2308E,Clothing,Jeans,Zara,Beige,S
E18B19AF632211F0615B1DB3DFDD975A921271AFDA3EA34F99EC808434A3313E,Clothing,Jeans,Zara,Black,L
00A103D3046618C1736D4485CD355FE9A31B8BE124B07368BE186AB699AA5A3B,Clothing,Jeans,Zara,Black,S
B37A9377DB48E4E771F077ADD8BAFF55ED740026068601FCFFEFB3C79EE2DEFB,Clothing,Jeans,Zara,Black,XL
1CB64ED19DAB6666070A07B621113CCB6F37579DA38F005E86C9277C150FF39F,Clothing,Jeans,Zara,Black,XXL
619F3078F2C3FBF3F3DC9E8100D9CA99E6DEE1045D2AF17EBEB2BEB5733F1ACB,Clothing,Jeans,Zara,Blue,L
E0CD037A4BD4F134C3F9E2AE0E165FE7FC55D8FF210155E7BD95999C6B74B182,Clothing,Jeans,Zara,Blue,M
67EA453410630627455976E97E006CDC7830F8883B450670503183B93018CFFE,Clothing,Jeans,Zara,Blue,S
1E25329339089B937422897BCA7FB3DD53D4D30B421DFDC8834CF6FCB5A73332,Clothing,Jeans,Zara,Brown,L
DB12E86D2006779076951B2979304FEBCE4FD20ACACA4B0A9E75E2E17A68F5FA,Clothing,Jeans,Zara,Brown,S
E108404E36C501712D24C28C3874CAA7ACF1B95FF73C77F8824AAA498E549BA2,Clothing,Jeans,Zara,Brown,XXL
2AB6A563FC43E7A8A18CD709D54790E3F01221298C1C4F1B37BEFA1F0F11E759,Clothing,Jeans,Zara,Green,M
C974100F20A39EC839D0CDF58C0E2A0C1D7FA5A78257471116F973BEA6FA533D,Clothing,Jeans,Zara,Green,XXL
678ED1BAEC31E5E7E1B3A53C28F7A606C8D24BF11DA7DB3B63EF9869FBD978E5,Clothing,Jeans,Zara,Grey,M
35CD9335B391A23802A8E49F68B90B09535850DFA1B49D2E264AD7D0719A279B,Clothing,Jeans,Zara,Grey,XS
A86AB603D0DAA007BBEC792721D4E9F7B7AF2FFA2B6F0F5FFF275142CD4118E4,Clothing,Jeans,Zara,Navy,L
DE68F60ADC6829535DA852E594F4BE914E81D85D7CCD630B04E561E0A3BE29B5,Clothing,Jeans,Zara,Navy,M
69B20D25E585F2B3E58644E9EB9D92D65D40F8072561FD52569C7CDC03D25EF2,Clothing,Jeans,Zara,Navy,S
0E02E1A7671553C08E94FE4B0B8DF671CF9EB38DC60236876BD4D46743724500,Clothing,Jeans,Zara,Navy,XS
46309C756D97F7DA8CB688DAC058CAFC559F976DECC34CB694B4C5ECE6521B7B,Clothing,Jeans,Zara,Pink,S
E07770036D7E3D3CF49A6B535F1423B65C6270815BDB28FE81FB4BF6E8504FA9,Clothing,Jeans,Zara,Pink,XL
0145272B82BEA8BA17494792DFBB2DD95B9D95717FD292F6F7F952A62159B8DB,Clothing,Jeans,Zara,Red,S
E340D583C38CBB25B98CD618BD997705732D145D557FF768B6601F926D824167,Clothing,Jeans,Zara,White,L
664037910EA6B8E5E76C450C975B1F9ECEDBC9769ADAECEAB8CC26FFABCC37FC,Clothing,Jeans,Zara,White,M
1D8B10B079573413CFD6DB0056CD3C251163984B7B50C4315AA49B3CCF43091E,Clothing,Jeans,Zara,White,S
B85EDE1B94045C1D6CAA2A62D9E1259D4426D773B782762A63C4C347D21261B5,Clothing,Jeans,Zara,White,XL
25A0D3C95C93D6DB5DB22C647FB640349F7843F0B23A84A2D153056D169FACBB,Clothing,Jeans,Zara,White,XS
A2D7EF2360B8CAECF95E5665DFACC296EBBDB62EE09547D8B68857DEABA134CD,Clothing,Jeans,Zara,Yellow,L
BA2AD80E0B66A71493000DA80E205A31F92FEB8F60B49D3FE18496B5F86A8209,Clothing,Jeans,Zara,Yellow,M
850A54444CBF67E4BD575A709A943185EE0E4C683DA668AA07BF407DF70EBA68,Clothing,Jeans,Zara,Yellow,S
C7BC992276277C07723444899AB20C76911D0C18D6060CBF33A9F863A5CF6B59,Clothing,Jeans,Zara,Yellow,XL
51F49648526E32CFA2C952ED9B7EF96EBA3D1A55FD9538C7AAEE32E231AE9846,Clothing,Kurta,Allen Solly,Beige,L
A7C3C5A80163C916E9711EB1D3D61E74569149530161FD70DCF373477A2F5CF3,Clothing,Kurta,Allen Solly,Beige,M
09000A475471013B7A358AAC54A657A21DA2D1A1C6910F4A22C5164B3512FD17,Clothing,Kurta,Allen Solly,Beige,XS
4D0B2B7285078CBB561EDA87418483816F8FC2F52BDDDA81396D9BC58E349FF6,Clothing,Kurta,Allen Solly,Black,L
65B8322346EEA5D37878C35C327D39A296C527888E4BFF34B63622B8EC434EE0,Clothing,Kurta,Allen Solly,Black,M
B1656E71508F3C9E8EF02262D3CA3EC617F83CFB3BDF90FAD2C27D313E4A8164,Clothing,Kurta,Allen Solly,Blue,XS
88C7D12D5C128BFD23A6673E3E6FB08849DB8B2F485669DDAF611AA9F5D032EB,Clothing,Kurta,Allen Solly,Brown,L
84AF101A3EDB7DB4313EF5037E8CFC29F49FE1F0D9CD4811D913D5E69447E1EB,Clothing,Kurta,Allen Solly,Brown,M
C3F9E9C935715B07D2ADE67BE5236C15E7F5D39569AFF22BF97971991CDFC8B0,Clothing,Kurta,Allen Solly,Green,M
E42CECB79662F077A1645FBBB71579F9158DF8DBE7F42571921EF5CE77F466B6,Clothing,Kurta,Allen Solly,Grey,M
D12C3357F05992D5779F1D372F30E97B472C51F0B4F7C48116D4A5210206F43D,Clothing,Kurta,Allen Solly,Grey,XS
99F47C3F5685CD31DC2119BD649B7E49B393FC3689335CC689F6EDA60F379BB5,Clothing,Kurta,Allen Solly,Navy,L
340A4232965E62B8F7E28E4661A66829F059C685A725C24CF5441968B0AC1AE9,Clothing,Kurta,Allen Solly,Navy,S
EE274EA4AAE798FF1C25FFEA76CE2D180DE0EC0CB753D2E1C17C1F0677D027DC,Clothing,Kurta,Allen Solly,Navy,XS
56EC90BC82C18813B9FE4583C9B2E2C92F7AE019ABB61383CFA88D5EA0C7A39A,Clothing,Kurta,Allen Solly,Pink,L
464FF648DD35759B0FE4B5F12EFB86E9E74CE495B940786B7B1FD9578A991AD3,Clothing,Kurta,Allen Solly,Pink,M
A31A5A6A46B2D0E7E6129F1179A06B11F870E8A98EC8E4A01E5309E432D93D73,Clothing,Kurta,Allen Solly,Pink,XL
09BC71F13EA264AE0CD8761AE043C6410515FA652149F68D51D6CD5E75318430,Clothing,Kurta,Allen Solly,Red,L
B21A88292E87EA1A8B8D6A5FB20F4C8172E04CE2308CFBF4F1A39663FE36A6D1,Clothing,Kurta,Allen Solly,Red,S
B3ED4A99D7321A9F5B506B83F56515732C7ABE2687CE3C5FE8E06A21AB7C692E,Clothing,Kurta,Allen Solly,White,L
62CF63333B33F5E9559E898A17147769BFDC5A4ED9F5E3EAB0176C7F2E58E664,Clothing,Kurta,Allen Solly,White,M
D64A8D26370640604A32291D6CECD0A469369BDD44869EA2C7C2C0EA483494B9,Clothing,Kurta,Allen Solly,White,S
FE0BFE5B3DD926574A9043E1FE5CE534C118A3E35FAEA64514B7FED48F9E20A4,Clothing,Kurta,Allen Solly,Yellow,L
90A36826ACAE31945C02AFD2BB58E4E6B02D476E01E5EBF395AC251D969A43F3,Clothing,Kurta,Allen Solly,Yellow,M
4804BA4E4DE6D551FE6B1624DB480DC7CE6335AEAA5C9FB645D69700EA6A9DDC,Clothing,Kurta,Bewakoof,Beige,L
333F0FF7B1FBBF0CBE4A46657587C0539BA8DD0B8E7A2738A29E124113493E43,Clothing,Kurta,Bewakoof,Beige,M
C922C84105BD0B18CE86BDE51B80DEF3AE9F059C002074C9B552C478F7985DCB,Clothing,Kurta,Bewakoof,Beige,S
0E6911BADD8DD23648326B206C31CD9F44DF27F6BA5F0131FB843BDCF6BFF54B,Clothing,Kurta,Bewakoof,Black,L
94217A2E248DA3F9266DE41DE9190937E968169EDC4501B5215582903BB0A803,Clothing,Kurta,Bewakoof,Black,M
9C14B02F0D5D14410A55DDC81D874E2150B14A9C4CD98193AE3D15BA9A7D32DE,Clothing,Kurta,Bewakoof,Black,XS
9EF168F3B319EB506269C77AAC997F3BAF35C81622D0EF4503541A46CA272526,Clothing,Kurta,Bewakoof,Blue,L
859BBB006850F130FA76341EBAA6396D50D5538B5809C37773770A6F3A37E1FB,Clothing,Kurta,Bewakoof,Blue,S
5F139371969008B8A9696CB593FAC7D4E59617B40037885AF41ED1F7BC7D20D8,Clothing,Kurta,Bewakoof,Brown,M
F5C642EA5063D906D2FF681BBE18E673FDC625E423AF878B22073161EC72C07F,Clothing,Kurta,Bewakoof,Brown,S
C0E0FC022AAFF532DC974DC1A380C20784107D77416F7ABEEFEC03A235E7C179,Clothing,Kurta,Bewakoof,Brown,XL
7AF4EBBBE229914B6AF13FA38EE4EAB14EBACE06C9BDBFEFC3069D6975CACFA4,Clothing,Kurta,Bewakoof,Green,L
85355208C8B082670F52747AB24D84584CD746649E4F31119DF0530A022C2C64,Clothing,Kurta,Bewakoof,Green,S
573D248B09B5980FC071073AB4C7374D5249BFB2256479D00159A14EA07B1028,Clothing,Kurta,Bewakoof,Green,XL
593FA49BC96688353059665496448E09C3AD7BB86F1A4983F4B5A0004B711296,Clothing,Kurta,Bewakoof,Green,XS
BF5FC227B88C4C65A02026CFE2CF5D26A492B7A20D5BE9C360949CC147BC4889,Clothing,Kurta,Bewakoof,Grey,S
E81BCB83CA5DF1587285F15BA6DFBBC305A77C7F95E9DC9A3A7C25B37C87A8EA,Clothing,Kurta,Bewakoof,Grey,XL
B552E3AA807A322A3CBDE2221CD921CC95D145A35932D9D0E344FDFCBB7B6BCC,Clothing,Kurta,Bewakoof,Navy,L
8F188EF470D545EC244BBB6D0559FDE67D9EC276B5E0A295B0831F70A9BC1BC6,Clothing,Kurta,Bewakoof,Navy,M
4BEE469EE734DB1BDE8DADCD6D513D79FD16F06FC017AF293A08CB89597E2E36,Clothing,Kurta,Bewakoof,Navy,S
BF91212D0F72CEF33F42A47048F8217E0CA24B9CB2392025C2DC054CEC8C175F,Clothing,Kurta,Bewakoof,Pink,L
6E884EB2F2A779429E160B4C8C1031EE3FE1AFBD1D63CCC160CDFD1226A737AF,Clothing,Kurta,Bewakoof,Pink,M
F62CF244B80C2AFAF93ED1E2F8D76A570D45FB9E41F36531BAD3DA217970B97D,Clothing,Kurta,Bewakoof,Red,L
9E03330DAE95874922373B26562F7C009568F642D1864E5823832042CA3493DA,Clothing,Kurta,Bewakoof,Red,M
1892E86DB9826B59A37FC2AEC616A18565F9E9E5A6303317504A7D3FF19F0C0B,Clothing,Kurta,Bewakoof,Red,S
413BD147F5C06DE94FB4D63F9C5A406DCC9432842C9019F97AF594C8DAF8C347,Clothing,Kurta,Bewakoof,Red,XL
6AE839EEA1BC7988751E6815D43D2AA35D2C41AC5E04D07CBBD7C92C4970E9B8,Clothing,Kurta,Bewakoof,White,S
40FC6A85206A5BC3ACA7924F0AE166027DA0C618FB58D664F391D0E1E002BFFF,Clothing,Kurta,Bewakoof,Yellow,M
D3BB10A8C5DF30A60465B69A5519B1882654D6EAB4EFA4E68E6BD6E40F1BF749,Clothing,Kurta,Bewakoof,Yellow,S
70337FFAA858D219353B2816BB6458F51CD6E31B0424540A715350D8461FCC44,Clothing,Kurta,Bewakoof,Yellow,XL
D349AB1D0B7B2212058196AB634782DDEEA32E022A29F38EA6FA7586318195D7,Clothing,Kurta,H&M,Beige,L
77E39957C052D2931B066C18727A5BC72CEC57E2653C7E33C5E956A39BB565C8,Clothing,Kurta,H&M,Beige,M
2B5F3E5B204FF8D41B954F33E0F9906653852226D55BCF7D817170198A7AF431,Clothing,Kurta,H&M,Black,S
5C2E1C2A1ED818E138055CBD2910131F83AC12C493405A097E34078F981FA25B,Clothing,Kurta,H&M,Blue,M
A412230CA36C01589C7707E849C885A2C2867A5C61D7B5DF90FFD4A9D2F1EF41,Clothing,Kurta,H&M,Blue,XS
41E66C1DA85D68B4524EDE010ACF5CDA70786C13421A579D979036374648180F,Clothing,Kurta,H&M,Brown,L
E8223EEA47762AAD68C0BA7DA7B15EE47B498E7AF2B6B341F12CA4BF737D3324,Clothing,Kurta,H&M,Brown,M
4DD34B3DB6570FEA89ABFD8572F8F77084F257D30BBD4B4795000B797B786513,Clothing,Kurta,H&M,Brown,S
AEA856719CCE2ECA51BC17DF7A99F2661DD90365E46E18B4B01AC2C8FD1E5BA2,Clothing,Kurta,H&M,Brown,XL
DF759AB5FC79A2A79C5ABF00D71D23701058D0DCC0D41C717E5459A8DDC9D85B,Clothing,Kurta,H&M,Green,L
8ED4CC16BF6C58EF0DB4F9E8D49715E1B79D8F4B0843F21EA07071AB301608B2,Clothing,Kurta,H&M,Green,M
EE45BE335DF18DC9E4A25E0DA6DAACE6E6BC02AE1C8F5210DDD61B6B295626E0,Clothing,Kurta,H&M,Green,XL
2DD188EE4BAF691C1BCA58FE66EA1C35D42586141F66571D7839E3B32E52856F,Clothing,Kurta,H&M,Grey,M
1571A1690E85AEF2567D93F69B458BA2C0183CFC5ED75DD61B40751D1C40EFFA,Clothing,Kurta,H&M,Grey,S
5E889E11802E378A8B004BE59A260AB430BBD513EB6901683CC41780053D4AEC,Clothing,Kurta,H&M,Navy,M
2AEEDE8DDE8F6C15EB6F935A31414A4FB10E92E9032D97CE8543CFA5D0DC8A33,Clothing,Kurta,H&M,Navy,XL
EA4F1314D981B11298EFF05F81656CB685D48664D6265697EC257B8E7E4973E3,Clothing,Kurta,H&M,Pink,L
23FB96F0E1C725B538597770BC8BCBB67AF7DB3D834DE95D83D2D92DEAD52D72,Clothing,Kurta,H&M,Pink,M
C91025C99710FEB78C3D67BEC817EEED9FC74D1738908000A6D90B4BDA91ACFD,Clothing,Kurta,H&M,Pink,S
E43B8B99899768F5A40B49666145365EC5814A15347EFD01515AE0F41703454F,Clothing,Kurta,H&M,Red,M
59F14BC5349D1C6F75537184AFC6D59529BFFB4CD2099C557B7DE9A180BEC9C3,Clothing,Kurta,H&M,Red,XL
8AE7BA9B79C4772BCA61E2B8AF26B863EDBFB1FB167035D075A9CEBCEF27C93C,Clothing,Kurta,H&M,Red,XS
B85AEC12F6CB4C8EB11C357731C50C5BB8D5F6E66C55D1A17F72B8F424B8E727,Clothing,Kurta,H&M,White,L
2BB136741B7855C50428DE6E075F3F08FE8CF85869638F4347127B4EAE8F88FB,Clothing,Kurta,H&M,White,S
B275B711283AA5E44177482F8C2C3D1CF203EA134DF96C5C1C94E6521262CB0A,Clothing,Kurta,H&M,White,XL
9FE826888EC457FF6F7ACFD5EE175B5387D4D4E3083E64721F87662B23BBF977,Clothing,Kurta,H&M,Yellow,L
538719BFF2AB202CE1CCA325F5B3EB7A67ADA80AAE1A4649ADC1DDD81AD68BAB,Clothing,Kurta,H&M,Yellow,XL
DEEC822064763D8BBE89F6F9FC5AD3547D0D074E735315477617A2E2FCB7B3EA,Clothing,Kurta,HRX,Beige,L
1994893248DB748C77BB45C385924596E5F86FD877BBACA1FFFA33644AF11A4F,Clothing,Kurta,HRX,Beige,M
082B32FA4173B3790E357B6B031BE61A0459EB5BDED729323408CD72E5BCDD2A,Clothing,Kurta,HRX,Beige,S
77623735FD593E6B818BBCFFD50E740A6CCB83859D9E1ECADC27053FA181D15F,Clothing,Kurta,HRX,Beige,XL
B80FA0C1202821F83481871FF6889E2E647E06FD55090D4FA2AE9EDDB2A5BD75,Clothing,Kurta,HRX,Black,L
582255113940D73E41365814F4266CD02343AAEF590D09385874FDC78BCF89C4,Clothing,Kurta,HRX,Black,M
B32E8A48ACA24AC3B906141D33D35953C4C9277C793D9A0B4585EF400525F9F9,Clothing,Kurta,HRX,Blue,L
842C7925AEF67476E0D68FF47AE7FEAC4BEA2EE50BBCFD120D91FD676F07E4F6,Clothing,Kurta,HRX,Blue,M
5A6B896C0772BD0E7C01C21A4C1047733D6E5D272D4493A195B22123CEE32C92,Clothing,Kurta,HRX,Blue,S
C17EF22B7BFDCD32D5F1CDA28FC600C532417C169CAF06AE4F60E98E0239529E,Clothing,Kurta,HRX,Brown,L
C08166C67909363BF5DDD0DE8D15494AF39642A60797B15A78FFE468FEB6DC54,Clothing,Kurta,HRX,Brown,M
1570CEB5DB4C08C8139A336FF446A3983E3670E999ED63EE2ACEDDAC903E1115,Clothing,Kurta,HRX,Brown,S
F17355EF0DFDBAC954CB754B6BEB6FF1E55F82A86C7FD42D9CAF0B473E398EC0,Clothing,Kurta,HRX,Brown,XXL
00ACA8CF4C867986C1D2FCB8A1DDAC21F761D38C51611CB8D12E501F891FEE17,Clothing,Kurta,HRX,Green,L
677281D4DF32DC928B41FD3FD8429591F8CB1D6893DC33B23097255198B365A6,Clothing,Kurta,HRX,Green,S
75C85B8DAE78BF5049BB89A06535B64E23E10520AC658B04A64082998C5AFCA3,Clothing,Kurta,HRX,Grey,M
FE3915E10C1A5ACCB53EEA4A9F093A884668B19031057B310C35D7D7DB6DFA60,Clothing,Kurta,HRX,Grey,XL
9430D947E45AFE0A29E082F0F4C7334263C8BB3E9AD10A67F94CD93FC24654DE,Clothing,Kurta,HRX,Navy,L
3DD16E5E76488AFC473C1C899ED326848CDF0FFCE83EB4CA462DD7051F309F4F,Clothing,Kurta,HRX,Navy,M
56E858EBF5DB8DBB56F33A2419BA12163FADB02EAD603FC9DD01C789FC90C370,Clothing,Kurta,HRX,Navy,S
D8E5B170F7EC25829ECC7D8813677CE08A5EDE5B0C7C0D7C93BFB285E3E9141A,Clothing,Kurta,HRX,Navy,XL
921232CE6699DEF14B3EB4B5FD7FF5EE15EF31D0E8FEFDF6EC7F70540FE05BF7,Clothing,Kurta,HRX,Pink,L
C53F41B0C59C7BCEB370F28AF73AA339C91696E73982711563397BF148CAB882,Clothing,Kurta,HRX,Pink,M
13B3C03319236FBC7E20AE0411428837FC71D60DCBF41346BEDFC6D3A93BD06F,Clothing,Kurta,HRX,Pink,S
1E3F4768AC05D950299FCDF553FDD63283D6F08768D25777AAC58F374A1F5BA2,Clothing,Kurta,HRX,Red,L
6FADE18C8FE317ECCD4333A89E5DF9C369C032066C8DAF2CCA18DB0A1E0A8C80,Clothing,Kurta,HRX,Red,M
BCEC0C5D14BA593DEC60C2AC587FE0016F9B30E25A049564CEE4135E95F8BBAE,Clothing,Kurta,HRX,Red,S
A1565087E3D65005B8E9380B3CD8BD2F6B4F1BC6DD293BBFA2E45E0D5D54ADA3,Clothing,Kurta,HRX,White,L
92EBB3661D9E5A63F4CCEAF7B2A6345DCCA9EDF012A5668F27B32BACD1EFD800,Clothing,Kurta,HRX,White,M
15AF3FBB3E9B96DA04A6E93E250062300546032CAD092D47CB734DCAD1F41A25,Clothing,Kurta,HRX,White,S
C234C8D110AEFF708826CD9A9538959BD94AA69E425E65E750B7A114A5BF2CF1,Clothing,Kurta,HRX,White,XS
34DBA3B016BE435D3CCA52AC1ED131761ACE5AF2CB818EC223B4393EBB48CD47,Clothing,Kurta,HRX,Yellow,L
9AA65926D1CBD0B7744474596C0D340792F8D30DB7C6745F59FC58EE1A49666C,Clothing,Kurta,HRX,Yellow,M
4B1194971DC36EF9F4BB23DABF4EF1BD115CA21C3507422C07556E5332F76472,Clothing,Kurta,Levis,Beige,L
1266A9949D3A60CDA435E64A414D54A47AF2737A94C3827CD808A174A9A1F668,Clothing,Kurta,Levis,Beige,XXL
060533554A55827802EDFB3A4B793038F7DCD468F2CD19AFFFEC7E120215BEDB,Clothing,Kurta,Levis,Black,L
75BEB0AA59FD53D0A606CCFE95FFE8AFC0262F9D3A7FC8D14B41545778382D35,Clothing,Kurta,Levis,Black,M
25912CEC9D7558C7C67FCD4AC084F40C3CC6EA03D52C3513A39E092ADFFC86CB,Clothing,Kurta,Levis,Black,XL
B9BE81732A8D9D93567BF98E888B1F03E86B73F40752F1F15C37417C40A75DD9,Clothing,Kurta,Levis,Black,XS
127EEB468A20A4C6B6418FC0E53F430DCC3818E1DF2A2F823787FCF88B4DC9E2,Clothing,Kurta,Levis,Blue,L
EFD38EF20B1B360B34C9201AB69144C3AEB15D90DE975EBC8211AB6AD39ABC76,Clothing,Kurta,Levis,Blue,XL
0D0C1B7245EC636FF22F8D7370C5BE7566D0924164D62CF7407AFB39E2855BD9,Clothing,Kurta,Levis,Brown,L
B77D8F9679AB9053D7E32BE4F65DFBD15F78BB286453E2295BDD1EAA368C1221,Clothing,Kurta,Levis,Brown,M
FA8EA0B00096262C6BF2C804E1196C817952B6AF09CA8913122BD15C2FCAA3D6,Clothing,Kurta,Levis,Brown,S
2888857BCC15790AF23AD8680C1DBF41A3D112E019299EB85E35D570930ED81C,Clothing,Kurta,Levis,Green,L
D4D9756CA1DD71B6230B6B9C99A4E625B6746CA7FAC13921AB96F01558E069BF,Clothing,Kurta,Levis,Grey,L
BC997CE1282DC1A2179EED9F91745D43643B699CA027637E8037CC3E64F23745,Clothing,Kurta,Levis,Grey,M
087460CA47E70AE936C89F1628BCF4B7019DCB6DA03E1B16048B70C36474441D,Clothing,Kurta,Levis,Grey,S
3C3ED45039FCC7B6C7426C8CAB0DF091A7A934856F0270D8B6CF777FB3508118,Clothing,Kurta,Levis,Navy,M
FD1938037AE0DE74F83410E2DD8C4D987EB44554B5B560ED3D5CD21287C0A693,Clothing,Kurta,Levis,Navy,S
9A46AB0B1E52E14BDC542AFA0E104000FBB2173C994A809DFA81E0938A90E248,Clothing,Kurta,Levis,Pink,L
D5C56C656651996372C2D1ACE13E5A85C83AE2F2CF207C7390AB6F5450840E49,Clothing,Kurta,Levis,Pink,M
A36A6D2924429F31060E064B93266C7465D83825C845494E3B0C0FFD90BFFECF,Clothing,Kurta,Levis,Pink,S
8E0DE114FE67EF3787086D8BE09265B7A7D1BFF5CA937E51B1AD664674932B8E,Clothing,Kurta,Levis,Red,M
BCACAE4B40BF126A821F2C3CDD3ADEE09BB73512723093788E2293A0A0F0A42F,Clothing,Kurta,Levis,Red,S
AA120B349B5DD4E005547C431271991C8E797C60C4579EC21D89C511C6F7B30F,Clothing,Kurta,Levis,Red,XL
91F12A330F12F755117B7E00DF1C754F2C251D07E8D52FEFEA98CAACA8A7FCE7,Clothing,Kurta,Levis,Red,XS
8D447153A1D6F07190A65F279F2A745539E1D43726635C2841650C1E25EDDEE4,Clothing,Kurta,Levis,Red,XXL
A36208FCCDEE96096613CAC60CAB3FF29A31BB53BAEA655A2B92F7B23F694630,Clothing,Kurta,Levis,White,L
7C991794AAF773C6EC51357BF56C7271BABB9FD6A0D959C8812024D3AA384003,Clothing,Kurta,Levis,White,M
186AEBBF27C1BE1F9A27FA23D9469B622F219C0C47E10C3CC3811264287B7E05,Clothing,Kurta,Levis,Yellow,M
6DB775AFA4EF47E0621E68B6073EC2E5944166D12BAF26EE88381335AC14BA84,Clothing,Kurta,Levis,Yellow,XL
0C3C0A7BD0B29E88FF1ACE195FC612BC7231895353687498A07C1B545D33719D,Clothing,Kurta,Levis,Yellow,XS
35115C50812D8D5B982F563272320CB87203475E39480D5E98AA69328AA28073,Clothing,Kurta,Max,Beige,M
D106C99B1A41ABD19C3661E94FF47599F1258A733677E90F786E3374E42E5935,Clothing,Kurta,Max,Beige,S
BA20076D535D222B5BC1E68E266B291D22ADE1DC62F2144AA301934416B95B1A,Clothing,Kurta,Max,Beige,XXL
BACAC2AAB6C63427104FE8FD52F64FEE5EF74663FC60A23DEE3243DC77A341EF,Clothing,Kurta,Max,Black,L
B49444B8F5309476B2F18F5DCD8FB0BCDABDAC7528EE7B78ECAE571A72AAB6E8,Clothing,Kurta,Max,Black,M
71BBB92EEDA7B08435AEC6DB2D5D818D0AA48EF8190C22B5A37B66472C2385BE,Clothing,Kurta,Max,Black,XS
B1AFA783529FB7072A99A84037F7F84ACD9AAA594C703A24FB539187FED2DD9E,Clothing,Kurta,Max,Black,XXL
3E9E7E613A55FE5842A94A51FFCD428699109B11042048E70CAA764B1D1E59D0,Clothing,Kurta,Max,Blue,M
E5F26A4B614A3B222276D9D638342CCF8A861AF320F223212CA6061EBFFF01CF,Clothing,Kurta,Max,Blue,S
3E97DBABFEBB7E8F34A5ED9CD6FCAD2E28705AF8E69B17A67D12B0B2F8E1B9ED,Clothing,Kurta,Max,Blue,XXL
1187EA13EDFDC04335F728C1CEA52818DFE2D4C9E2D433E4B2B35318C64BAE2C,Clothing,Kurta,Max,Brown,L
587C5641CB0407128BF1E8C1E3AF2142D4A68DB65434455EC593D5778054FF5A,Clothing,Kurta,Max,Brown,M
4643AC9B61838A5FDC2CD42E02F06325CAF6599354B8607941092C672CBD1055,Clothing,Kurta,Max,Green,M
EB64E381F607E553D694A1D90BA4B3E70F5BBFED191AEA1B1A9E45C2F211CF7F,Clothing,Kurta,Max,Green,S
0F2BBC7269E8C3701139B6F4B5492C1C25EE773731EE6D5E27ED60713D35BB4F,Clothing,Kurta,Max,Grey,L
F1CF17FEB44016B9FC83A0865A3FDB0EEB6CE678E3001C9D62D4FBBBB694D58A,Clothing,Kurta,Max,Grey,M
281F56A587F9514D4927080282A77AD82168D6C7AF75BCAEA5BCB2B5855DA413,Clothing,Kurta,Max,Grey,XL
3A1C559E16C11EC7A063DB7C1BFB4999AF937ACDF4084DBC276EDCEABCA13B49,Clothing,Kurta,Max,Navy,M
C1D829906F6EAD303E8C6D2BC559E70738588D284377F48BC1FAA14AA933B3B2,Clothing,Kurta,Max,Navy,S
DFC9814401C934471DF8C8DF806C276D02B357C81957E35742871F934A5664CB,Clothing,Kurta,Max,Navy,XL
9DE684EA32C7EBD4319BA8BDB696A203646D1B3CA1C1CE0B1DE4A5B610B804A8,Clothing,Kurta,Max,Navy,XXL
AE20572A415CB76433CE4AA4DF57075AAE1E099B4109B4AD36F2DF2CE0675B7B,Clothing,Kurta,Max,Pink,M
7997ABE5D571C6BE6CA7E287ABE8A5765A62CC592968FD455007FB2B3D1142BE,Clothing,Kurta,Max,Pink,S
C780915E2A6531FF6256B598F78D15AC880E6507C0837AFA2988DE2C6A4C3D7B,Clothing,Kurta,Max,Pink,XL
DE1B53CF39A023E1C38B53450D1932E6B649ED445F403D0A8427113D42999C12,Clothing,Kurta,Max,Red,L
324D726B99BFF51DF1591D884360A03AADF49D3A1396FB9E70F183E3E7E7DB12,Clothing,Kurta,Max,Red,M
4E9EB29B63EF50F34F7B8B35736088D13EE281CF2F415B7CF55CD6B55E85C367,Clothing,Kurta,Max,Red,XXL
6AC3526B45BA2854D7B30B564EA1348C37B253C7A3444F3A37354D642DDA6721,Clothing,Kurta,Max,White,L
5005B655B7F268F97FB8A437E2E465202D51F5B411EF9764C7C68AE6D00DA6CC,Clothing,Kurta,Max,White,M
CD2C47A1AD82E1D6C16F6FF4B0E65FA7EE9649DFA8C55EE11C657ABA78B25107,Clothing,Kurta,Max,White,S
D33980ADFE6F54E087D65BD13554D6FA6B4C59E2EF1066B31AAC96407F9386F3,Clothing,Kurta,Max,White,XS
FE39CE70C82FA2A467A9E4FF1B47F34F16C303D6EE3B0DB310267577970FD215,Clothing,Kurta,Max,Yellow,L
05CF4EED4ADCA319DA37BB82DCF9F1D071F399FA68BBFD969DA1521F78C1B469,Clothing,Kurta,Max,Yellow,M
05CBD01AD482FC5838D9C44847CED640A5C5B4600B0C7D3699AB0E00A52C6400,Clothing,Kurta,Nike,Beige,L
5A8F23E0FFFF42F7398DDD445717BE6B57A4128C44E0F455F3182CA3C49B20D1,Clothing,Kurta,Nike,Beige,S
DB09B60694BF1DA71ED8FB00D7A3ED4E230D570B6B0D44DB09463875DF02CEB4,Clothing,Kurta,Nike,Beige,XL
B4CBE3AE40A89072D980FF0546F18F85A36BECBE7DBE648C030C7496EA0709CE,Clothing,Kurta,Nike,Beige,XXL
2B629B96E87A83F13171FD2A916732B11B932B55E4A827BD3B7AE57EB4491590,Clothing,Kurta,Nike,Black,L
5EA82902CF0B2F3D43330BC8E186A0DC36245B92D225C2D735805105B0555597,Clothing,Kurta,Nike,Black,M
817B015C705D1F3C18C056A1C00CFA314103BB0DA53BBD6911CC2C437F7337F0,Clothing,Kurta,Nike,Black,XL
10A948A2F5FF015AAFAE95D8214E23ABC09EA8E502048DEFD21AF13EB7A01BDD,Clothing,Kurta,Nike,Blue,L
8E8FD7D11167AFE4626BACD1591E82930DF0D3ACABFCC566DB1313D998E73124,Clothing,Kurta,Nike,Blue,M
0CF213C42CA4CE78C3BB0ACF3E28027C8309D12A9E6158F24E6A00DE3F327773,Clothing,Kurta,Nike,Brown,L
0D9A6413740331D4AE313F763ED1167F7C34AC1664E2AB9D5F31E16E1E78CE50,Clothing,Kurta,Nike,Brown,M
4BC61D31B70D9F383B82CE6BA779C0AFDC16276275C60A554961B5740541F685,Clothing,Kurta,Nike,Brown,S
C981A974ABA036CB183100A2A2E382295F6E4648B4F6CD4A28343E1AE3E91857,Clothing,Kurta,Nike,Green,L
0213E0B5C34A1E069F376CED98BBA34EB301EAFD160ADC5BA1FC0F3D8E5DB9CA,Clothing,Kurta,Nike,Green,M
10E5BCBBD855E68304644785FA471DB1E3FFC45CBA42BE411025D5F3269F9C79,Clothing,Kurta,Nike,Grey,L
25B7980B3DBC2EB02B3952EE1E376C72F3C2094C0440B836DE5E1EFC30424D99,Clothing,Kurta,Nike,Grey,XXL
2CD92D48514EF4CBB1F8CE72C9D583A1CCD80BC219CA59C4D7E85E7BE881E5A3,Clothing,Kurta,Nike,Navy,L
2F2741EFAEC2C72315C8EE906A1EDC15396FB5FD68B76726C159C794BA4E8559,Clothing,Kurta,Nike,Navy,S
CDFA5E6DEF1FDF1203B40AE91D3D20F10A3B526E17B11703881A8CDB070E724C,Clothing,Kurta,Nike,Pink,M
234DDC81CBC5FA67EC61C460CBD836D6EC9F998CB6D0F7A2DF4647493FA955E6,Clothing,Kurta,Nike,Pink,S
6997F0D2C0E2FC278E0A720AA149A4823AF7B8608601C51525D9CA8A44F22015,Clothing,Kurta,Nike,Pink,XL
BFC9414F6E3D80F7A5CA3110D137CD3BB9EFA09E4B441B7682A195CE0271A0DA,Clothing,Kurta,Nike,Red,L
643D2053B3D344E77C3EB45366E886B86E7370A6BEBB40962BBD671608E4DF24,Clothing,Kurta,Nike,Red,S
919E432A73A3A16EC2598485E39896E4161843CFFF8F64D05F379CBC752B007B,Clothing,Kurta,Nike,White,L
1D2ECBF26424B0B268AB0D0B8B84DCB64E8BF4D9A4930878707D4B58478A9E86,Clothing,Kurta,Nike,White,M
E1404A6141B08D7D7AA0EF389D4EDF5B3A07A1AFCE176CD5C9C37621E4534F17,Clothing,Kurta,Nike,Yellow,L
E06C84C4B9639E9B9C7BB0AD5B9B67DC4D565B85FB95C6879C56DE14558B4F01,Clothing,Kurta,Nike,Yellow,M
94D9646B14C3D7F7F05797EBDF130E9E3C22C41EAD75B43C3CE701A679DD706F,Clothing,Kurta,Nike,Yellow,S
3B3B1784AA9E6074012DFE754D443A7AF55CD41E18DA467D4A5B11F6F6335B12,Clothing,Kurta,Nike,Yellow,XL
94C318946E03DDB240147081BC21ADEE8277496E78E203B70D4F5C0DABF200FB,Clothing,Kurta,Nike,Yellow,XXL
E4CC7C5049837E275DFEBEC0B25BED13BC05262CCD7B0F4BFF42793A40434AD0,Clothing,Kurta,Puma,Beige,L
E432B863026D0045F15E0A111C48E90EE54D7E235A8AF20305912A8C8707BB26,Clothing,Kurta,Puma,Black,L
6CBC65A806C316E501DEA872A2F6DBF38B7D43B92EBC9C9F6420A5D29FA90B35,Clothing,Kurta,Puma,Blue,L
C68A1D43ECEA5C3BB368392764DAC03B185E4761DB27CB66CAC7B494A0A27900,Clothing,Kurta,Puma,Blue,M
C6010612BE535984A8B5474629B8C5720EB4FB045FFA331C876E47385B75D05A,Clothing,Kurta,Puma,Blue,XL
1D068F7884D445795C16719AA9977EFBE1476FAEADAE612C197D26F4A3FD40B3,Clothing,Kurta,Puma,Brown,L
6CC01B625F67A88C928FC2B12C364B424DDE34D55D7D9D8D5127D43DC343F143,Clothing,Kurta,Puma,Brown,M
D1E453B9F9811C46DF918D2F70C58C974D410F56757008895654BAD4CBEF49EA,Clothing,Kurta,Puma,Brown,S
D98CA11E1250B57C8EDE575BD262B1EC256BF2F574550CADEDF8805C4FAE3377,Clothing,Kurta,Puma,Brown,XS
E288557DF80E665B8FE26D6639C962EE59CF3375491F26C762A47697D3884C89,Clothing,Kurta,Puma,Brown,XXL
DB51848E32F2F7E3B0B7D05CBC83A104177B7EC6AADA8D49EE0352D6B76E8962,Clothing,Kurta,Puma,Green,M
7EFE815D754CA949D8983AEFEC4A4429240AA1D4A491CB6A1BC0B8AE679BB52A,Clothing,Kurta,Puma,Green,XL
F49B79B4638490036B6856969E6D45A9A4DA81BDD1EFA9BBC3619DF62DDCC47C,Clothing,Kurta,Puma,Grey,L
DC0B27451EC2F4235E481CE99163511CC2C672A9E719A044DD5CE78CD0187CFB,Clothing,Kurta,Puma,Grey,M
8DDE188BDC230562E3847BCFD3C2BA113DEC3B97AA8D840BB706DDC08B4282AD,Clothing,Kurta,Puma,Grey,S
E8C15D9076F8BAE280134AA79DD77D48FF03049C294EA88D3D3806DD9E9A0CCA,Clothing,Kurta,Puma,Grey,XS
9539550C66715EC5674D97E118DD9E8E074BAEA94FAF191BCC4491C81B923B36,Clothing,Kurta,Puma,Navy,L
9E452D885E43FF8E6F72C98C7BC104FC1041CE0B170FB9A0EB46287936C01741,Clothing,Kurta,Puma,Navy,M
F423DDC63BBF20BBB8BE3651126C662C27AEDDF9DAC3E5557D0758C8C032EB42,Clothing,Kurta,Puma,Navy,S
6A7A5FC526281DD9B026E1B0ECB03805B22A11EF0888DA4D62E074A2ECF966F5,Clothing,Kurta,Puma,Pink,L
65455A10D43D530A2C94D4178882E11074555015D79B2F48B48F4C4B44ED73AE,Clothing,Kurta,Puma,Pink,M
202D3818EC25BB182EEAD75D74DD2E576122D924A6AA4C07A129C20A0F9BF182,Clothing,Kurta,Puma,Pink,XXL
C5757EB42652EBE99DBC3782CE8129FC51575E0F0012AD1D8D710F8011FBD834,Clothing,Kurta,Puma,Red,L
5D56D4378AEFB487F78F41E8D05499E27D1A5F33AAB3A2DC5E68BE1360A488AC,Clothing,Kurta,Puma,Red,M
A1D83200D010C147889554C6D65B676BD930640D0FC8C8F43359A19F3E13AD2A,Clothing,Kurta,Puma,Red,S
2B87C635E38624ACC47AA25FCDC24FAACFD71ECC7562C873CF3D7F6EDA984D45,Clothing,Kurta,Puma,Red,XXL
7F53B579269A5CD843C7E4236E4841F836E0F84783A6ED4C3DD4AEF2CCD80454,Clothing,Kurta,Puma,White,M
04E00ED227B3097D4984CE6A948771011CBD647A0D92E6A9E456C9B7456BF6FA,Clothing,Kurta,Puma,White,S
401C94158DDD4288C1C18FA2840DA2E7BE86771B2DBDE6DA0C3C70CB63121E56,Clothing,Kurta,Puma,White,XL
4FA25CDF011412573C8D1C82AB018797EF3E233989F5D99D19ABECE507A0F95F,Clothing,Kurta,Puma,Yellow,L
44668D1D3BE824801CC164D8A890FDF543661E52FB411BBA5007075FBCDB705F,Clothing,Kurta,Puma,Yellow,M
AD37CBB45B5F038CC28C466931A11F924B9BF45D2640510D2E78384D59709A40,Clothing,Kurta,Puma,Yellow,S
0EA2CBDF290E9DE931D8FDAF465E7C81A6B3ED2A174A943745D150280959CB85,Clothing,Kurta,Puma,Yellow,XS
0AFD920A3C020B41D99E7A3851CD6C0C4F43A778B6165BCE4CEEEBC50E340DB4,Clothing,Kurta,Roadster,Beige,S
B522B703719DD14725E5AED8F244447F1A46C99784EDEFFFBB59128307779807,Clothing,Kurta,Roadster,Black,L
F50413C8FC7ED3ED2AA286490035E3C8C73BE512BC451CA039EE8F4E82FADF1F,Clothing,Kurta,Roadster,Black,M
32298613A10AD0EC129465DFAEC5634C267C25A988FEFC4EE50E22949EBBDD5F,Clothing,Kurta,Roadster,Black,S
F175754BE8E6237FD92873143D7F2E0684AA4DB4DA4106275411D80915E316E6,Clothing,Kurta,Roadster,Black,XS
45F5EB77627C2F7D91E64B75E66E44DB43F66FDC0A8FA89089A81406C66D58CC,Clothing,Kurta,Roadster,Black,XXL
4A7FC938DDB608D231826BB7FE9958106148687DAB63BD37ACFED0C8C77CAB80,Clothing,Kurta,Roadster,Blue,S
33F1A4E8DBDCD54279DE8934C7E33229577BF0F879F079764D3D3BF96CC1002C,Clothing,Kurta,Roadster,Blue,XL
507C59919D820CE18DC487BAC332407FEDC341CF91616D7AB4342509A0440CFC,Clothing,Kurta,Roadster,Blue,XXL
ACC95FFD336D27D40BDF9EDB99C7DC66832750AD14F4245431BB9609E6EF88A3,Clothing,Kurta,Roadster,Brown,L
3A3E94785FBE0E75792F123A8D817662D039AE26C4A21667E1CFE50915C050EC,Clothing,Kurta,Roadster,Brown,M
44C13FD039595137428F544CB50D16966FA1684B2B1748957BCE2A8F160942FA,Clothing,Kurta,Roadster,Brown,XL
30A717D63D81764DAA208F7653DA44B8796885AE44D116B9AD5463C3A41A1A47,Clothing,Kurta,Roadster,Green,L
87C8B8DE6AD1BCBD49350AEF21BDD91B5412007FAEB5B55CF9D46921ED2B154A,Clothing,Kurta,Roadster,Green,S
E9EDA5FCE4FD81DCC06DA2C712FBA790CE178A8C15941DFE860F61FACFD76BC5,Clothing,Kurta,Roadster,Grey,M
C5D2BAF716CFDD8531D767AB45FAF9B1DBC7E3A0BE4CC50BE0C931082AFC7384,Clothing,Kurta,Roadster,Navy,S
87EEF7FC59C4DFBB5AB096A3F4935FF48BDBED1EB5B4DC62EEC79D5C4C04902A,Clothing,Kurta,Roadster,Pink,L
22BE22A38C8A0A42E422A28A8E7194359F464DA76ED414FFBD6AC97056F425D5,Clothing,Kurta,Roadster,Pink,M
77C9B93527A30910F910C1C6606D577AF7F96DA47819D8A2253E89AC47A6D570,Clothing,Kurta,Roadster,Pink,XL
02FA8DC7691D3378C6626EC25353385CD1156561C2406CA79E05793ECA4DC6BF,Clothing,Kurta,Roadster,Pink,XS
51D0584DEBE4647EA81B303BD53EBAB047619604012A2AA6562B2233AAAEE1C5,Clothing,Kurta,Roadster,Red,L
3060FD3D6BF57DE4458332B1695385EDBFDDFAE8AF7C1159D7C0D4CB3210DE6F,Clothing,Kurta,Roadster,Red,M
5272BC20E44B43BAE5C47272D1759546542292E7F65D335E5EB81208EE59DD26,Clothing,Kurta,Roadster,Red,XXL
93CFF01A2A4255043A6533CA9F7F70386CAC3A1B704B8F011F00189B44D76B56,Clothing,Kurta,Roadster,White,L
84EBFCA4581258DEAB3BE1EA42DA7E481298BB5C6C0B64864FFD86C5E429C5C3,Clothing,Kurta,Roadster,Yellow,M
3FA6DF2F9E4B4D7C9C650C27F1534C178389EE96FCB7DF4CB8268572C2637F28,Clothing,Kurta,Roadster,Yellow,S
3FC77A37826827B3FEBC8C83B612BCA71EBD918FD8069B6906910CC561B84DD6,Clothing,Kurta,Roadster,Yellow,XL
978D69F504298B91232B78DDE74223329E97C876A241AB24744036102D107252,Clothing,Kurta,US Polo,Beige,L
5D27A084CDFAC709A3C7839F4FA360CD435A757D7C284BB91137F5BBA2D4FC93,Clothing,Kurta,US Polo,Beige,M
2DA732E4D531C8B40EC0818AA801F6301A07DAB19018A02026F74EE7C0FFB6FF,Clothing,Kurta,US Polo,Beige,XL
632C9A252C9A333BB397D2F057754C8A1FA219D84B2DD6E813CE99A86D99B613,Clothing,Kurta,US Polo,Black,L
9B8258542BE2A946393247FFB5CC16754F4F352E3BFB4F98E8326B870B77BEAE,Clothing,Kurta,US Polo,Black,M
2FDFCA26FA6CFB8A8521B67ADD61F885AED880DDB900F4A770EC6ED9F7EE2356,Clothing,Kurta,US Polo,Blue,M
9F6C9A78D647886F475B38F5FD89B351A1E6284851D6A6FA048A4131C146CDF5,Clothing,Kurta,US Polo,Blue,S
58615B44C104D0CC4E852C87B3BA735AC50BBD26E65BD96DD13078051A3B4EB5,Clothing,Kurta,US Polo,Blue,XL
9096438D72D118E17B7F0510FCCD7862C65A3BD1D9DAF18D9B8ABC47EF63A531,Clothing,Kurta,US Polo,Green,L
FD846D820DF760F32B06E4F8A4C3FADEC0FC446B52800F541EA608B6D0F2980A,Clothing,Kurta,US Polo,Green,M
9D2040D81ED791F974FAA3947AA85DDD136A552EA81D6BD957213FC80EEDE78A,Clothing,Kurta,US Polo,Green,XS
A05EE49F737F1863DC668DB7EC08B63D7087C54E0E66770434F0E2D7ECDC165C,Clothing,Kurta,US Polo,Grey,L
3402B5AB24DA0E0A399C2C9AF00291B84CA8F678553E4A5AA5B9A0176810C131,Clothing,Kurta,US Polo,Grey,M
AD972984B487FAD9A45799E6C5D02C5F757293959159788314BF8B59F91E3704,Clothing,Kurta,US Polo,Navy,L
C57A9FC6DC8E32687F7181C89E396F963B3B1678F736B10008E8E1B17E7811F6,Clothing,Kurta,US Polo,Navy,M
6BF1A8D833D3BDEFF9382F7FF23A7DB18B7B3C94D0CFAE8663F1F9D955941213,Clothing,Kurta,US Polo,Navy,S
E9F20A4EFE6499DCF530014AF44F0E79DAFA435A10648103054D75BD1A5515E6,Clothing,Kurta,US Polo,Navy,XS
8EF5E5D872CE2FA4208D628295991B8D8AAC43C339585A0206E105C1D7FC7438,Clothing,Kurta,US Polo,Pink,M
59B1AF6CD87BC5C39B0369ECACECA94215084470B3DD6F8B3FA0F5C7C46AA15F,Clothing,Kurta,US Polo,Pink,XL
037A0E405A43691771BC1983016EFA82FEC17938EC4E3315103809F18ED94A20,Clothing,Kurta,US Polo,Pink,XXL
38B456CF34CB08F315B48CE7D5679117385B85C6A875D78A53F0217099F20F68,Clothing,Kurta,US Polo,Red,L
B7587892763DDCA652E2FDBD6812EF6DCDCA5FDE99CB616685D044EB0E43E268,Clothing,Kurta,US Polo,Red,S
80C90E927A32A40EDA23254F70D92054B406D1474803B6B49E7CB115206ABF6A,Clothing,Kurta,US Polo,Red,XL
3AF8211052063605117995E00E211AA175ACFDFB397DBD2E9F34182FF2F97B25,Clothing,Kurta,US Polo,White,L
3CD77C767EA1A1378B99169EFBB21598B034847D7DE33D5A9483F36A61F8BD37,Clothing,Kurta,US Polo,White,M
EE866DFA3020B2E1CCA149801033AA7B16D83896BA89C0F32499F97410F859E7,Clothing,Kurta,US Polo,Yellow,L
946A96CE1F64B58D8EC337F90967921A75B5EDA0D95515BFBE61E87B63BE2427,Clothing,Kurta,US Polo,Yellow,M
BF2AE6FAECD376406A2BD84F566900B660FAC1F67B8AC920A70E169BD0204A4A,Clothing,Kurta,US Polo,Yellow,XXL
2DA348CB931F2DC0DD6A263B92C3C4BAF90FEAD453D54DF1FCD935769E34AF7B,Clothing,Kurta,Zara,Black,L
A74AD4020BA0EA689B441130D02A3D9601A8CB8199BB5DFC4A211BBBDBCD792A,Clothing,Kurta,Zara,Black,M
10A470595E805132C186984145D37331260550F303A4AC7663333124F797B40D,Clothing,Kurta,Zara,Black,S
11548661F3C4A6C33C3C461C5D44324007D21506C027CF5484A219120CCE3A79,Clothing,Kurta,Zara,Brown,L
483547454E02F515F632697C50119914854E22D60B4C0F9B8975C55258CACB5E,Clothing,Kurta,Zara,Brown,S
FFA393201222B5A5B4CDD0843499DBD99E8A232E97D2CE5DA01A2B5CE70D5716,Clothing,Kurta,Zara,Brown,XL
F2495E80E332606329560ABFF3948E4A09578B20F8223E4073FED87C5115BEA7,Clothing,Kurta,Zara,Brown,XS
49CB91447720EDFEAC43658B1B02A79853A799C5E9EE1B7A73C24A7A200D1ADB,Clothing,Kurta,Zara,Brown,XXL
D84DF204FAA544630E3EE77CD25B6E852BC2F01E03116E47706F335B0C2AB9BE,Clothing,Kurta,Zara,Green,M
EB5CEFF6934E69294D00859D56C11F41D7FAA2D49C733F82C5E5B7794BB6EFE5,Clothing,Kurta,Zara,Green,XL
45879B6FDCFC475AE394DA3FB90CEEA44745E5ABD15F473CF671CEA23D02FA8C,Clothing,Kurta,Zara,Grey,M
E337D390FFCCA71A732FF7E7C545C9B126D89747524BE8DE8FF7377AA5C26F91,Clothing,Kurta,Zara,Grey,S
A0263F4E934BF12B9653C17959F552FF810D875E46B54290065A32DCA4073E2A,Clothing,Kurta,Zara,Navy,M
703454F49569600E2A3383B349EA94470FA22215022194D1181E8DBE2CB5BFE3,Clothing,Kurta,Zara,Navy,S
132979EA03C854AEB42F449273084072401A577128F6FE6803760346D8B6236B,Clothing,Kurta,Zara,Navy,XL
CC5BE548B0181ACD9F7FE1D9CE49308C070D60A12F4D62FC631B97904C68E6B5,Clothing,Kurta,Zara,Pink,M
6189C46FAC20AD47C445FD1A7F91F1BF7A6E08D1F665B772F20DE4EA3E69CA7E,Clothing,Kurta,Zara,Pink,S
1B642D79387E502CC4A0036FD657572DE8455DBA2D41BA23F81AC56FF1E76ED0,Clothing,Kurta,Zara,Red,L
9C8F8AE4F0B495138D1EB55BEA72580A6B0C2EB3168D2E7D16D191138682C585,Clothing,Kurta,Zara,Red,S
7C75EBF895E8DB0E96BA8D389AD0784B8870AE98DCDE66B31F345F971526DDD3,Clothing,Kurta,Zara,Red,XL
E4B3ABB6EFD33B6EFFD9C8830D6A15752576D6A5703BD41399EE7CFDEB5BB390,Clothing,Kurta,Zara,White,M
4FACFADFDB6C2DF18FFCF9B3CFED8D4849A6CBF377CE74D552B7636CA05D3EC5,Clothing,Kurta,Zara,Yellow,L
1534860D0B7EA756BC59B8F8F372ED45CEE1701206AB4ACD881F880155ABD046,Clothing,Kurta,Zara,Yellow,XL
D3B0D8B8D335027216B430460C4C30A01D221F8EADDFE89A08AC1DC4E3B9C9EF,Clothing,Saree,Allen Solly,Beige,L
100F0E4EC38E58D7C905386954A63F93485182102DF61919A5C6EDEAA17C4733,Clothing,Saree,Allen Solly,Black,M
2D48A4982DC4E01FB36EC2B3474DE84DB561456656CC65C828C5EA3CB9DDCEE2,Clothing,Saree,Allen Solly,Black,S
48E28EC145D6C43ED06712F51ED4D29DABC14BAF7F11AA7243F45EB058C08D83,Clothing,Saree,Allen Solly,Black,XL
2AC6D058E9C929954016F16D4E2291B844148807310C3CB18690694FA20B18D9,Clothing,Saree,Allen Solly,Black,XXL
6FDEF31C18139BEB50DA06811EB20DD1FDC9380DD667020627A2EF07F0401919,Clothing,Saree,Allen Solly,Blue,L
65625BAEE1F9F79948E1255BBDB908BF73755E9EC5E4F6085B18A9D133888869,Clothing,Saree,Allen Solly,Blue,S
2069AA9BCE70B3ABCCFBD02A22DF0B01137565CDFA83EB242EABCFBB82F72CA6,Clothing,Saree,Allen Solly,Blue,XL
4436BF77CE65FD5068B99EF2767CA0343660C8BBC7D95E8301D80B15495974F3,Clothing,Saree,Allen Solly,Brown,L
1B7FBFEBFE33D509224B2E6EFFB79C17E2A00ECE91FDE8297D8DFD069B03149A,Clothing,Saree,Allen Solly,Brown,M
6A9FFCFBDCDDC90C990E809EDD26037B1ED64FB5BBA76FB08BB295602261FC46,Clothing,Saree,Allen Solly,Brown,S
EBD07D44B6BB9620FB1E81CE014A5BA3FFD57914353CEBC36C93E5FB3E3CA73B,Clothing,Saree,Allen Solly,Brown,XL
E96C14E53891440F39D7B521B445223D88FA52FFA37224196C92CE07FB1D93D1,Clothing,Saree,Allen Solly,Green,L
9E9EB65BA764DE95E7BA7D0122601461830F2A415A9C9BD24699AD90F40071C8,Clothing,Saree,Allen Solly,Green,XL
A463F810641D9F17C51CC14A04AD24A5A204128A51A458BBC69B998427DC81E7,Clothing,Saree,Allen Solly,Green,XXL
296D06A6B16272D2CD84AB0962D11000501B268513C22CBF68C207D8A1A944F6,Clothing,Saree,Allen Solly,Grey,M
AA327FCD4E4EFA0D81A62193AE0BCAF0166BFB330D9ED88653BA4EE0A3D87338,Clothing,Saree,Allen Solly,Grey,S
F5046F361150FCFB6E4D869C05895B96F51A2D33917DD862999F7F0F130D6ADD,Clothing,Saree,Allen Solly,Grey,XL
934B5829C3C1DC375B1E1AA6980E51D4ED89536FE989A0A420EE6852557DDFCD,Clothing,Saree,Allen Solly,Grey,XS
F63833E7BB381F0703C83D11CD8D222AC692AC630D0F65D2B6D41F37C1E9BF47,Clothing,Saree,Allen Solly,Navy,L
743FFC567DEDBFCE88EEE33C1EE7F4283037CB817AF15C6BE97C355613B16C41,Clothing,Saree,Allen Solly,Navy,M
93266A6E9DBACBC1009191967A655564B3831E7B722E93303826F04301BF55FC,Clothing,Saree,Allen Solly,Navy,XL
2A0BFE44D5DDCBE6BCD5A9C01B813B9F66CB4DB7982DCA86D7EA4280AEF84F76,Clothing,Saree,Allen Solly,Pink,M
73010E9ED613672BB784E649B068E5DCFE35A39FA8DBA37B48B3EC00534A6EE2,Clothing,Saree,Allen Solly,Pink,XL
A1CAAD38E8431D8FA9AC27EE877DC2106EB252DF2366FA010B09642FE699AD7E,Clothing,Saree,Allen Solly,Red,L
54E50800E7B290F0B037434AAA38FC4C6F1E38874694B22566A09CDF806CFCE8,Clothing,Saree,Allen Solly,Red,S
9ECB16439621CEBE3CD16BCE9463E994AB36681A0E722CEF4D5777196E73A4DD,Clothing,Saree,Allen Solly,Red,XS
2B96D0A3F3E4F50F4925A24E4108BBE88CCA253F8E15936C060A89385E064819,Clothing,Saree,Allen Solly,Red,XXL
6B5824CEA5F2DE7F7BFCD83A2347714E216912DBAAFAE6513F383FC3EE8BDC39,Clothing,Saree,Allen Solly,White,L
B3254BF2E9E47EB479257BF01ED39D500B3F8BBAB639EF542509FD50B6D8DD05,Clothing,Saree,Allen Solly,White,M
26C632904437026E9C5D4C1415C83878126AB07F3653015DDE3E2AD6132F96C1,Clothing,Saree,Allen Solly,White,XL
19E729BB15569BDDD9BB0C54EF33CB18A18DD006B58C72F8691789F13AB25731,Clothing,Saree,Allen Solly,White,XS
356B2C2013DE7C3632566A88B053920FBA1862A8F7FEB3612BD75EC8A828782C,Clothing,Saree,Allen Solly,Yellow,L
86FFF4B1C09B3B4A35420E2ECAA67B919817E94590A1348B39B1B364FA81818A,Clothing,Saree,Allen Solly,Yellow,M
963E598F195E6C56F6F1133A2ED36158CEB742727AF413E3AECCDF0DEDC88A59,Clothing,Saree,Allen Solly,Yellow,S
6C80507858CE4EDEC57363482D86736C5C1F47AF70FEA3B275CCACC3B0B22DCC,Clothing,Saree,Allen Solly,Yellow,XL
851D2374B8C4FA2BE9DBA68DFB452DB67E3067D1007A5277E5C2D8A49C25FE4E,Clothing,Saree,Bewakoof,Beige,M
9D50D8C88E023DADD32DFE93023DBB361D1AA9D6583C9A8C4AF98EE1F6B2F6DA,Clothing,Saree,Bewakoof,Beige,XL
FA7E84BE589A67CECD81AF0AEC9B4EA511ABB0A25898ECE74C1FBE5619F7CFFB,Clothing,Saree,Bewakoof,Beige,XS
01E3B4FB08C609C39FDAE97BC7E60ED841D77E03F3282A3768D8CF1C5798CB21,Clothing,Saree,Bewakoof,Beige,XXL
6E6D91677AB82515BA46F23D01C72AC20F0A957D1667898245D2EEEE86025796,Clothing,Saree,Bewakoof,Black,M
E65BFEE564CE9D659ACF88044F90795EF4D8ADE9C591FA458E7983CA6250CC0B,Clothing,Saree,Bewakoof,Black,XL
BFCB66F4984923E877C85C7A6F9BC2C493932406B26270766568840ED2D2EE72,Clothing,Saree,Bewakoof,Blue,L
627D29904D2DD0DBB0F8A78B815DE8B6F884A0A49C7446C540E28C0DFBF4DE63,Clothing,Saree,Bewakoof,Blue,M
6FC9F695F21001D80E4179B0656F655C58E4E918EAF04958B3103CB5EA836A14,Clothing,Saree,Bewakoof,Blue,S
8F735E2AD00582E32663F48309079CF843A7D41D0E534C99E6FED4F679F77607,Clothing,Saree,Bewakoof,Blue,XL
7DEC3627BA424BD4A619119D365B0FF553B8207BC88B9252C374AE356834AE16,Clothing,Saree,Bewakoof,Blue,XXL
A39599ABD472A5795349257C8D54D60E6F21EA1D67EC01433B70A69A0D0BA5B7,Clothing,Saree,Bewakoof,Brown,M
DBA895E09961836BA66632CD36DDEBACD7D8FE01FCCFA3FA03FC75D65FF8C231,Clothing,Saree,Bewakoof,Brown,XL
F9F68471331FDDC1DBDA3F80612B6310757195DF0339E4C3C8DF28256863356A,Clothing,Saree,Bewakoof,Brown,XS
480292FFE69AE8D09C1AF383998EAD97881F11FB475B843C4DFA256F2F658411,Clothing,Saree,Bewakoof,Green,M
B7BD5A57DB5BC05E4D1559E1F10F90C11FDF60BC012A10A24347B998755C6289,Clothing,Saree,Bewakoof,Green,S
19A310CC0A33FD2CF82B4B2B5DE46609049EEF1C4338016081902E2DD6A8D0E5,Clothing,Saree,Bewakoof,Green,XL
3E64E4306740EE47F5ACCDB5264C0C481DE3C8EF1431110FA4DDBC44521B583D,Clothing,Saree,Bewakoof,Grey,L
7FA3031626BC741F8B9D04B7E0968FFB00147A12665A960929C646FE4B2C73D1,Clothing,Saree,Bewakoof,Grey,S
5925E28D99B2626FE23E14756212CA7227C386155B03951C5933E0B08BECEE46,Clothing,Saree,Bewakoof,Grey,XL
82F638F336CFF4D5D20984B45E757BC3A44DD2E3C1387E15D37E06B844577827,Clothing,Saree,Bewakoof,Grey,XXL
A84A6313BD867DD8BAC5DF4309F56C24363B291AA50647A386728F48800F9258,Clothing,Saree,Bewakoof,Navy,L
4E6EFF18C8D11BDF74F8C44B4AC205CD916C985932C840DA2DEF93646A2439FC,Clothing,Saree,Bewakoof,Navy,S
6FA45B261EC2FAB9BB0A022C8A8CDC8D709A26189FB56E15E3F4FCE1169ACB60,Clothing,Saree,Bewakoof,Pink,L
BA0054550CB0673C8D47D5FDF5A11C71E561605571172465308225F9B86469A2,Clothing,Saree,Bewakoof,Pink,M
757D7CCA3DA1934702DB3AD2F39082B145508DECCB0C88CE5C3516822740D8BE,Clothing,Saree,Bewakoof,Pink,S
AC448080DADA10F9AF71426BCCDB83CF67B815701B478D11361211772104733F,Clothing,Saree,Bewakoof,Pink,XL
53BF885CCD4AF65C139B16C52C2FE4A05EC62FF2C3A0AECB72B113E6A8EB2B1E,Clothing,Saree,Bewakoof,Red,L
DB6B05A185BA97577395E6B5053E90E41F63CC4A8A510904B293D85ECB01672E,Clothing,Saree,Bewakoof,Red,M
8D206FC218DF5613980CD279476BABA4DE9D72A86988CCC9CE3DBA1F6A9FC43C,Clothing,Saree,Bewakoof,Red,S
70CBB76EC521BA1562194C9762899616BD3E798435F0C8F91BE1CBD217888675,Clothing,Saree,Bewakoof,Yellow,L
6021B7B550C0E2671145956370D50BE3A63125CB0493842D2AC603F01D7A09A3,Clothing,Saree,Bewakoof,Yellow,S
D5A84A32F69079C42A15F6D760D6056985D05B23BCD3F31939110AA9E092D9DE,Clothing,Saree,H&M,Beige,L
41E817C159FD005100D45D03A6AE8D6EAA0240C6DABB56F4534240665E752D31,Clothing,Saree,H&M,Beige,S
4ABCAF342BB64D24695C9D56A8DE61D5E65BE01DB67A46177D1B8F3E98841FBD,Clothing,Saree,H&M,Black,S
B46D2167C9743B2856F8E6B30E7E8B894F2558C89990107B19D6F0CA52C5B542,Clothing,Saree,H&M,Black,XXL
E5920C6FBE2205A3FEA9270BBE6AB44AD72E408794A1F064CE5EEA2D8BDB3E1E,Clothing,Saree,H&M,Blue,M
A72724E394C2E93E31D383BA753593D86247DB121B6B249DC476B2CD0C333BE5,Clothing,Saree,H&M,Blue,S
DE012C25653E9BFE03B1BD07AEDE8FAD3A594D52445C70099A66DC1DB3B6897E,Clothing,Saree,H&M,Blue,XL
843729CAB4C1973C80FCD07B8F597A4FA7E348D8EFE6DC4293534220FD541079,Clothing,Saree,H&M,Brown,L
143BE2897BDEF2E797F466D70AF007425A0B5D1E0233FBC0A03EEB6E50CB6CC5,Clothing,Saree,H&M,Brown,M
F187233E9EF6B6385A313921CCA31B9B3927396055B71747656618C939FC805A,Clothing,Saree,H&M,Brown,XL
CC7E28BB22B7DDCA6375A083D9B085163069403BDDEEAADB600BF1E8CB48BB8C,Clothing,Saree,H&M,Green,S
3D3E4A0602DCB22AAAEA06C83C956D34831F8B861EE7D005FCA19A16695434D5,Clothing,Saree,H&M,Green,XS
709C0DD8F02FB802D71FF5BA62AA0093C229F2FB36C6AA5C1AF3D41F0EA50084,Clothing,Saree,H&M,Grey,L
1F840A7F2073D78256B653FED9E5F3F199290409B4831A3C563FAA3FA057D705,Clothing,Saree,H&M,Grey,M
0978CA42C6608686D34601558FE13B1E4ACEB52552C1BEB2CCED382A6229C4E2,Clothing,Saree,H&M,Grey,S
6B373BA1AA44BA9DB8572B9671C16DAD1E1D186F72A214A8CCD2CD5F04D41503,Clothing,Saree,H&M,Grey,XL
CB07F04679DF5E95EB80169F962D003BBF899B377DBE8858A2CCFAD520BDB3AC,Clothing,Saree,H&M,Navy,L
97BAC14326F440D31DD3F469B78717528B2F1BDD7F9407D0747EB64E22C8F97A,Clothing,Saree,H&M,Navy,S
1EF882F2DBAC0A74B112D5D13608276850CB0928CC2926EDAC9BD9CEF4C88DB7,Clothing,Saree,H&M,Navy,XL
4403F3F7617CCB67ED14C20A7EF8F65858A1102FFA27A29EB3D0FCBF3C2FC61C,Clothing,Saree,H&M,Navy,XXL
5CFFFCDF7C80C3D1F5AE9F93AEE93B94182864F33C746679206F00967022C270,Clothing,Saree,H&M,Pink,S
4B297C32E50226F35F650F811CEFC4D629DC00C3B85D17B95B7E1B2C223B069B,Clothing,Saree,H&M,Pink,XL
884671B2B5E526D7256083DD30E23649702FFDF55C3488A8573FFD3FCD9D5E2A,Clothing,Saree,H&M,Pink,XXL
314A910B2E19B8BBB628B97DDCE9668977CF90FC0CB768B03BEDEDAD91061ABA,Clothing,Saree,H&M,Red,L
39BE70EC035AD1884763E50D6196FDD92BFDB17FF69173400CFEAA741105E6B5,Clothing,Saree,H&M,Red,XS
7B313E75C53B29EEC0B1B1FE640B53A2936D62DFEFE10693D1ABA03A1E402D41,Clothing,Saree,H&M,White,L
3BC2B844D725072C2473E0CF29280B6EEFB1F054375D41D15DCC903D1D60D837,Clothing,Saree,H&M,White,M
503BAF5A9420BE70E84D4DFE382A8BCD9B16C1D31E7521D06E5B6FEBDFBD1747,Clothing,Saree,H&M,White,S
AC1B0669539DFCD4469F39074BBE873E28815590BCCBB76489846F45EDB6584E,Clothing,Saree,H&M,Yellow,M
15F9CD32DA1F20849B29465C846ADD9C7F8F12DDDE28F936D68812EA2EC83911,Clothing,Saree,HRX,Beige,L
6F21186A152A3EC2A2E787188C5BE9A4D4019E198E41AA44CFF2D48CB924492B,Clothing,Saree,HRX,Beige,M
74E583E173623BCEA6419AB7E55601FF07F153B92FAA593E2B5ECCFD5779F191,Clothing,Saree,HRX,Beige,S
8CF6C2FE4F8CBF1A2B1BD18C12F01212619007A1E925C53675363B2362B43F62,Clothing,Saree,HRX,Black,M
C6A509AA1096948A92D5B76CD6ED5F1947C085035807C13F4EBA56D0B7A05689,Clothing,Saree,HRX,Black,S
D63949EDC9743FDDA78F2E723534EFDFF4F0CD01B51175E9564172F1399CCB3A,Clothing,Saree,HRX,Black,XL
5E59A6CDFEFAA65C88E9A5C42EF62CB51679ED74379F4ADAFFC5C4901C64AA26,Clothing,Saree,HRX,Black,XS
8F1E09B3D6F9F7855395C63B1DD338568620418625FAE55403D9291C78EFCF8D,Clothing,Saree,HRX,Blue,L
73BBD5E18C6C993466BF2A2B2CB54D52F8B0335B3F53981B803BC6EC78E0CC4D,Clothing,Saree,HRX,Blue,M
54E8F3AFFD95870E0A62946A0BFB63704BA289FEFE7FDB7BD535317EBF263633,Clothing,Saree,HRX,Blue,XS
45DA1B847D908FF5C0412A4BFB2A5C74F043B15FA74D0781E7772FC730938B09,Clothing,Saree,HRX,Brown,M
E02D1542DC88A5EFDF382FD88EAD5FAA6F405585ABBC5746F4726EABB781002B,Clothing,Saree,HRX,Brown,XXL
BB5A45E75FCADAEDD75DEC0C36E508A778B97D10B8D5C65D00227CA04F246747,Clothing,Saree,HRX,Green,L
66E9E99CEE48E1862B35288CDEA17483F503D5EFB00542770F8F491177591831,Clothing,Saree,HRX,Green,S
E8A7DAFF32F642E84486672CD6DB88AA79951080A096B9A9EE32031F9D635202,Clothing,Saree,HRX,Grey,S
8D92FEC35CC9303B71A225C1E2E7CFEF4C08C2453A5B23185F47ED1A3AC1D96E,Clothing,Saree,HRX,Navy,L
72E53A7FEEF201E201199AC5125E017F735B5CF467F128A18DFD51AE5D56A222,Clothing,Saree,HRX,Navy,M
1FEB79725E05DAD8568ECB61FDB6AB43553F2838D0B7DFE59EC0CC2276A84D64,Clothing,Saree,HRX,Navy,S
D4470A01EFA395E02645550822DD546E0831C4362ECB1766509185C7DF812381,Clothing,Saree,HRX,Navy,XS
97EF6FE32CDFEF1DAD5723095377DD8C80297E280294209D25A9269A0264065F,Clothing,Saree,HRX,Pink,XL
FDA8FFE41ECD3C7ECD01369262BA26582EE57301C55559C0A2AC36BC772BFF9D,Clothing,Saree,HRX,Red,L
B3F3F922A90769B0192813ADB65A88FD07E246787EDE5EE47CC9CC8B41D06C14,Clothing,Saree,HRX,Red,S
206044B40EEFABFBC44B93F22598FA74C883320A876F69AEF3C08A9972C389A7,Clothing,Saree,HRX,White,L
3747412469FBDB7D2D868C2A7231FB386509956220EBE9A2FD6013CD333EA750,Clothing,Saree,HRX,White,M
72C87F89C1E363451BAED01BDB855182B6536D42958AF3DA8A1BCA09B17C35A4,Clothing,Saree,HRX,White,XS
1C4451858370C93A10AD224327F6454C628C9AEB5F95378D4FA8B1C22B82308E,Clothing,Saree,HRX,White,XXL
FDC481B6F6EAA677625F7509EA4DB290588233D351363340E159F1CB8F6B2E8D,Clothing,Saree,HRX,Yellow,L
0D32FC76B482ECD33DD8BC23E9FF86735A98BF3B0AFC19AAE1198146678E4461,Clothing,Saree,HRX,Yellow,M
0EFF89BB40EE1E6DE571E9CC66B027EBCA2EDABA6A87F3C41C6D77025DF4715D,Clothing,Saree,HRX,Yellow,S
47BB89102C39F1C9B8CADF3BB2FC318841AF5926412421989A921B71334FC097,Clothing,Saree,HRX,Yellow,XS
91C815CA760578F20E5DF2DB89C3B87C4FCB09EF1D914D1B56CC72782C36C841,Clothing,Saree,Levis,Beige,L
260E5B5AA0156900B146A0267CF54CC6ABC1B5CA058225A18047FCDDBC096CA6,Clothing,Saree,Levis,Beige,M
3BD6B59B7EF5F35E38BA4B79F324E67FF8342B4433A05525955A79FAAA0702CE,Clothing,Saree,Levis,Black,L
7F530DCED8BE0BB55E42F1D79B9576CE2C523C0ABAB2E1526EA40ED5A1B2C61C,Clothing,Saree,Levis,Black,M
D76416D4FBE6D73AD9BA479B9F8278D217D4E17A96E6FBA9EE07945FF7356924,Clothing,Saree,Levis,Black,S
6A1D8BCCF3FE67A7CF5241EE975D75ECCB9DBC2100879663BBB7DF916B6B4C92,Clothing,Saree,Levis,Black,XL
F642C58697C2B58DC4DE2FD23A3FABC9235D4C5DC6206E3B045C270E9B071D9B,Clothing,Saree,Levis,Blue,L
1CA151B36DB1507C3F27BEE1B6F704953818A1F082586D8B05E322799163D156,Clothing,Saree,Levis,Blue,M
7ECFCD779C65C0D2E0729E369B4A4A844CA4D8C8BD313420BCA79AB32F67593D,Clothing,Saree,Levis,Blue,XL
1E45DBC5CB9A60F4874AF1D30C8518BA4D165C17D9C557953E4DC5FBDC5D7F6A,Clothing,Saree,Levis,Brown,L
E8FED9A98AEA24F05C867E85062E95AF418A4961F935CA799FA2E171DF373EF2,Clothing,Saree,Levis,Brown,M
7452F3C9BA814B02705FCA796F262F9105738321C3AC544E5EDFEEEDCC84D874,Clothing,Saree,Levis,Brown,S
B3A5F57F64BF7D0BBDE076C36CC7F44BCF04283336E0B66C020E52FA7C3FED2C,Clothing,Saree,Levis,Brown,XS
876F146C42782E94DE49055B747E80608A23C3DAB200C1B5D189D77217656941,Clothing,Saree,Levis,Green,L
A01263F8FD9B0894F950115BCA3DF6EBFFD077295FC13073191ABC04B6D4F9BF,Clothing,Saree,Levis,Green,M
AF2DE7EC456C836FCDADF62AE9F7536C8DBC7B9E3C9E5E89050E0503DD8AC279,Clothing,Saree,Levis,Green,XL
1C5389D0E85B36996850574761BE5E35E4BE915438EB0F8D1A11D89448ED0C9B,Clothing,Saree,Levis,Grey,L
72898109D76445823BE0C69FE8735D4085C6CFC42BA0EFF2555AF6414FF4A5D2,Clothing,Saree,Levis,Grey,M
528B4D9D6D054EE3D73FF6642D7D0D38F63F68A0C7F28AEFFBDC44EF9E8523B3,Clothing,Saree,Levis,Grey,S
F0670D2E3A2EF6E495DB47B39735FA056564CFC083B5CA8E2D0D08013DF990F8,Clothing,Saree,Levis,Grey,XL
D991B320B2C6968A9A3A9E7F2F216CC1E0951E336AE539617988498FF37355AB,Clothing,Saree,Levis,Grey,XS
FD04E7395AABBCD820E53409D53F7C149031F653D37CFCA9679A8B44C4FC5C04,Clothing,Saree,Levis,Navy,L
899728E914ADB92CE1A32FCF6E5B45E9F9E9A4F834ADBF1126D0682471C1A791,Clothing,Saree,Levis,Navy,M
B8B54B75B740DD4D0BDDAF77A8D3E9DC7A7E10AB31648C026233203B9C3987DC,Clothing,Saree,Levis,Navy,S
4FC32C3789B2964AD651ABC5142A6405409F25C266DDFA8B9672825DCAE9619B,Clothing,Saree,Levis,Navy,XL
BD83FD8FE22B850C923909AB06AF9631BE9A7B15B5FE3346F0BB6FD903C050CC,Clothing,Saree,Levis,Navy,XS
565406460D22E4774AE96647D3770BA776122BA51B0C541BEB5D91CBCE2721F3,Clothing,Saree,Levis,Pink,L
8AEADA85410A48808B128EA4E220B275CF3860DA10238A19C7674DC99CB05E6C,Clothing,Saree,Levis,Pink,M
E7A64DDA04AA53F73AEA55FBB6903E252F49EB21CA37EA59385ABC4CEF2DFB37,Clothing,Saree,Levis,Pink,S
143156EAC19A96C6AC6F9A6A5836015FB9A68C67AB1BB46762D572F876C7D9D5,Clothing,Saree,Levis,Pink,XL
10EDF1A5094331707631395C1466773791F6E80ABAEE5C7044B8D8A0CDB6BC9C,Clothing,Saree,Levis,Red,L
49301EAD5F4C835576227FE77ED12B66DBB15F3ED6A467BAB79FA0A63ABB6780,Clothing,Saree,Levis,Red,S
37A968EFB30555563880492AE5C58751E2D774A41A2EC626E0A04177D0F50F6A,Clothing,Saree,Levis,Red,XL
31F83D9C2DA76E576FE6E8AC03F8B5C4AC321B1A58BDCEB91C9774BA152A1B11,Clothing,Saree,Levis,White,L
2042D05E1250DF8FFA34282A95B1B2B6466D3E14C9871D1EE35E2FBE511D3FDF,Clothing,Saree,Levis,White,M
A5F3DB68FD5FF08B9BD37A74AC6A50B0A5A79F266C6EA8C75DD461C518F9B50E,Clothing,Saree,Levis,White,S
BF9C765CF856FFE44608FD9BA95EB4459C9F66344704CC292723BED6700DC572,Clothing,Saree,Levis,White,XL
62CB6D18C0FC037E6326C6A3FBDB08AD6719217CDE89C39ADD3D90E95FD020D4,Clothing,Saree,Levis,Yellow,L
03CE6C286BDE77CABD33BCA3E87B15995413F3D039792C89058B97816F54E595,Clothing,Saree,Levis,Yellow,M
53A60BF5B49E12F39FE7D5D49F90611620FB4443D133743A8C9A0CF701085E4A,Clothing,Saree,Levis,Yellow,S
134EAF04C1563ADA7BE3C32B87D2497AE66475B6A15BB7A14DBBFF0BD3D69723,Clothing,Saree,Max,Beige,M
E2263170BB3E6C47DFEB737AA1C749A3870AAD410682C9F7FFE413B8C8215CCA,Clothing,Saree,Max,Beige,S
C2D1BB9390AC7A3BF202C3467ED6E7214887740BC56F27E1983AE00241F96CE2,Clothing,Saree,Max,Beige,XL
96957580AC06A048ED9AB167DCC6565D92BE5D023AE2D929067644CBDB095449,Clothing,Saree,Max,Black,L
7EB5F2D6887059F11EA503AA3678CBE0F3920D7F021245B6A184BB313D0E39F3,Clothing,Saree,Max,Black,M
CBCA7E51201D33979F2F4BF030E716625C49B87A271ED5765AB1794C5C476B1C,Clothing,Saree,Max,Black,XL
750F7384D4971957FEDD7D9BE488EDF8AC7CE417D8CA2E39226681F6DDD08B45,Clothing,Saree,Max,Blue,L
F1D1FF25C8E92FFA142822A7E90F4C8D5A3F4E57C16B53699D40116985605EEC,Clothing,Saree,Max,Blue,M
2C74AF5380B7A58220FE941EDB6635B61E7D30915A3DD0F2230859997E924A92,Clothing,Saree,Max,Blue,S
E9F3F1214523E20E072E56A7A422E9D5B2F8945681EC38C486EAC26685911B2B,Clothing,Saree,Max,Blue,XL
A18DB04D7F84925C3808BF525B6C239E381F69ACCF2CACAC5DC3397102F6DFC6,Clothing,Saree,Max,Blue,XS
255DF4F5B1444757D6426FB8EA95FD32435B471B88797BBFB1F878364882234B,Clothing,Saree,Max,Brown,L
ECBDD9F4A7CE12506C291D51A32D51FA69836596C1042BCB6E027D3C9C7EDA54,Clothing,Saree,Max,Brown,XL
CAE95FA2DBA8194B8A4030B407B7D8DC58ECC9B5DC603801CD5826686794929E,Clothing,Saree,Max,Brown,XS
E54AA93E191394B63A2F2C74DC2AA6BD56C32C889A2235D768474831BB5F43DA,Clothing,Saree,Max,Green,XL
7B3ABD9B3C33EE4D8C7DEC1C2C55AF6D04C45A351632A146EB575CB9F73869D4,Clothing,Saree,Max,Grey,M
C55DB27A3E1D4EB001E46E4D2F421FAF524F7A5B53988162B9B1D5AF19AAD5D6,Clothing,Saree,Max,Grey,S
3647C6418F9D772CCAD21DA536A3729A4D3211091F772DB8E060A8967897767B,Clothing,Saree,Max,Grey,XL
5832DB11F016641008AD54E4A987794B6496F7E799057844BD3A0F376E0114BD,Clothing,Saree,Max,Grey,XXL
C9E8A53ADFD53F3085FD359258206D08F7321D0EB513D350C9E76B1BA2E8E97F,Clothing,Saree,Max,Navy,L
C2AF06577205D37D04EF2208F9B6D2487A45F2013631C9780C87E0B67E3A4EFA,Clothing,Saree,Max,Navy,M
006F41ACBBAAD492252B4EB8D402E58AE063248964A5D1005EE3B0DD468D50E8,Clothing,Saree,Max,Navy,S
FD9AD2246ECD2FFDDFCEA2EDED73A6EED31F59045FDCB79584F51F765A21D321,Clothing,Saree,Max,Navy,XS
B3A51A3D88382F44CC1B86B478441F7724899BB6313E2DD15F3DBEF3219501FE,Clothing,Saree,Max,Pink,M
A2008772CA8E36DE43D570A4108390EC9E53E06B2E5D960AE5A7170580926D7B,Clothing,Saree,Max,Pink,S
259B8BCBD30CB94C53269147CBE16C32A43CB31CDE6039E8BA6E7A3A2C12DB63,Clothing,Saree,Max,Pink,XL
5F45EEF4975841FE75B770E367908EFF89C99CC299FE53D8F9859F3EF0DC4519,Clothing,Saree,Max,Red,L
6E98878080102137F2A84E520F0E5C424E927B1327888630525C86663E907002,Clothing,Saree,Max,Red,M
856D6C114E67240FDF25B62F38F22B8C22304DC7A041D2AE3E8C0D102FAB72DC,Clothing,Saree,Max,Red,XXL
A827F565DFD3D02F076B654F50BE156E69DA9C163F64CE91206815114B1409B6,Clothing,Saree,Max,White,L
5B117715D14615F9A27C7572AF59AAE7F75EFFE51E785D20A6D9BF9E115CD644,Clothing,Saree,Max,White,M
477A54F3AB68FC7E566E9EE8F6319A1F1861FCF9E976832C91997F51ADAC3536,Clothing,Saree,Max,White,S
839FA82C321720684E5FC04394FE679537B39167D0FFEB67C61FFAF522EF95ED,Clothing,Saree,Max,White,XS
72448676C6A6083014033E00E960FE6EEB037A4F2F615AD640A1C6EE6E92B8EB,Clothing,Saree,Max,Yellow,XL
6D27292BEC0ADDA1A93FD07ED772A1083BB45CFAAE2AAEA24D546526592F402A,Clothing,Saree,Max,Yellow,XS
E88D1CBF03B97E2B3EDAD186B92C4AA6BF9F65157A2B0A979070EE1A9BED3FC9,Clothing,Saree,Nike,Beige,S
E35227931131381269B7E335A173B431FB25217051D125F3B24AE234ABFE96D2,Clothing,Saree,Nike,Black,XL
9E3910D20C5282B70C385E83E212F78CE15E4EA82A88E1DB963F652B6F55FE92,Clothing,Saree,Nike,Blue,L
75499FF66EA1C09E4E78717F079683E128357DC05B1BAD4CD88A612445AA4180,Clothing,Saree,Nike,Blue,M
A4C1DBFA3A0C90A3641376FEF19DB009BEF7A35A97E6510D4005E20508D54B04,Clothing,Saree,Nike,Blue,XL
3CC19D238AED3279EFC3876BF7907A850FA3C4B4C7AA2C20E485E68952F03196,Clothing,Saree,Nike,Brown,L
4F893C085EE059E2FC4E508388379D67BE5901766D490D43010E95E02FE9BEED,Clothing,Saree,Nike,Brown,XS
6F2A36A1BBE74B0041CDDF1A25036C3F1D761921D2A6E2697EDB36FB8627BAA8,Clothing,Saree,Nike,Green,L
0228B2D0C04E90B50C3A63FE26A08FFC740CB0EFE84DEA57EE187CBFFD08F42A,Clothing,Saree,Nike,Green,S
3CE8DF855CBA6D6FB2388D9A0E14EB14B9CC0F898D4B892E68E3E31F62AAC909,Clothing,Saree,Nike,Green,XL
BB5B67A2B00B63D6D516060EAE29915D2DE08D73D4E7975ADFF99F554ED6F18A,Clothing,Saree,Nike,Grey,M
0928BDFA3F0ECC8544C8FC2BDBE28DA02C5156CE907688D312F967F77E3FAA93,Clothing,Saree,Nike,Grey,S
8551044837600BE6E0D8E4B03EA50E7E61C94957BF838808B1214895915C9BB1,Clothing,Saree,Nike,Grey,XL
8FB7058937F4F0BF244529E9A93D4ABE0FE6F5E36887BD4A823B2C8E4648FAED,Clothing,Saree,Nike,Navy,M
4A1D89CF28F3A4B7C2E52BA42EF9F249EB605C55273A1E408DEC9C66673BCD94,Clothing,Saree,Nike,Navy,XL
B8405082678ABA9CF5CDB10CF0AF8B5EC298C70CCA1A850BB4E746777F15091D,Clothing,Saree,Nike,Pink,L
994B9EBCF1E063AD2D4F92AA4D4E1353B7FE4C4FA7A2AE20C5326126C00116EF,Clothing,Saree,Nike,Pink,M
40A998EF3DBC3F473F6C7D4370D6E6E91793D8EF360550DD41570A44A3904C09,Clothing,Saree,Nike,Pink,XS
D27F359059A88D7DEAEC2E3F116987169E9BA3B9B6CFE7C348D67A4CDD34C065,Clothing,Saree,Nike,White,L
2AA7B5F34962871737C85148D8E9BFDF4470E007D5F386462CBB09C16FB22869,Clothing,Saree,Nike,White,S
6BA0C0FC1864AAB1098EB243F4F26782E5D4BCCD657D15E90A50FD4D87B83F72,Clothing,Saree,Nike,Yellow,L
C96D09B44B02ECF9A148EE817EF84A82B6738D66D5B2D03267F1C7ECF8AC9AF0,Clothing,Saree,Nike,Yellow,M
7983B519A01A8D7326D4DF2B0CFC63ADE9DCFB8ABC15D92502634C53A1C559DA,Clothing,Saree,Nike,Yellow,S
E9B78B41088CE2856C50FB75BA80E8C59173E6FBA9423C77171700980649FD4A,Clothing,Saree,Puma,Beige,L
85672C0A3294C7747DE9976A2534B9B1F8F764F06E620097146D073E100E6ED8,Clothing,Saree,Puma,Beige,M
E759DF7E28DA8983F45363EC677DA7BD4D0591E8039D12775E9BB25F22EA684F,Clothing,Saree,Puma,Beige,S
33A7DC67ADA7762D6FF61511CC5881726DAB0B2D9268BFB94AFFE4A565BF2E54,Clothing,Saree,Puma,Beige,XL
D3C852A7894387BF54FA533052AA94499E874C77DDCD7A63F86ED2743C63FB37,Clothing,Saree,Puma,Black,L
B524CF22CA881321A0E8D600C6D76FAE6B05B85ECE69F5EEBB4B5A055EB360EA,Clothing,Saree,Puma,Black,M
B452C7A0BCF1489F3F07B537AFB77692D338C73405CAB43D73C1284ED881C832,Clothing,Saree,Puma,Black,S
226767B30CA1F845B6F1CDD88EFD26549EFD60F17FFF0CD7FB4F9BD634F18B8E,Clothing,Saree,Puma,Black,XL
49E8612D5A4E9FF08093C1A7BB9C87511FF98A50C5018D7D56D96CE67B7E4AF9,Clothing,Saree,Puma,Black,XS
0A92802A9689CCBBD94B0BC0A415AE3B9E7C2DAC787A71CF4E7C35A37A8DFE9C,Clothing,Saree,Puma,Black,XXL
D8C8B4CADBB9AA84049E73A8292F1966F49920C3E178DF98F3D5827DFD749B52,Clothing,Saree,Puma,Blue,L
D770DA558EDDAF797BE7D3426C5E1D21C2E49857DD71431431D2E758C70FFC71,Clothing,Saree,Puma,Blue,M
B251D5DFEC2DE6E37C878C8B23D647D9297E40538927E616375E478EF65F164A,Clothing,Saree,Puma,Blue,XS
A2EC6CC50D26F2445A0336FBBF3B4B1CDF1B6AE5469E5BB7FBAE6DAA4C493D2F,Clothing,Saree,Puma,Brown,M
92BB1CCC16E93B21DAB0A9083B292CEA69573B2F35513EF64564ADE385D82085,Clothing,Saree,Puma,Brown,XL
7BE15415AE5A78D7D45E99B10188037E2B4E88118B75E786947D5D318C612A2A,Clothing,Saree,Puma,Green,L
EDA56BA1E5ACD213177F8A308B365472ECE18EBEFDE74A7AF7F365D5B5FEBDD8,Clothing,Saree,Puma,Green,M
EBD6DF8984B1E42C05E4D74AC3B92826AC9F9212BE385878E5C1D68387F443F2,Clothing,Saree,Puma,Green,S
9F76CB199674E93C9A14D00A4E21EE14EC4B25F6B48A2D76BE61FC12380B0FFD,Clothing,Saree,Puma,Green,XS
C4456273ECC8C33401F41D19755D49CDBB59B574FF27A57AEEB7B540D15300CB,Clothing,Saree,Puma,Grey,L
593BBCD61AC7299B77E6020BA7387AE0CD138AB01B8A22F633435C1604F2EB4D,Clothing,Saree,Puma,Grey,S
1F3916863A6D602956A1E1AC66741632D48F0DDFF3FAAA2E6C74AFC3CA16C5FF,Clothing,Saree,Puma,Grey,XS
88653AB8B3F69358B6FBEAA588715A03B64362CDD9005198BCC3AB82C45FFDD5,Clothing,Saree,Puma,Navy,L
047ACB706D56F5486FEB06E9F302136C9BB380EA57F1781CCDDCDAD6D96C497A,Clothing,Saree,Puma,Navy,M
3F281C53085A3FCD320E32BD6D772D250359E086729B2D148C9286DBBF0AB604,Clothing,Saree,Puma,Navy,S
46245B74383933C82661C0378C921A2935F77EF1FAE6379AAEED3B86ECFEFA98,Clothing,Saree,Puma,Navy,XL
6B4B66A82E5CAD5A7F8EB10011916EFFA6BB2FD196C676C2F156643FDF75F6A6,Clothing,Saree,Puma,Navy,XXL
88B8FA783DD22D2AD2A4A3775ADAD79D9C1BF982C6F9B6E380306C8C4E427F34,Clothing,Saree,Puma,Pink,L
CA35B61F73E997F40574EE819DE6FF78549EF2B796514722696D76786E2BE785,Clothing,Saree,Puma,Pink,M
32EF90A72E55916C5D16B1DC0389393E5D8A294ED3574C8788AE932E4E8CC205,Clothing,Saree,Puma,Pink,S
D0F7AF7E89E01FFD5001058385D89E9A3F0DC1174FABD3A2002E5B128C37D2FA,Clothing,Saree,Puma,Pink,XL
DD7516E5D72F166F68BAA16CAFEC63EC7F2E5F459E3A79995A590C047759B40A,Clothing,Saree,Puma,Red,L
C3908D11F7623943D835B006AAFDB60B14535E2D4234C43C80D93C90AA49031E,Clothing,Saree,Puma,Red,M
7D015DA05DC00942F0489706817C8216E7FD5A858515DFE127410351F734D72C,Clothing,Saree,Puma,Red,S
D35A59CAE6D718D146F91A2F8EE39F4B43B20ABF1C0F28D9667B433703182468,Clothing,Saree,Puma,Red,XL
73F4CAA9DDA08164D350D50EFBD7317403D83651D0A2CB8B4F6F8EDA72CFF09C,Clothing,Saree,Puma,White,M
131DBAFEEBAEF12B70E9EF64960CD810A7E4651997BD472ED15CF9540A1A4C6D,Clothing,Saree,Puma,White,S
55BD1DF726F86A7C45F82353FC99C4333446A23636899910A8C33301385C0409,Clothing,Saree,Puma,White,XL
04EE2A75DFAE2A8EC5BC2D8355F3F20A4E48E267B5FE4B78C18BC358AE743821,Clothing,Saree,Puma,White,XS
5E4B7B6C7649881E5A7F2047A138DDE8AF0A72A6016F62F9B68DC09EB919C2CE,Clothing,Saree,Puma,Yellow,M
B195085FE779BA4368C7A192D6F6F1D3A645A72FB351C0E2F0294DB4BB3FAB31,Clothing,Saree,Puma,Yellow,S
D2533B6257C7590DC19AA40AA2FF88E6466627814A3455184264BD999F797228,Clothing,Saree,Roadster,Beige,L
E6AC6664A01F8B4908B3C3D96104ECF87E9DD40DCBD17EFC235F4515884CFEF7,Clothing,Saree,Roadster,Beige,M
B8ED48A6A7F336C7D857E747BC80EF30D490D38B50817FE1559ECCBDDD5447A8,Clothing,Saree,Roadster,Beige,S
A92309687D07CB4CC6B81B5762FB766EB38E8B3B07DBD638B120C10B12EF44A3,Clothing,Saree,Roadster,Beige,XS
CCE27F8ACCC16030FD3AB25ABCF7AA4E5F3A51AC4AB42AD892FDC1B0EF7901AD,Clothing,Saree,Roadster,Beige,XXL
D8C3E9283600F4B79E55CFE6E9E250267AA754E4684F5E4B663EA6CE8FFA005B,Clothing,Saree,Roadster,Black,L
774895CD080C69A7E7D7DBD4D9327DD07CDD5879787138890843C7E5894C6667,Clothing,Saree,Roadster,Black,M
4F0DC0CE1C65BF4A2166C56B3DA1104DDD491E7DB245117B911C00747A45029A,Clothing,Saree,Roadster,Blue,L
0C64F4B7A9FEDEBA0E93A5471EAFADA16F8CB617DF240EF1C8480588CC107BDE,Clothing,Saree,Roadster,Brown,L
D3BD098FCFB2F16AC5DB14A23D6F05A7E227C4E5EC4C487690D031B57266D181,Clothing,Saree,Roadster,Brown,M
F01449662231957AAF997FD2E33A846765A78AD2D220081A0ABEDEDF8A7CA900,Clothing,Saree,Roadster,Brown,XL
4DB478329970AE8A814B63C5DC2DA8440003098375F7CEB865EB3B06BA17F67A,Clothing,Saree,Roadster,Grey,L
17BF5F96FF7AFC123C639849A3CAB09FEDF0756839CED1E4FE56E57E0D097864,Clothing,Saree,Roadster,Grey,M
0741844FE47B9653E14E8BE92F686E55F7E5C4EAB1A27BB0C5B4CD79239A127A,Clothing,Saree,Roadster,Grey,S
E01C4FA132BFDD4455D3F9B3BE204132970B1E3AB85B2FF940502AFB1BCD86B9,Clothing,Saree,Roadster,Navy,L
C81406A78BC0F0337FBEC304078CA1FD5D2CB0850E783E0D66C06EB8BF51C791,Clothing,Saree,Roadster,Navy,M
CC82E087B36CCC6E827DDFDC55EEC139FE51D07E4541D21A4402B06A86D0B3DA,Clothing,Saree,Roadster,Navy,S
A83FC9C501F53C9556BFECA8DEF3B396D85FE6064250B8E10C387FD75B423517,Clothing,Saree,Roadster,Pink,L
6AE5CA49099C22534F37C57A92D6804ACFA12C5145F6D096D7BC643C4429EA81,Clothing,Saree,Roadster,Pink,M
5672710EF89BAF87167A41E3E9818183BB800BB8146C6625D31AC61065BA65B8,Clothing,Saree,Roadster,Pink,S
3AE23638E524DC921FC5700F0952E192F0CE98CD27CD95C7F889D97CF14A9EF3,Clothing,Saree,Roadster,Pink,XS
1A421BB9A8410275D76E484CBDEAEAA7ED9EBBED48CEC3C3B0F842EC9845B1A5,Clothing,Saree,Roadster,Red,XL
0219FF34D708333C7484CB1372DC9A5BA405B942D60F6AA063350BB729A8897F,Clothing,Saree,Roadster,Red,XS
F8AD97166E4C3AC466CE9DC64477A191CD83867EF8BDCFACE45DC1445BBF171D,Clothing,Saree,Roadster,Red,XXL
128F711F04586875644D442014B651A775AF5D1B89BD70486262B950FF9BFF97,Clothing,Saree,Roadster,White,L
7BF3C0F0A70E6FE2F683C42C2FDCE111D3BE91DE929BE6097783059A6D89D140,Clothing,Saree,Roadster,White,M
EA8A8FAB328C3E7C19D4BBA9CBA5EF03B1302CF646A788A4FEC926B6B739E6A2,Clothing,Saree,Roadster,White,S
7234E8E5260824D2ECAA89CDA2524B801780E92A64B965E0D926D1DECB0F6EF5,Clothing,Saree,Roadster,White,XXL
2308BF44028D6E2427FDB7D18D06FAAE419892EE4D1E2EC9DF086A36CEAA5C45,Clothing,Saree,Roadster,Yellow,L
A6700730FF21A7C519AEABA76C00741E2D9689B58A37601EF6B509DB5B34844B,Clothing,Saree,US Polo,Beige,M
267F53F71AB79A6C48618F6CBC5CE6FEB2A687D31D3B2B7336710188459E2914,Clothing,Saree,US Polo,Black,L
00BD7084E47B4FB9FB60B7D3B5DF5F20342D15047F9A743B764B42F3091FFC28,Clothing,Saree,US Polo,Black,M
5A453D7DFA31031B26C12D723613A132EB2A33D46A9775D50F870003B6EF21F0,Clothing,Saree,US Polo,Black,XS
6FEBB5083846325E2036C1861B84ADFBC6711D19774373741868219352B6A486,Clothing,Saree,US Polo,Black,XXL
2D647F23E221C6DE5F799E174AD4DD12BC47493E069FDB8947D020CDCBDD671D,Clothing,Saree,US Polo,Blue,M
7C3C46E4D3B7A2D153C111B67B78BD28729218D2AF7E0476DD67AD7BB439D287,Clothing,Saree,US Polo,Blue,XL
A0C46C44F7B7402D80FF6A45ACC7E3636DDB8BD7EDFED7877F904681CBF354C0,Clothing,Saree,US Polo,Brown,L
441C442DCDB5398B5FF4E38EA0C0FCCC13E8A0E512D3AE13BD03902AD31F8E84,Clothing,Saree,US Polo,Brown,M
6A477B29284EE99910AF4F40D21210350909484CCA3F3EE26811B58BEA2A28DA,Clothing,Saree,US Polo,Brown,XL
A286F85C35B1BC71F4A3D1F6916FD621BEE958D0EC2BA078ED4B2CB61BC49549,Clothing,Saree,US Polo,Brown,XS
9B5AD594BD8374CFEB7250AD0457E2883C24163DA6F503792DEDB03475376CE5,Clothing,Saree,US Polo,Green,S
6A0ED0F1A85E2617235989A31D8F8690264CB60C45495A8B7614AFFEF6F2BE45,Clothing,Saree,US Polo,Green,XL
66FB1CA71F79F5E37F1713EF52D37EF58A3D9051B04256167BCEE254620916D6,Clothing,Saree,US Polo,Grey,L
68A00B2503419E5C8895C2F46308725268934A5F49D75357D166D7BF29416351,Clothing,Saree,US Polo,Grey,M
A5BA10424315452A691A29E468B25714DEB589AB572AA0A7E016267249223DCA,Clothing,Saree,US Polo,Grey,XS
14B8F72425D0FF6DFA55BB82E1324671BD6FC974C20C73D41C579890F5491BFE,Clothing,Saree,US Polo,Grey,XXL
5925CD23032CD28148390901F70C980D958CDEDF434E652CBEC8C718AA7F0675,Clothing,Saree,US Polo,Navy,L
96ECE8B1880D1F5B7F5BF7BAE8FD4EF6D346ADAEF3F47E0F1A1455C1913E858C,Clothing,Saree,US Polo,Navy,M
B0C0D3370E21188089666FAE61C6F3EA2BD84920747097A7935F505F5B66C4EC,Clothing,Saree,US Polo,Navy,S
9C8ED65578FFB9CEEFE2A9DE5D34D7B41B4028C495EDF01B7B28390DCFAE11BF,Clothing,Saree,US Polo,Pink,L
50E7E2752EDE417A04374583FADC81D7607246D7C91D129D0009107386BA327D,Clothing,Saree,US Polo,Pink,M
19E40907FB111F5E2D37B597A4AB54D0D63679467CE303B407E5BBA501500D89,Clothing,Saree,US Polo,Pink,S
3A2190AA7E84926E563272F4B852C0A647F928685D37FDBF383CE3BCEF3F0AB8,Clothing,Saree,US Polo,Pink,XL
89A21ADCAEDF43FAA71FDB7B8B5EAD177C2E84BD5B4578AF10D46DEF6CFFFE0F,Clothing,Saree,US Polo,Pink,XXL
3959A80AE88FAADF5477D9EFCD1F9E2BEFF3D1E52F69CD9FACFD84844FFBF533,Clothing,Saree,US Polo,Red,XL
0E75831300203B7D40C9BE1A4DE712FE5758A74F3DACABABC70051622CF14E44,Clothing,Saree,US Polo,Red,XS
AF28F110CCC92B91BF2942B0558E4B49EB1CB61341263E9128B5204A1FF299D1,Clothing,Saree,US Polo,White,L
AE234D688ACB2AA5AC668BFB0627E484EF9FFF24BF2B240D055B8F90CFAC753A,Clothing,Saree,US Polo,White,M
88F3480BCDA893FD1F0FBB45CEBB1BEDE1763A530DAD814DD07AC6A0652C972C,Clothing,Saree,US Polo,White,XXL
9C35F6ADFD16310AF62961E065C3EDBED14C6367EE4ADAC76FA200694A4E5261,Clothing,Saree,US Polo,Yellow,M
02F693FF4EEA2762A115BDFBBDF6DC20528067E9E332F2482DBFD639A51D5238,Clothing,Saree,US Polo,Yellow,S
ED4A4FCAFFD126A0E39731257692D0A1F9C4AD353538D83408432D1A299402AF,Clothing,Saree,Zara,Beige,M
60607F4B1DEE4EAF5542E098C387A6AA2BA5B041443EE73D417C25EB24C44069,Clothing,Saree,Zara,Beige,S
AD9E9A2FE8122FAA9C9652C01C3D1EDFA622E63595F57D39BC1854E2DA1DC829,Clothing,Saree,Zara,Beige,XL
475A950AE0D4682BC0649D62462F140A56B50A7BF95530F8BCBD5D577BB85C86,Clothing,Saree,Zara,Blue,L
936CF51C22059C4B19A61B00F1FE9A98D12492079074A2E012B71C1A5BEE43B6,Clothing,Saree,Zara,Blue,M
3C3C349C476444722914401A0EE75550D6EA96304A64AFCA226243757A2CC358,Clothing,Saree,Zara,Blue,XL
8AA941778A8AD91C48E0FB3B8D028A805204C6AD193E74198D911B28BB9CEAC0,Clothing,Saree,Zara,Blue,XS
5FB15C58AA139AC59FA761310F841302A46C42C714E340D43A19FC9489288804,Clothing,Saree,Zara,Blue,XXL
5A6EA81B46BBA806F41F61DBBDAF3299FD9B2F8BA45ACD087329C4E5787020A8,Clothing,Saree,Zara,Brown,L
FE05D6F0FE782159D387194A039132C543F1494B89B88D6CD4CA6FCCE3DFE406,Clothing,Saree,Zara,Brown,M
E8A2D147677201EC8B8151A1BB4523CB1DE24E834D4C4E12636E11FD07756AFB,Clothing,Saree,Zara,Brown,S
501A58A087360835ABA8FCFEDD24C9A38F33DC81A4E50F0208719A3D48EE22EB,Clothing,Saree,Zara,Green,XL
4C1BBBFF30071C45A1F20B03E21EDF96F3A3746A997E7ECF6DC67B75934BF6BD,Clothing,Saree,Zara,Grey,S
83265BF7552C2F9AEC653F33FE3EE38F27A29F9E0483828B388495FFA32DBBD7,Clothing,Saree,Zara,Grey,XL
3540590E7C461C0FC8B581A6DE0AD99B20472C36F68700FD52C1E7D08F9D6087,Clothing,Saree,Zara,Grey,XS
5E56C0AA988C1711B280DE70F9F1740E7A5233E53B57516F68191540576F9CCD,Clothing,Saree,Zara,Navy,L
62A308FB51F3B3FD6B2C8AB26A8F4F2629C3860DF5548D39ED8BB534D0EE8859,Clothing,Saree,Zara,Navy,S
575ED9E6980ABC372CA591FEC73B00140A31AFC592C27510DF35B295442159BC,Clothing,Saree,Zara,Navy,XXL
A2AD5F837ECC9A93AF0C72B3AC3B62490E8C9D70F9C648EF500AC4F295B6E027,Clothing,Saree,Zara,Pink,L
B3BB2A350908FF3344653EAAE52112D735413BB857CF395EFCAA99D8169FF43B,Clothing,Saree,Zara,Pink,S
6512A0DEF1213F6E6054C5DB06C4C2DB3DE63436937272A5867F67A773D302D7,Clothing,Saree,Zara,Pink,XXL
317690494DE9A37E964BEEC580840720BE78589D69E49BF3C0F57EDDA063CEF9,Clothing,Saree,Zara,Red,L
B89954BF1A74151E5091E5326821E7DC4F1473D7112439C36861B0D5A1C95B42,Clothing,Saree,Zara,Red,M
2427B62E27DE99275D1213D527F35D7FDAEEA0C8E4418BC6BCF1F09A18B09F1B,Clothing,Saree,Zara,Red,XS
0F3E3F71E3533E33EEA85E44A1C137DC56210233B10591A5BFF73AF4D27D0E9A,Clothing,Saree,Zara,White,L
011EC1AEF34E001ADE3E37636C3B77C7E81BAF96FB17E809E75C6BCE5F5971F7,Clothing,Saree,Zara,White,M
9060EADC02D540BCCE17BCA246E657C3EC39873F76DA4D06EED31D0D6F640783,Clothing,Saree,Zara,White,S
BB1768CE8606B461DA604DC9FAEA0F51A3610D2BD2724089BEEC5E705F4D0030,Clothing,Saree,Zara,White,XS
FF204A1C0E5384FF6ACC36B18762AF62E0915F481B486CFE7A2BABFB3ECDF830,Clothing,Saree,Zara,White,XXL
EC366688C196D342B56BECF65B8FE18F8F675F6B4C17C969528B4FFEC9D4E240,Clothing,Saree,Zara,Yellow,L
610258D4423C25A0DD36B3D24E1942E9DEE2E9655DC904E4EE806BD1254A3BCC,Clothing,Saree,Zara,Yellow,M
5895E292622F1D9B4498BD208B37CF554189C8D9BF85EF294E6DD35761C07C6B,Clothing,Saree,Zara,Yellow,S
822D77E4CD1FB7A7092D11CDB8BF98BB9DB92DDBBB12622BE8BC0354BBCEEBF8,Clothing,Saree,Zara,Yellow,XL
90C08A8F823E661D818FE0D28ACD6858AF15F4F6818AA3DA17962FD64114A6A1,Clothing,Shirt,Allen Solly,Beige,L
BDC2F9B2CA5183FBF18C5901446221DD9DC17FD681CE1ED252F726C1F4F62727,Clothing,Shirt,Allen Solly,Beige,S
412CDF49169A1E6ED5FBE2A37315710181C299E0D44A93118C7338868BC984C3,Clothing,Shirt,Allen Solly,Black,L
7C264A22ACBB47F6FAED2A7665CABE5D0FB0DC1B81367A70062E619334837A7F,Clothing,Shirt,Allen Solly,Black,S
DEC776E0E4893B68C2ABFE9706BE92EE01D61E726A13C201F65BC323E23E1120,Clothing,Shirt,Allen Solly,Black,XL
4182466484F9A660FAA2D3CE1B708AC75777EA145835ED4CDD54006D69241B33,Clothing,Shirt,Allen Solly,Blue,M
E4A4A171882E9D936A18D8436B8832269972D94D745FB51161BA6930563012BE,Clothing,Shirt,Allen Solly,Blue,XL
517E054C63504589897B40A00FB6C0C36CF7BEC252D30A5BBAC1D677A20C701A,Clothing,Shirt,Allen Solly,Blue,XS
8C2ACA693A48DDA33D56C54CB3AC33BB96914A7C9BE7234AF3E7AC250C4A699A,Clothing,Shirt,Allen Solly,Brown,S
4464BA19EEC07F3280FC2076F3E5F9A639662D687D8401E97765861F3A415C3F,Clothing,Shirt,Allen Solly,Green,L
6DAE7E077375C074CE478352DF3592F4D85607D0C9244AB8141593CFA81560FB,Clothing,Shirt,Allen Solly,Green,XL
FB2AFB539A92CFC0DA0A3A3F3336E115DBC4D195C51B206E1535DAC9B480EB8C,Clothing,Shirt,Allen Solly,Grey,L
5A2E61670903053E665491E364018742BD8C305C95C3A20FB0ADA0172D241A65,Clothing,Shirt,Allen Solly,Grey,M
CB56753AEFA5AC1E7067D450A4096A357EA7466C9E662EC15541393B5AAD29A1,Clothing,Shirt,Allen Solly,Navy,M
4680AD7F5E64454300016E21DB973669BECA332925684B64F2161B9868FB2D4A,Clothing,Shirt,Allen Solly,Pink,L
D9BB989B4294E71C6D184CA3F5DF3ABBADC03302EC49330233E4CAA0EDB08652,Clothing,Shirt,Allen Solly,Pink,M
2DD9BE0703497098149193B3A138440241D04D5E1C351CF29BBF2168714396F8,Clothing,Shirt,Allen Solly,Pink,S
9519C8E3DBCA9AAA08C7436EE96DA735BD9807DBDB5011F0F3526B0EB860A406,Clothing,Shirt,Allen Solly,Red,L
366F8D4D02924540C9420FF6C608D9D879DC14F6248CBDD730044A70173886CB,Clothing,Shirt,Allen Solly,Red,M
C9478BA69792EF6AA91FA5089D1565AA38DE172E85EE7BC41E3D4C9ABAA049C2,Clothing,Shirt,Allen Solly,White,M
B02BC9F4950837EE5EF8CF23B04B063443A2C0A0F5AA1F9AEB64CCAD9C58C580,Clothing,Shirt,Allen Solly,Yellow,M
48BDAE85718D46607BCF3C8352D008B23342C40F7BE52A2523B826688444AD20,Clothing,Shirt,Bewakoof,Beige,L
11A23C5AB45A59D8326EA2905157B9A8021F6B3B75D7B37263722CCE9386C8FB,Clothing,Shirt,Bewakoof,Beige,M
1A60F6CAE915DE4AD561FA768F457C535917CBF9AF5624E16C4C46F070A57E74,Clothing,Shirt,Bewakoof,Beige,S
CA2A1071A85439148391AFA3DF37773CB40A444C26F5F4BA566138EE481E86A7,Clothing,Shirt,Bewakoof,Beige,XL
50FD4557C51ECE9063A20F2A2BF0D5EBB9DFC1ED119CD86CDF472A62A968AA1C,Clothing,Shirt,Bewakoof,Black,L
4A5B815586C9D1B4CC506713728E491EB0328114060C2A89D4A05D64C73D5BF6,Clothing,Shirt,Bewakoof,Black,M
F5F19712FCC3F1A2C7F3B6779D9DD5C3FD6E7022FFE38E7D6B6514F84C144CDB,Clothing,Shirt,Bewakoof,Black,S
5D66040669A9BF050B7A1EA79F4280856B88AB3B37E6D92E3DB580807AB6E8AA,Clothing,Shirt,Bewakoof,Black,XL
0B1A3EA464C8E3F34B25939774ADB58345F09166F920967CE86F208A4380C404,Clothing,Shirt,Bewakoof,Blue,XL
E3CE2A1C02ADE90560F39ECCEE4F064B4D1BBB0186613546DCC66AE18B81FC99,Clothing,Shirt,Bewakoof,Blue,XS
AF1763A2CAB196367A3AE6B6BB5EEBFEDD58481592E06CEF7EB764A7FF105E52,Clothing,Shirt,Bewakoof,Brown,M
CEDD3F49A10720EFF13BAEE1896F70E927397373F8EAB04F8E698F54099A2C7F,Clothing,Shirt,Bewakoof,Brown,S
61157928FB71DAE7868CF207A37ACB500247EB9A5D4B2019DE787A1FB398B7B6,Clothing,Shirt,Bewakoof,Brown,XL
F14EA76FD021188EB11B99BE6255E784199E8608FAEDE98017FF8A8E082FFA90,Clothing,Shirt,Bewakoof,Green,L
CB0CC31DBF2D9B71E4A9E702C4E408BE3312566CE8CD3BD09E208EF2B231F394,Clothing,Shirt,Bewakoof,Green,M
4F396CF6623EE23C53BE88D9516DDCD1024BAE3CFC64CDB509A1C32C2CA2E4D1,Clothing,Shirt,Bewakoof,Green,S
D96BB9FBE54F9666BFD7F8094128F0A1ED3DD604A6BA24FEC5415F0A3C4D8D81,Clothing,Shirt,Bewakoof,Green,XS
D0E2B3BED28AB28E83F7A817BBE7FE03ED36B430D51858E47896CA926FEA2D22,Clothing,Shirt,Bewakoof,Grey,M
15EBFA7FF2181FC5A83A78A7A2CF391B0368F16D3F1A90BF977AADEAFD89D242,Clothing,Shirt,Bewakoof,Grey,XL
160F8B3AA15520215BE809692E26733F0C5D529B3153D409E6432086C4B5ACBE,Clothing,Shirt,Bewakoof,Navy,L
78D03CD6DD315F37C44311D477C75319241323EE188812080D8FA5A2E3D65F28,Clothing,Shirt,Bewakoof,Navy,M
F7E9DC1F71D7A651090B0AFEC1018E6A2E215AFAB513A41A27C820056EEDDB7A,Clothing,Shirt,Bewakoof,Navy,S
C2CE00E19F32B06B89E93F545712FABB15E0F44B9AB3F5EF5722F5D37E6CBF80,Clothing,Shirt,Bewakoof,Navy,XL
140AA6F54698BAD52255B21CDE8D02E6CE246EF80CDD15B763F1C352625794C9,Clothing,Shirt,Bewakoof,Pink,S
54B888AF20C2671DD1C457B5642F1DEEC994B3C73D78731507340903EC479BD6,Clothing,Shirt,Bewakoof,Red,M
DA3BB06092D9C1BE1055F594BD40BEEE366C6383DE13287BD21737FEF31BA304,Clothing,Shirt,Bewakoof,Red,S
2D040813F704CA882CBAD6A218A3EF6B5CFF634F7613B4879EEFE52CB524F7AD,Clothing,Shirt,Bewakoof,Red,XS
5075AEBFB84AD9A301A3AC69DD312B8A6962F9824A792DF4B00476E3079E5B68,Clothing,Shirt,Bewakoof,White,M
225C35F48B582815D70D0D6D9067A7DE9B8E69ECAEE02149448D90555C9E3E56,Clothing,Shirt,Bewakoof,White,XL
3A3B9B322854F77CB1CAC3A4E2B3F02EE90F966263E06FE6A49FDE365FCD9CF4,Clothing,Shirt,Bewakoof,White,XS
D9566B3F575C0631AECE12A6AA5C3FD8F4192A84044CF4958D8C2630BDF2AA8A,Clothing,Shirt,Bewakoof,Yellow,L
F3446E9A9D8250479EFF08C91CB3F31F44D7422A2733E395D222C36969CF2B64,Clothing,Shirt,Bewakoof,Yellow,M
6488EECD4CB16403A8E49D8B428D4A634D247837A4BDC111D92DD7BDD03DDBEB,Clothing,Shirt,Bewakoof,Yellow,S
A8822F44145239BA5367FE2104F8FD5F3F7FEF370D88BB305613545F139BDB47,Clothing,Shirt,Bewakoof,Yellow,XL
8BEFB1544F552D0101E94CCBAC674075ADFEA75B21C3257A2A8920E98D92CE0F,Clothing,Shirt,H&M,Beige,L
4D9143F5720D571EA650FFE436B80D1752532C5329B2E18F3359F2A51A3D2BDF,Clothing,Shirt,H&M,Beige,S
C75E23D74BC509B4E41F1784223AC704C3658A65CC11C40AB7F3058F2DA0FE64,Clothing,Shirt,H&M,Black,L
0AA3684B5B2B7DE8C30BA10FE5057791079A8092C925E2D3AD15D65BA1F58ACA,Clothing,Shirt,H&M,Black,M
D30B22481E4775A7C00669E2232F5853610811A80F80AABF16586102F7E3425A,Clothing,Shirt,H&M,Black,XS
BA2CC5704A9E87679D53782286405C8C83BCE56A7C1CA6288C9B3C1D491E63B7,Clothing,Shirt,H&M,Blue,L
69B315829E2241E17B157E04D2DD6ED6498ECD9C94D0F7E2CD5FDA47894C41CC,Clothing,Shirt,H&M,Blue,M
1B19E96B55D7BC77E82293797156C3E9FCF15266C6D53449321A486B3AC71A8F,Clothing,Shirt,H&M,Blue,S
1CAAE905CF8371CE75D238C1D3E4E566AF524F54185C2235FF53525DA97AB1AD,Clothing,Shirt,H&M,Brown,S
2D14788CAA9A83EFC1CDF25F15F289419D99DA6C1F8D54C1E58EE3FEAE504C22,Clothing,Shirt,H&M,Green,S
FA507A0957ABF5C8C76FDE53594D8843DA2DD0105E387FA0DE1C098694CEF417,Clothing,Shirt,H&M,Green,XL
BBAA3B7385BA987C9433692916993010D5C4AFD9AAAA803FA39E3A0C4E24FACE,Clothing,Shirt,H&M,Green,XXL
B4F94DE451635673224E4A768DF7E9F4BA0929BF0D62743A378D1B18466F4302,Clothing,Shirt,H&M,Grey,M
99CEC2749FF7DFA9BDA6735BBCB41D2F527442DA8ADAA071D462A74D913FEDE8,Clothing,Shirt,H&M,Navy,M
EA0CA6BF69704C4DB0D56C631C283BCC39072218E685751B833D36C6B15AA89D,Clothing,Shirt,H&M,Navy,S
EAA9165681BE969108E71DF3BF6A447F1A34A98E1C6C00796F35135703504F2D,Clothing,Shirt,H&M,Navy,XL
FF8F9CA0293591792EA18B1EF8C7445CA57DE20C9FA2FB3736AD01D475390EF1,Clothing,Shirt,H&M,Pink,L
C03398F355EFF456109CFCAB7900CCC1BDC258C5A245430CA25CC1D55B631CDA,Clothing,Shirt,H&M,Red,L
E244CC3B4861EBAA79B976FAAB25D5D7820211E13582235C174B778969788077,Clothing,Shirt,H&M,Red,S
33371B4CB11116F4B10BB4968C12AE5625935721BB2294956D7D99AED02F4D8D,Clothing,Shirt,H&M,White,L
506F20ABA645F67B9C4FB4F9F091C54A9B705F4C98C5D8B87F2167DDAD79A090,Clothing,Shirt,H&M,White,M
BFB7E5525850FE06CC358E207E949C8FA09D7CB11823F9ED003B258E8FE68155,Clothing,Shirt,H&M,White,S
9794B4B35F65D735F6E0B6813702BB4E04678B8FA7B84D4D51C8A2C961621FA8,Clothing,Shirt,H&M,White,XL
F5172F1B8EBAD3990E0009D1F080853D3F84754F67126A4DEFDF804D64A363DF,Clothing,Shirt,H&M,Yellow,L
3F5EAFC9F155771F0322F83604D2BE3351E843E9F561FD94D7092D66CDC7BFA6,Clothing,Shirt,H&M,Yellow,S
B8BF09DBB23BB7FF634FA8F89A73ABDE4E4BEF05B58B6FC7B8D930E4975AB767,Clothing,Shirt,HRX,Beige,M
9BEECA3D81FCA9928DB7E374BD15CEA5E0B953E433E63142BCCF0083FAF61B3E,Clothing,Shirt,HRX,Beige,S
2A70249F530921F257F518650BEDB1064CE2CDED3062E165BBB7A44FC4397B21,Clothing,Shirt,HRX,Beige,XL
B453CEFC51D8E3F81A3D5BF854600311B8725CBCD54F5B7FB1163D0FA30C3807,Clothing,Shirt,HRX,Black,L
0C98AE2CE8E88278B009D9B78A0A59CA525890AAECB5AB4FD3357F5D05585AED,Clothing,Shirt,HRX,Black,M
48349AB69FD7DE531B4D07A67B9C1EA028E0F2AAE02DF1B248DD94FCEBD81F45,Clothing,Shirt,HRX,Blue,L
63BB5805E9E3AF66EA591D59DCFE91716F0A3CA53808AF380AC57329697523C2,Clothing,Shirt,HRX,Brown,L
21F3B4299702E49F3F737AD7D27D0EE5779B18A540D17B8F875DA916761BBBA7,Clothing,Shirt,HRX,Green,L
9837F80401ADD3440AF7D1A5EDD2C14F82E4F1C283F6B7BE55F1CDB88C84DD1D,Clothing,Shirt,HRX,Green,M
E66F5DF12BE1AFD0BA5757D5B791ADBCBD8EFEB5F3548EAAC593D6E0F578E860,Clothing,Shirt,HRX,Green,S
6BA05B84E6B593FA3929B8728B589B7EF6C0CB4DB4B2214403CFAFDDC34BE4C7,Clothing,Shirt,HRX,Grey,M
673A4C87F471E6252C13FBA478AA42C01A3AE7923EF6B21259949BBA9ED4ED6B,Clothing,Shirt,HRX,Grey,XL
5A347F717F93DD958E9488F7EF9A386AC5B8D4BE86B204B043A485ACDD2826CF,Clothing,Shirt,HRX,Grey,XS
03481E81F19A84AB1B9DC22CE478D9FD0524ACAA6DDF083C8E21666FE307A25D,Clothing,Shirt,HRX,Navy,L
6FE3FDDFF9410710B59ADB3ED543A980960DF500B63408634C06D0E87FB1AB0B,Clothing,Shirt,HRX,Navy,XL
6E8DB57B514F2313633CEE0E76A2ADB97C70A8387B44BF2C6A3A6B6F108E0DB6,Clothing,Shirt,HRX,Navy,XS
5F1D6C28EFA233ADDB88FEF3BD4B56C33F37F942998ABFDF065798FA86FBB8A8,Clothing,Shirt,HRX,Pink,L
6EBBFC3A0A4FD7381556464CECCBBF809C41513755704DE3B4C6ADF2F190D622,Clothing,Shirt,HRX,Pink,XL
CB1A78435FEE302CC830D13A5A6DEB2C6268C108C3CA0ABC91026FEB3CFC64EE,Clothing,Shirt,HRX,Red,L
D2B01C39E41F673C0A1E90C81855FA77DF68BFF555DBEF9665EE3B147EBE23D9,Clothing,Shirt,HRX,Red,M
40ED81AA2DD8E80BBC9340A559BF98113D8D4B4213DB0B2303E6B0C0D4E2E537,Clothing,Shirt,HRX,Red,S
2BDB5EE22BA10696BAA0BC44C4C98F038299E8E73A7685DC8B68622435522D19,Clothing,Shirt,HRX,White,L
8DE98BF1696F890D5134B9ABC63F62CC1CEBC73B275677044D6069548AFC36C5,Clothing,Shirt,HRX,White,M
59CFC79C61EF16D66819EDCC7D8C88C8F322D68253AE51482132C99E9F087909,Clothing,Shirt,HRX,White,S
BD38E4B4D6A893C3ED3A94B09899954E9B642E7DD612EB0F3B8DC3063FE58B1F,Clothing,Shirt,HRX,White,XXL
A9EAE36C7880BB34231ADF0384DB6AE1F5A4A0D0FB2B8189BF0D99440FCBF413,Clothing,Shirt,HRX,Yellow,L
ADA3B7B358E8B7B80501C6DF96C9736318AA43129E765A903171DD2502B1EFD3,Clothing,Shirt,HRX,Yellow,M
5330C9B43AB1A001AA172B642A4A364FCA9B5B5DFA4D65E9F1E1117C2F8235B1,Clothing,Shirt,HRX,Yellow,S
64FD5D9927D4EBFEB0EF89AD7E936F6F87416EB68B10598B28465F1508514680,Clothing,Shirt,Levis,Beige,L
3EC4785B3BE0A3C0331C591B8BB8C30FCD7E618DBE3C0643DEEEEF461EC979C8,Clothing,Shirt,Levis,Beige,M
BC482D3CE96BBC0C7B5749B63E423048D39AACF9C7BC085DD2FA0B0DEAB3C4B7,Clothing,Shirt,Levis,Beige,S
7140D767164C6D5F2A3192599816F6B28441C32661DA3CD02BB6769E4BCF2575,Clothing,Shirt,Levis,Black,L
43B1F1782EAD43E551C97B04A7BAF447E4550138503F10CC2D6BE240CF3F894B,Clothing,Shirt,Levis,Black,M
FB329DFC583B26F09F6298F339D5DEEFAC370B545DEF432AB8F3B978B63E8B0B,Clothing,Shirt,Levis,Black,S
640C7BC2550F404EBE2675E67084B0CAD657AEDA57C8A43B558C7D44A8F0ACD1,Clothing,Shirt,Levis,Black,XL
FBD002139FB264F58E5A65410718224825B3383E968AFA799A3649FD764A3E19,Clothing,Shirt,Levis,Blue,L
CB06A1222DD807D8F67A6392784558351D0A9E070E33BB1F7126AFA9967E1DF3,Clothing,Shirt,Levis,Blue,S
72B8EFD17520FA95385E63D16612AF715E080E6A2D176611A5C24C057C83721F,Clothing,Shirt,Levis,Green,M
4625ED678DA018A23623088B25B6DAED5B98FABBD80362DEBE78A28AECF1C684,Clothing,Shirt,Levis,Green,XL
CF92280C59DC3C717CA6715EEE427BB590731ABCC9EF7BF23294F7B7D7DB9368,Clothing,Shirt,Levis,Green,XXL
1E7D58D47425BCEDFBA2BCB9ACBBAF88856F965E1D38F3BC12D6030C4692F2FD,Clothing,Shirt,Levis,Grey,L
45D247547495EB869D0601F7CC0BA8B0E8A3B4F6FDFF3900A06755E3D35C24F3,Clothing,Shirt,Levis,Grey,M
7437BE1D65E59501842C3E763E9054A5835F23CCAC9D9824DB0F8BF128DC25E3,Clothing,Shirt,Levis,Grey,S
463B3D1E02B010100387D3B96F446F7783F1955EAC971BD9A90311104478F697,Clothing,Shirt,Levis,Grey,XXL
AB81ED075FE5DB9FABC549CB379D5ABB9A531DF633138E5B80C8109F88C0CC73,Clothing,Shirt,Levis,Navy,M
080EA72C51EF04840578DBDAF4F3396CF457E468B0978D22AC67860C95833327,Clothing,Shirt,Levis,Navy,S
8328E7FF6E4C453409248ECD0901896E26B9B8EA404B39E6DCF6BB9D9069A789,Clothing,Shirt,Levis,Navy,XL
2A654194745CDA1F598BD13C38B099A445531FFFA35D02821D6AE2160D249A9B,Clothing,Shirt,Levis,Navy,XXL
67DD297188C18AA5801705600E87C5526C26674DCDEF7DBDF2010E5AC00E9864,Clothing,Shirt,Levis,Pink,M
21A5C217E1962CFE9277B1B5575691AE65F2469A08EE3E10A8A1CC05667CCBA1,Clothing,Shirt,Levis,Pink,S
9CB290802644D0553B33DFA675141D8081BD9475215353F772A855E5B1EF2E9C,Clothing,Shirt,Levis,Pink,XL
60B9AB1361DA71F32D6E43A5684169D400026737054B83887F66774B73D2ED28,Clothing,Shirt,Levis,Red,M
59BB89DB146065CC336317EF4DFA4475A7A5C2DD431E42EE945E4E5DC6B79D7A,Clothing,Shirt,Levis,Red,S
2E325863374C0C295195EF0F7E9D017D4AEBC6241C264E745251375590B3C631,Clothing,Shirt,Levis,Red,XL
F55FECA596A1DFBEC2DF07038208D154F2FC2A300A7BB1A98722BF0A4C72159E,Clothing,Shirt,Levis,White,L
91C1509654E2F0131D7E0E75B0C62A0208F89306EBE665A71A32C88131C1CBE6,Clothing,Shirt,Levis,White,M
DDF36B250FDDE8002497D98B1B47176884B51B1D7ECFC5F3DEA65547F7DDDC03,Clothing,Shirt,Levis,White,S
11EB0F74585C7D07EFA594AF9D043062CA2894B451A6C6956D6438E41FCB303C,Clothing,Shirt,Levis,White,XL
76482F85F945B0619C793739F854C4A2096F6BF084AF946B694AF008E6FD8FEA,Clothing,Shirt,Levis,Yellow,L
AA4E22EA9D30450AC6C49848D534D4B6E945F0AD9475579DC2748AAC403E5B83,Clothing,Shirt,Levis,Yellow,M
E307B04DB3FA0D6DD87CE4ED515013A794A1EBC2F1141CD7EC82988E739A992F,Clothing,Shirt,Levis,Yellow,XL
950C17DB2B22ADB9EA4035EB62ED5A08A068771E4612D3E1D6710392E6615430,Clothing,Shirt,Max,Beige,M
A49EC6D4B08544106DF9F5ADC1E14DD3F75D324F0397DE7085821C56E1F1D357,Clothing,Shirt,Max,Beige,S
53AF6354E824252A2C86BCDBB8DB6E87795477D71E6366BC764E61BE9CA5C436,Clothing,Shirt,Max,Beige,XL
6C16F501B1AE0B0437A41BC6D935E86DB8020F88AF48648DFB73B415575C7D69,Clothing,Shirt,Max,Black,L
B25450A8C77CEC6CB22B65FD119D12CFB7AB1A932CCFB831FA60D49615739954,Clothing,Shirt,Max,Blue,L
24394F5222FA88B9820442AA0E2D749834F5215218CEFD6C37EDAF0CDF2ABE21,Clothing,Shirt,Max,Blue,M
3D6A70938D0E3D34116C58C334CEFD6D7494A7544B7FE10C39FF2F232F448BB8,Clothing,Shirt,Max,Blue,S
51B78A98C3B683004D8B99E984D4CB903FE056D2BBD1370FF46B75F099097EC8,Clothing,Shirt,Max,Blue,XL
B00DBF69FC52C2A7A0CD60C08FC9F803B1106BD14F7B0A23AF43B79829EE3428,Clothing,Shirt,Max,Brown,L
9EDC655F5DAA059B43095906C0A78B161DF257F49763BD81298358E465E3C05A,Clothing,Shirt,Max,Brown,M
A6F4C5BEE0E94A92AB81CFAFD1C314EE9D5B67C9C6F5CF9F089E32080E6E8789,Clothing,Shirt,Max,Brown,S
302547FE5FB20D9AE73ABDCA687E80F9220AB3BE18E9882B180D979067659D2E,Clothing,Shirt,Max,Brown,XXL
048A300D5146586422CD28B4F52509E87DE2E5CF4A703DCA161010B5517B909F,Clothing,Shirt,Max,Green,M
D60A1E5A13A191955B9990CFC5EF8AFEEBE2BFF020DF0DF04B25B0073432A5E1,Clothing,Shirt,Max,Grey,L
66A13B034D2607AEDFDCA3555031E1CCB7E242BF68FFCE5ADEFF8CF190E2F482,Clothing,Shirt,Max,Grey,M
7E1D180DE669EFEEC2F7BB4607096BB4C0C64E73F0ADB39DC9D3771D8D481CBA,Clothing,Shirt,Max,Grey,XXL
A24FF73B07CB91EFED064A1BDC1EEC5D559B22BBF382FD1995ACE4E5F190B836,Clothing,Shirt,Max,Navy,L
B343B34D753D201C64D34C2C4A96363D05323A6B0732AF7443E2A76A9EB5131F,Clothing,Shirt,Max,Navy,M
3F53EC852F2CD641EC3AD64C44BFA9CCB73CE449E92C20AD097326CFD883ADA0,Clothing,Shirt,Max,Navy,S
D67ED3212CEE2AEE52B27CBD4C62B31C521043A61890401040C5E8A17AAB7E49,Clothing,Shirt,Max,Navy,XL
154D29AB7495C5762223B672AA3DC14D86F458FB16B2A987619671436F0EBC54,Clothing,Shirt,Max,Navy,XS
6C3FAC355913EDA4767B4B36980BC7AB8A7914FEB88C88A163AC46EA233EAF70,Clothing,Shirt,Max,Navy,XXL
E53AD675AA16D2BC89B7CBEEED5C1B73E7C96186E4AEF55F847847341CD65588,Clothing,Shirt,Max,Pink,XL
B11A91E56C9BE806188BA10475B123F08EBA069382E5EE9FE54E9D3513CD8DB6,Clothing,Shirt,Max,Red,M
1EC8E7523F05BCD044005EFACBF0BD8B5C80AE5BB1EA32BA7F48AC3A2A58F306,Clothing,Shirt,Max,Red,S
94F267E5BFFFDF99ED145A549E602271EBAE928C40DBF548936F9C3A6FAD2708,Clothing,Shirt,Max,Red,XS
E09346F72FA25083131AB1A2C4406B5317C0E808CAEE078DEECC9A30275CF159,Clothing,Shirt,Max,White,M
2B55592CF8ECAE47091D329ED0CF226EF0FFD2592B02E4F898FB1DDA0A4F4406,Clothing,Shirt,Max,Yellow,L
2AB076B41F4253BD602103DD37036B97CE5F0E5EB000D95A4FAC63C0212079DF,Clothing,Shirt,Max,Yellow,M
1F2282608109A0AB11FD22FDCB1700117C2008653171C46CEA97663C04E5745B,Clothing,Shirt,Max,Yellow,XXL
44D9B7EB3FB8F8767F6948356D599219883C2D71EAACC5E4845AE875C1026396,Clothing,Shirt,Nike,Beige,L
1D443B88BFB443D5EECD261E15A19424F52D90C1CAB77C02CD0CF42F3A720AF8,Clothing,Shirt,Nike,Beige,M
6E34B0B9944E2629559148A34C4F418FE3411471088E3CA60B2445DC0BBEDEFE,Clothing,Shirt,Nike,Beige,XL
E7D5154334266F1CF9A6D0BEC458458B2D7E2CD3B7B6E6491AF0E5ECF69198F6,Clothing,Shirt,Nike,Black,S
E60A9CBCEE948D8C2B68A911186BC2473B7A39C7DF31E147A685339C058B5E1C,Clothing,Shirt,Nike,Black,XL
0EC30AF3BBEBB51B27F77B29F11DA39F57DA926DF91A15F8D4D85DDB5ABE92F2,Clothing,Shirt,Nike,Blue,S
D37C1227B7C1F5C2DDB0AA7E2B979D6CC7DE99A26281A218156D3E1E8B3B4F2A,Clothing,Shirt,Nike,Blue,XL
2A5C4CF01DA3D37BA51DF4E83A01CB084967788F8EBE362AF3A2BCAC100782B3,Clothing,Shirt,Nike,Brown,L
ACA22D078ABD187CFFCDA2F6D4D40F546616F166D20C08319B46FBD5579E42A8,Clothing,Shirt,Nike,Brown,M
54D39C38C81214315E73681BFE8525D0041023D10B874D2B5E1CC8F5CE212CEE,Clothing,Shirt,Nike,Brown,S
82301D33DD251A8C3BEF18D7C7E44EFD712036E5DF954E7891DC4D186E1BDE7F,Clothing,Shirt,Nike,Brown,XL
D562C7E632FE6AA216B2B6767E159E3387101F558FDFECB687408B47D5C13D19,Clothing,Shirt,Nike,Brown,XXL
C89673BFB30B37585D73BD705812637FB63EBCEE4DE4A0DF41244D255FCE6F42,Clothing,Shirt,Nike,Green,L
CAE51CC9562D0B02EF96D13616FC318BAE69D1D284009AF7F9632152F9BF2D84,Clothing,Shirt,Nike,Grey,L
CC243F0E900EE67473E782A74DE7568FA02C32249DD3E222A9E14A5C07D12D1E,Clothing,Shirt,Nike,Grey,M
B51DB87B96EC81DB2363B1AC293334C9A9BAEA1B51004177DB200CD56A07745A,Clothing,Shirt,Nike,Grey,XL
41854DEA7E7545E49A201DA9DA11711B60DCABBECB904BA170EF6DAB5AB31CE1,Clothing,Shirt,Nike,Grey,XS
ED795EBA685DE72DAC76D615EDE4C733AD64947AF9CFF6BDAF4E64B84875BD1E,Clothing,Shirt,Nike,Navy,L
69699959AE9B330643A0A1C3B0A081F689714CF17D7F3B4D178EE097F23BDCB8,Clothing,Shirt,Nike,Navy,M
71AA1589DD16B7A37DF92ABD5785246E657E2C79FF6C7460480C74DDA1772BF7,Clothing,Shirt,Nike,Navy,XL
A43CCDFA5240B6E50D4C9FC2120276F6853744DB5F55A4D60CF093247BC5603A,Clothing,Shirt,Nike,Navy,XXL
4D6C4C176059FB932AE16966BC2EBF6A37968558E97D82E944FE3A865A2AE0EF,Clothing,Shirt,Nike,Pink,XL
AD71EF5F384572B4572320D28FC463C69B093C57652DECC1BE75C06F35E879EC,Clothing,Shirt,Nike,Red,L
B8AE4939130A39862E105498798EAD8C6F6449D472869861608CF5672B6282C8,Clothing,Shirt,Nike,Red,M
5B2E04444516978E3F96F0AAAAEA40EE1F345CD97A5104F6B3AE9A35C5C9565B,Clothing,Shirt,Nike,White,M
FBF9E5407CCF6128D72CC1199686B1D20D2297E0CCB4A9C2A092434FEB0BA5F5,Clothing,Shirt,Nike,White,XS
1EBA2455844F7B4B6CFFFBE3362AB9E94B1325F06893750D5BAA40236384835D,Clothing,Shirt,Nike,Yellow,M
AD054C85A9B47C22544B038DCA79FA29ABB7F21B70E54A0868E64AF4925ADF03,Clothing,Shirt,Nike,Yellow,XL
7FCB78A89202195FEFDF5433026E863611DA16B125AA252C220C3C9B58C31D34,Clothing,Shirt,Puma,Beige,L
689E273F05CAC010B03CFD5C61F6ACCE063AE18A134CEC291596A62C2CADB854,Clothing,Shirt,Puma,Beige,M
91C6678BE595535C6F214E39BE2BFC0FA12772DDBD5EE9ED95798B795EEB496E,Clothing,Shirt,Puma,Beige,S
550A849E79F92B873D229FEA665D3602CA0C2F3A13B6409CA67017D2933DA5F7,Clothing,Shirt,Puma,Beige,XS
54A99C9105578F49CE0D196364FF5E148AE8F850BADC22EDD8624A2D73ABF975,Clothing,Shirt,Puma,Black,L
F250F773140502B72C5EE87D0B8568943F0983FA0D01B0109D11075AA08AD10D,Clothing,Shirt,Puma,Black,M
C5AFF6DBDEAA460355F7116360C2BB7E5A1FA588F460E0E6AC9772A9B5119465,Clothing,Shirt,Puma,Black,S
C9B62183B47D5C340AD43955D86B11A0820A2FD8F65C0AFFBF121BDECF77ED53,Clothing,Shirt,Puma,Black,XL
E67303197C667A19077964B5CC2B9734C0B3E476785A415FD81D02354F4D8124,Clothing,Shirt,Puma,Blue,M
200B080CD04CA6C892B9D8C62CF0085E7A5A2CB72B712B0DA665A225392C47F0,Clothing,Shirt,Puma,Blue,S
2CD85EB04D7BB3C8E22790A940783453FF8FBAA7C4D0C88F866302F98EE22A85,Clothing,Shirt,Puma,Brown,L
93DE7521A8DB005EF044B030CD359C90A7596184123DD4594DC26F3AD66B532B,Clothing,Shirt,Puma,Brown,M
85E30D417CBE7A8CB2643499F8A2F77A3371F7C253AA7CF60F562F09DD1DA74D,Clothing,Shirt,Puma,Brown,S
B2D6A2F2C1B506B7284FA795D93E95F2085CCA51BDB715D8E6A028F0681F70C0,Clothing,Shirt,Puma,Green,S
325D9D488AA0494A3CE3CC5D42977A73F420D2B06BAC92EFF2C87107FF2CDAE5,Clothing,Shirt,Puma,Green,XS
277BC627A183A66CAAECF51B1CC2A27AD2EA2CFE2AB00011AE02A0A083F1BBB3,Clothing,Shirt,Puma,Grey,L
B6F8EDE82DCC17A40FEE88DF7B93758879504FF977AFD5D067AB7F599586FB4B,Clothing,Shirt,Puma,Grey,M
F7CF0051D00C81FD8A875652B35C7E8E8AE855D64A54B5F318CC02DBE6E0C6EA,Clothing,Shirt,Puma,Grey,XXL
DD89E6274463ED342C8D1141B2B261E87A01313DEC8582C6A7672DB68484ED57,Clothing,Shirt,Puma,Navy,M
29753A51B748F0652EF7C2E2E409596F03772172DD27ACC298BC0F74DF784F31,Clothing,Shirt,Puma,Navy,S
702E3A170D3276CFA6B819D62E2460DA6B4D2457B0A4652DD53542E3219D0532,Clothing,Shirt,Puma,Navy,XL
9D7D102449C0F358E9620127E9CBA51649237C6B8F86D9D377F954D4D59C7C9A,Clothing,Shirt,Puma,Pink,L
CE21146C81211E7670EF126BFEE298D8231008124E3419CC20463ADCB53D22F8,Clothing,Shirt,Puma,Pink,M
A5E62E845D7FB7E6A7AC2B32E4C504BBBD5088AA10C6D8794DEEC8672C0AB262,Clothing,Shirt,Puma,Pink,XL
E51BF960A60DAF0F27136FE74F54D889060AE429C3A7C361DAD9585705A8BF7B,Clothing,Shirt,Puma,Pink,XS
83FAD9D8EE16D40BCCB97BE14136F1C6596140AAC6443E70F5F9D3BD939E30AC,Clothing,Shirt,Puma,Red,L
266439FEE0EBE2C026CF0BC3C1358F866AADFABF35F2C70A04B464A963C6A182,Clothing,Shirt,Puma,White,M
7448EB08982FF584CA56236AEFFF5778E9C323082825F67FAD8400F839A3063A,Clothing,Shirt,Puma,Yellow,S
B14B0F2F7444DE848E0D8EB133FF6886860E7915C8DFCDA240D99E244947A400,Clothing,Shirt,Puma,Yellow,XXL
6F2D4809684C393C7CC9F710481515A9E5AE297657EB5A1034D43F346FEE77B8,Clothing,Shirt,Roadster,Beige,L
6B4BA6FACE126D7204FD8F7D3915AE58B75C832DB82F3FC5A5C412ED04425341,Clothing,Shirt,Roadster,Black,L
14D43216A51F1F31D5B91516F7FE4D6464D6B3F3C984C4EE12128967AE0A9883,Clothing,Shirt,Roadster,Black,M
E3D87F69FADB486A3DF698CA76D314F33E480C84F84361A65A3E3E1D05FE237B,Clothing,Shirt,Roadster,Black,XL
CBD416F7ACE2975E9C14A66B2A4A0219330073E2EF9B8E28B9AD3346A34F25EC,Clothing,Shirt,Roadster,Black,XXL
A735936EB96439BAEEBE3C320E7D3CB2835804AC1B3FA8C8B96DA9C0888CA095,Clothing,Shirt,Roadster,Blue,M
3262E4F5CC9940E14384E3BC4A8A3F12C031B2D23EEBA531657CA254717D2BA0,Clothing,Shirt,Roadster,Blue,XXL
6B5005EDEB76335CCD589593FC9C429D86843C77AE01BA037D650BC86F633BB0,Clothing,Shirt,Roadster,Brown,L
F95CF865BA55D2A3DBE4263CE0CDF246853EA9DEF25B6E62567E72420344C359,Clothing,Shirt,Roadster,Brown,M
BE3F17B7CAE39422DFD47E5CE426323CF392C0A38478FDAC0B4825D35843A9FC,Clothing,Shirt,Roadster,Brown,S
FF68846FA0F33481077AB6D1E17D24A7502608D8714DF9772C1B067741EA75FB,Clothing,Shirt,Roadster,Brown,XL
6147A5F5B62660B451DE7EAF8FE3655663F55057735F26F5782DF39C160252B6,Clothing,Shirt,Roadster,Green,L
D99F93C09C059BBE8C9076BA1C906935DC1A1664B0AA68C9AF74850B2A03FE32,Clothing,Shirt,Roadster,Green,M
5D864966D9A1B60A593437256C54BD7DABD9C9145E7510DC7E0330B920C3ABB4,Clothing,Shirt,Roadster,Green,S
CCF5B3F7D67B2DACC38156BDA981A209E16628DD28E4574A9E31BC44C8257D2C,Clothing,Shirt,Roadster,Green,XL
5501D748CF2150B299E113AC7ACE3D35A73412186770653FE2A60D5D40C7C557,Clothing,Shirt,Roadster,Grey,L
AF571AE28015F9CC22A0B6C7A92D97C9E4C98D5291D1F5522D8D72AE34EC4D5B,Clothing,Shirt,Roadster,Grey,S
A4295FC5D93F162E5D2FE9AE7CEF310B4C47EF3BC0C90147EC8B5722DE0FF4CA,Clothing,Shirt,Roadster,Grey,XS
2F0DBD6B92DFC613AD8EEB13A6C7517999DE760BAB4B055313DFA2AC9A74EAA8,Clothing,Shirt,Roadster,Navy,L
9221FA8D3508A46F0AFA56B5ABC1C887C81A620FC889B586A17DAEA393CE9C5A,Clothing,Shirt,Roadster,Navy,S
853D45FEDB84123FB6C2C0BE570424D9690B9A091336918BF08EF9D7D383DC44,Clothing,Shirt,Roadster,Pink,M
68E4EB738DAC96C22DD25392E727C87E6662A40347B6699D409F88008D544C9F,Clothing,Shirt,Roadster,Pink,S
302A7CF92E765BBE211E7372DE3A79CA92CB5A2F4CB9782BCDFB89C424B08661,Clothing,Shirt,Roadster,Pink,XL
F9C9B61841B6D6A2550FC761AAE06277D11AD567ABE7EFB81BF9D63665B119F4,Clothing,Shirt,Roadster,Pink,XS
B5102F2C2F27450B4F60AD555779E408F7022273749EECC07E428F599D093F29,Clothing,Shirt,Roadster,Pink,XXL
28451E8F861437061B8155A2458B41831237AAF912EFA33117E15AF8B7FA8EF8,Clothing,Shirt,Roadster,Red,L
4F93062CA579522C4601B81A2C39F257AE2AD87544BB4EE87A3907CC6C3EF590,Clothing,Shirt,Roadster,Red,M
937C85A4F2DC6D6A4706AFF32DAD5F66A3D7F399AE9D164A9F7779ABB5F99B47,Clothing,Shirt,Roadster,Red,XXL
029B2634C9BC649EB220B465FD731BDF8726963D370EAE2471F10B7DFF69F73C,Clothing,Shirt,Roadster,White,M
364545ACD2D0FC3A4576D805C9660D02A640700DD577C06656A31C8073073A5B,Clothing,Shirt,Roadster,White,S
4CF62CDD5F864A84E226DF1C8EF75B6919DACE11552BFABAB70098E5E7272926,Clothing,Shirt,Roadster,White,XL
16BE7CB409DF6701D42D45740AF0E2B1AC91A22F82D0BBAE612D68314B070B5E,Clothing,Shirt,Roadster,Yellow,S
92DD194895EF944622CAC0A6D3E14BE97087B2AAF0FE258D740F429883589257,Clothing,Shirt,Roadster,Yellow,XL
EF839D448903F60AA1E4106445C6D4E8B3CC0D2E1CCFC30BC0CF3A7B8A770B81,Clothing,Shirt,US Polo,Beige,L
403D9663D9BF05253E94DDDD49AE5C7AC6A2FE246BFC010D6859902DF5524068,Clothing,Shirt,US Polo,Beige,M
EA35F52B1763291E60AFAFE2294D01D01D1D07483E09D2480EE26EEDFE876BED,Clothing,Shirt,US Polo,Beige,S
8319E7F89EE4F0C25165AB4B800E8BED5342F04A8AC5684DCC18869706E3F178,Clothing,Shirt,US Polo,Black,M
6FA412F604E7230AA9A85766C6E9AA5E7663C5E7016647ED19BA5C1838699FA0,Clothing,Shirt,US Polo,Blue,L
0844205D0E94CC2B90178FB7EEB4C39B94E035935E86C82BADA50559302CC958,Clothing,Shirt,US Polo,Blue,M
471659CFE2355DB417EECE533E06F88ED2F31D7C69909796762315942B10F251,Clothing,Shirt,US Polo,Blue,S
AB7EACD9567DF00927522DD80F39810B997B769287521FE94D8FC9A743CBA810,Clothing,Shirt,US Polo,Brown,XL
879431F1EDE300F62D10D5594F80B0E8B1087FF35B88EAD320F215DB2637C578,Clothing,Shirt,US Polo,Grey,M
83EC8BEFC58D2CB478DF3C55FBEDF63A14F417FAEB2F1B589148EC5116886AB8,Clothing,Shirt,US Polo,Grey,XL
178B5BC1F7D8EF1D2AD94EED23D0860B3495AF60DE6B37D0A1BB6223DBC7F99B,Clothing,Shirt,US Polo,Grey,XS
68E8ED50E564B29893E7810327A333FF9EB9E0A5B0AA10B9EE05695AADA630B5,Clothing,Shirt,US Polo,Navy,L
66D0E034EC3210B5A98949863A49EF0A837C33143AD8EC7BD27B313C2D7F7234,Clothing,Shirt,US Polo,Navy,S
B914A0A73C964AAD89264B65D061D41033F4D6D4383C42B7FC944DBA42F8D86D,Clothing,Shirt,US Polo,Navy,XL
2DEC982D3247EB2A26C2AC94FA54653B4EEEF1BDA8BE5ADAA67D2D7BD89095A3,Clothing,Shirt,US Polo,Pink,S
9C2A555AABE428DF7B1AD087DCABD1DF4B01A19DD6D1A4B33788323292DA76EF,Clothing,Shirt,US Polo,Pink,XL
00343A0B347E7DB747406F0A60DCB14EE121BE980A6663B826144D9917E30805,Clothing,Shirt,US Polo,Red,L
3E2BCCE6EBEA144D78FC7CB98BF6102F8BE72550C777D37A8D7F8342EA629B59,Clothing,Shirt,US Polo,Red,XL
779C6B6A5FB3E3F56380952B887E4A6C03D06FFE8093F6BADC8E283AC345D58D,Clothing,Shirt,US Polo,White,S
3A484264A83B4F9EE607F16A5224123B559959892CF761A9CD1B66246CDE0EC4,Clothing,Shirt,US Polo,Yellow,XS
41EA86CF8DA6ACA5B6EAEB625C6F8E6DD9FAD6226417A0AE288E59CF513DD951,Clothing,Shirt,Zara,Beige,M
FFF709F0B3C40C5BFEC800FB6FFFCEF87EC762A112A2689C8667062777E0CE8A,Clothing,Shirt,Zara,Beige,XXL
847CE9FCEBDEBB5DDFD6015CB913C5AE8B99FD137EE86D2B7AA530CD05301131,Clothing,Shirt,Zara,Black,L
EA70B31C4DF8F8D32258EC35B631DBFBE88C11950FAA28BF358087C1FC970FDE,Clothing,Shirt,Zara,Black,S
CCF5B4D9C2F59CAF02481297BBBD232A3C629C146494E993FA555F1479DE44A3,Clothing,Shirt,Zara,Blue,S
9E81C80EAD766952295E8E00C9CA110A1E65B3C41C5326F6203A221488C908B7,Clothing,Shirt,Zara,Blue,XL
9ED323030411FCC89EB1FCDB304E4CB9092090D8066D952071A770D72BB5F1B1,Clothing,Shirt,Zara,Blue,XS
818A8B6FC83C4896C1E1F36A629A8BDEFF7E8605A69142B434F90FE08CC09502,Clothing,Shirt,Zara,Brown,L
78A93E2AEC91DFF9531B832E0FC2CBFF4B93AD5BB535518646A8B4429C99FE9B,Clothing,Shirt,Zara,Brown,M
203E0C0822375D62228D4FC085404C713CAB9F6BDF9399F6814E225A9C4D6AA8,Clothing,Shirt,Zara,Brown,S
B649ACFD9BE4B453AF030F6476865C21C62FE9E2F76A77F780A5E77D369D6B7D,Clothing,Shirt,Zara,Brown,XS
D2B883BEBD5570422B6BB21B1A6B246A6808D6E9F30765E73314FFED21B2AAE9,Clothing,Shirt,Zara,Green,M
C4B3490CBB44CA72BC96C8E7C39C325904DF48B66F6F78DF6E93FC3DD9579FE7,Clothing,Shirt,Zara,Grey,M
C7D58B9FAFC6094B2EAFB6B7CF61FC93A9AF3D02F9940413E8C63F421C7F1058,Clothing,Shirt,Zara,Grey,XL
E1A1C338D5C0E5FF7D613BF3DB7EF214E624237AB7488520A0531691FBCE9699,Clothing,Shirt,Zara,Navy,M
4D97CF2633D7EC356B5FC0E51D0CD52BBE9D14E1B7EBA5C04B4725A4892E5A1B,Clothing,Shirt,Zara,Navy,S
CFA1D00065E24EE5E6C2D9ADED57B6191D47FE8DD5F94D788FA6E8E69FC05A44,Clothing,Shirt,Zara,Navy,XL
1F33C9C206A0987517AE0C39D12665FA34F69780CDF6A15480322466E3620B1F,Clothing,Shirt,Zara,Pink,M
149EA2998F1DE847DB538AC430B0EE2FBBF21169281D123F69E745C3EE6808B7,Clothing,Shirt,Zara,Red,L
D1D6B5AA3552426A3240E838A605E150846988C31D70946084A70A1272B3311B,Clothing,Shirt,Zara,Red,M
4363E7F2BAC8A4307B4AC1CA18F8377E9B22BC89CEED83099605D1399E2789DA,Clothing,Shirt,Zara,White,S
83486C893A000F946D29FDA8F3FA6C21F1A5BB6F433AA9C2ADFC7243C5E6BE38,Clothing,Shirt,Zara,White,XL
9CC06B925A29B14C98B7844F58356E0EB20F9FC173B09890355166BE8947EE3A,Clothing,Shirt,Zara,Yellow,L
3EF26784A2A9A980A775E02B4EE21E00109DB145B09D16EA5C1A1EEF1B0EFCCA,Clothing,Shirt,Zara,Yellow,M
44E1455BF134199225DB12A4C633B38035B3F57AD2114BD19C38C1384946954F,Clothing,Shirt,Zara,Yellow,XL
9D4BF56F76303130B86C5B84383189637344DFDFD5447570703CDE3D6D7FF429,Clothing,Shorts,Allen Solly,Beige,L
8D895DF933DFD5D4DE1B0E10BFFFFDAF717692F26E9BA83DD4D0DCE13F5EBA27,Clothing,Shorts,Allen Solly,Beige,M
EEE2839FB01B9627FB8293F34575267B56DA390A04EDFAE016AAD74029A7D5D7,Clothing,Shorts,Allen Solly,Beige,XL
532FA056D3110D56964CBA486A016C24D69DB5237644419A05E454909BDB0DB2,Clothing,Shorts,Allen Solly,Black,L
32394A69DD71BBC87B26384FCB39724606BDD912B931EE64D0119C2F378089CB,Clothing,Shorts,Allen Solly,Black,S
0E49A84449A0690881ADE735F0C4C9DA12883608CCA5FB9B99C57DE91A77FDFC,Clothing,Shorts,Allen Solly,Black,XL
A2CA22CF34DA00D55AB0A3C51F27EC4E084B3C99038EA4AAF3ABA4300A430FF3,Clothing,Shorts,Allen Solly,Blue,L
135587EC60B095090B71AC902BB2627AE2D534B54A4F9C73C0AC1257D52609C2,Clothing,Shorts,Allen Solly,Blue,M
53245EA7CE3EE4EF6640E60CD71F062C8E1AA4CA3BC4509B547401864D6DA106,Clothing,Shorts,Allen Solly,Blue,S
32EDD175E83F25CCA2DA56592FB709363F01449DB517EC3B6364148E61411C02,Clothing,Shorts,Allen Solly,Blue,XL
87B3715A83480395D1CBFA9D94CAB664152C0A019A107B133F28240F2615A152,Clothing,Shorts,Allen Solly,Brown,L
68B8A032FA9BE8EC6D809D4BBB0D8F2AD175FD736016F816113E7EF9D4225DD7,Clothing,Shorts,Allen Solly,Brown,M
E3894D13AE8A5CCAC4CAF84176DCB33948D38E7729F43137F86F0892354DDCED,Clothing,Shorts,Allen Solly,Brown,S
370448666DE6742BAD79197F350394B39E4D785C159359B07007246BB34534E5,Clothing,Shorts,Allen Solly,Green,M
3DF97F49844B4F4BFC7664BB8210C415DE771E6330899770A5E866137B1D628A,Clothing,Shorts,Allen Solly,Green,S
CA3EA2B64EF78DAB4DB2635A61EE59E92309758F0266BF7DA9C5BD7D4F6CB458,Clothing,Shorts,Allen Solly,Green,XL
DE6D45222880A87356C65D3DC1556FA8E16DFB8651D6A6131126AB37BF172B2D,Clothing,Shorts,Allen Solly,Grey,M
104414C3092C1692F2F56938BFF705C7F620A1652C5C3FB56BF55EC130673649,Clothing,Shorts,Allen Solly,Grey,XL
93D03E9DF1029E8B086CBA320C8E8FABBEB5168736E8BFBEFB025F4F34D88438,Clothing,Shorts,Allen Solly,Grey,XS
E65EFF76BC7FA2AC182CABB198BC2BC02373BFE2C15B4529444F208BFBC84D5B,Clothing,Shorts,Allen Solly,Grey,XXL
5C8D2BF58D82B1889088BD28E99501D84CA5CEE81102936A6BB10DCCFBE63845,Clothing,Shorts,Allen Solly,Navy,M
A9C36411157E015576C5D1928B2461BBC726E68190D0821C20C5D571456D8105,Clothing,Shorts,Allen Solly,Pink,XL
7BA65B5ED7081454DA415A833CF7FAC86C87016968EB6D6BC3D21E9DC9BDB36B,Clothing,Shorts,Allen Solly,Red,L
0DD099EDC876878DC26A2D6DC5D0581F2E2DBEA639FB9D86BA8DA41667A06026,Clothing,Shorts,Allen Solly,Red,M
E4D064B18540445FDA2FC38B1243784937017DD17FC145EB47277A6114E8195C,Clothing,Shorts,Allen Solly,Red,XL
85234C4257EDD803B68B2BC21829C133469ABC39F9DB6D1BCDD994735F0665E1,Clothing,Shorts,Allen Solly,White,XS
6C8DBF2A09739A3FD07B8E27FA443923DE35CE37001FA3163706A9C549F5E48C,Clothing,Shorts,Allen Solly,Yellow,L
72D7D46C0B27A088ED302FC92947EB13E41697AF7986D14D71C7A09C33F939A2,Clothing,Shorts,Allen Solly,Yellow,M
85151CD22AF7C117F5AC763ADBC14411F8E026715587CE6033D09C38655196DD,Clothing,Shorts,Allen Solly,Yellow,XL
18C082842103B781FD403F0BF7DF8D804FBE9E3D67CCBC50F6A8D158CA96D58A,Clothing,Shorts,Bewakoof,Beige,M
A5398237E121665C81AB7889FB2303B16F431C14D6201180CB6C7B36EC4845B9,Clothing,Shorts,Bewakoof,Beige,XS
3ED827DB1019B2C0885A5BB29B93A35155CDBE9D30F3B4D763F01F3684664866,Clothing,Shorts,Bewakoof,Black,L
83F2261E13D5364337E2492EB8483092486A4D43E10B7F014C1018B605864FB4,Clothing,Shorts,Bewakoof,Black,M
AEEF4882BF6B4E7D053633911F819EBB019DD22FBA315BA7CA96EBE2DFBC79A8,Clothing,Shorts,Bewakoof,Blue,M
7CA121C7C93F09AF58985A11027448539CF4388C82141DD00C5769C769BBC4A7,Clothing,Shorts,Bewakoof,Blue,S
D68DADED4CE3F5357C9C8E72695E76267D8757CD16F87A85483EBC600558BF7C,Clothing,Shorts,Bewakoof,Blue,XL
118FACEC6752965F131A184EFD90CF03F1BB19B8CFD31103A58BE8E802FFB65A,Clothing,Shorts,Bewakoof,Blue,XS
C112AB15F949417555606E950F6B5C907E8AF94975E77DFB568EC7CB1C2FC2AE,Clothing,Shorts,Bewakoof,Brown,L
929AE798C4747B733639ED7A1C79C17F39132047F3D9CE08F660377ED9F41E8C,Clothing,Shorts,Bewakoof,Brown,M
326E2D9480FE3B2116F7721D6A102FA94EFC491EB4A5B42875D63530C6B5E634,Clothing,Shorts,Bewakoof,Brown,S
BDE25DFEDEE06287CCFBA64DECC47770FBA24BF45DABA614B163FE1EED0A9046,Clothing,Shorts,Bewakoof,Green,L
0EEE5AA834948A181CC74888CF06A16F6ABA06761864E9ADD63AE0E7A8571A99,Clothing,Shorts,Bewakoof,Grey,M
ACC004E37C4DF492835761E156F816E2E1A120193D08BCCD38DE0E87F09CFAC4,Clothing,Shorts,Bewakoof,Grey,S
C2C264F8C2E351972A51E0FDD4663ED143B630DF866BF2D8E3F791EE94DD69B0,Clothing,Shorts,Bewakoof,Grey,XL
CFE7E8D0E0E69683A7050C9DE8BFDF336B15A879B7B7C5B88958C13F0F8B384D,Clothing,Shorts,Bewakoof,Grey,XXL
F174C4FC3D0F393F34CD298AA3619D78659404E63C987030D04BDCA034F1F899,Clothing,Shorts,Bewakoof,Navy,L
676E3E8D1A516DD809026D8C488264F538D983ADDF33E51628260641BB16AA0B,Clothing,Shorts,Bewakoof,Navy,S
5454930248FAB6D1AD4E22AB1C828AA3CC729FD2FF9CEDB036A967358BEF0F62,Clothing,Shorts,Bewakoof,Pink,L
F7CB4CC8976AD0B43B86610646D16825675E79A5FCA3E2B27EAB58B617E75319,Clothing,Shorts,Bewakoof,Pink,M
0EB72AED672DB317E8192E152E6E22217DD5559A0084B9E148CB18BF5301144F,Clothing,Shorts,Bewakoof,Pink,S
5EF6D76864CF007B91BEA9C23063D54E69B7D7A00004B0E15680A1539EB03794,Clothing,Shorts,Bewakoof,Red,L
B85E74BD49A6B2FCF9B47942555C468053410FEDC0A45337288407C347D51227,Clothing,Shorts,Bewakoof,Red,M
467A0B6D618A4DD9754C77E29413EDD9DD7AA59947FF9935D2F3A71346189916,Clothing,Shorts,Bewakoof,Red,S
0E5C3707AAD8A92EE9080E6103F46446AE58497874B72D115FC489772C11C17D,Clothing,Shorts,Bewakoof,Red,XS
860374CCD06721634D955E43F08B57FD4F671519BC9E71110443DA73C51B1AB5,Clothing,Shorts,Bewakoof,White,L
D73BFF4703A26187A1F46FC1F173F7C523A42F269B5A8E1AEC7794833B945DBA,Clothing,Shorts,Bewakoof,White,M
A0A1B2FF5FED1BDCBFF43BDED705EA042F86B8E14D590C6F419BCC91F4703DAC,Clothing,Shorts,Bewakoof,White,XXL
5EB54CD475120FB7AD21749D3FA0F12D35A2AE25B3A0E1CBD22A10823D1E9F42,Clothing,Shorts,Bewakoof,Yellow,L
BA37C2CC4C7A44EA2A9411A9C5BC703E487C7F2080384C35358D12B8A0F86D2F,Clothing,Shorts,Bewakoof,Yellow,M
A243F96ED53C27BC7B03B9987FB7D637335706B1609E9E1F43605F1C7484729A,Clothing,Shorts,Bewakoof,Yellow,S
A783A8300A07E1CA53D77888A8F3FE724AD5D0EC8976E1CA62DC1EACBBCB9EAC,Clothing,Shorts,Bewakoof,Yellow,XL
455DF6D12CB5057C696D4BFB84C4928499DD49DB7A337FAD678E50D3C3839A08,Clothing,Shorts,Bewakoof,Yellow,XXL
608D931FCC75D4369C3D4AB318BA13B2683009692024A9621491AE170464A218,Clothing,Shorts,H&M,Beige,L
C4A794C8B1BE0AC9693230075C26540B42DF77BB50669541E61A3A9BA02561A7,Clothing,Shorts,H&M,Beige,M
BA4020D3DE1B4BE02D0CC7E6C25EEF2062A6A2D2E798C9B95EBE197B6CFEC3E0,Clothing,Shorts,H&M,Black,S
D6C4FC0D8E71D3A06778825422EAE670FD81C8E623769D89DD6BEC1AF6E66E74,Clothing,Shorts,H&M,Black,XL
811A6664ABB2F75F0786E0F81B74E844CCC8BD2847DB966655EC7C60BA5676B3,Clothing,Shorts,H&M,Blue,L
21CC4E62C810B785556CE06761B3CE986B0A7976FD8B342153E477AA549E14BA,Clothing,Shorts,H&M,Blue,M
A3FEA59B4D0EF3B364AB1EE99F5BB307F52BFB5CE5B0D01F8D38A39CD26C8948,Clothing,Shorts,H&M,Blue,S
871CD3B9883749671F50357B55AFDC8D666F639C3306374562B64275285918B6,Clothing,Shorts,H&M,Brown,L
68C8F10183CB3B1BB5864D936E9D6C0FB15487D97962259901E39A15C4D6F442,Clothing,Shorts,H&M,Brown,M
A3AF3C7554673FF775DF2C0585F2E039EF3F9CB74050FD0FB4B6A44681D77E43,Clothing,Shorts,H&M,Brown,S
E1F9E9EDD2C07AFBE30CF7A1A416E808D4F8CECD7360737F5A4D3F2436000B88,Clothing,Shorts,H&M,Brown,XL
7CC382B211CD633A44202FACC5F4A56E9872061929006034AC254E79DBFA6392,Clothing,Shorts,H&M,Green,L
F8C73D017D78E13E7F0BD56C5AEDF78585A3D01060D9C018F79239843ABD7400,Clothing,Shorts,H&M,Green,M
EDE4125E8459BCA98E337A307ADF85FAB0FD134EFD0D6B4539C64D82056B57F9,Clothing,Shorts,H&M,Green,S
9221BCF5B76A39C42BBFD5BCEB290DFE60BED9AD2FEB42B0B4A37677F88D397F,Clothing,Shorts,H&M,Green,XL
705B69B764B3A52B62A2402B6CD7561B72E49A9F21FD5BC7B7D9F15FE571526F,Clothing,Shorts,H&M,Green,XXL
724728B3CC24475816BF81437CDBD22E8513647B7DDB5E504E810BD5857EC3C7,Clothing,Shorts,H&M,Grey,L
F0F54181B20B40358BFC02FB97AD287A1C36AB7387D6EDDC28691A39E12875ED,Clothing,Shorts,H&M,Navy,S
610C7AB548D0F6D52B2E34CD7DFAB9CACFDA1993FAA22953CED491C81210ECD2,Clothing,Shorts,H&M,Navy,XL
3D652AFD733CB23CFC9AB02B9781A88C6FB64BA4C196A3C67E85DB274C4EC827,Clothing,Shorts,H&M,Pink,L
17E39F9875BE67EEF4742E0F070B7B5FBEBE23A0DAA35185A655BF52AC7BD539,Clothing,Shorts,H&M,Pink,M
3BBB3C82A2D07EE242F54C9669C23A53CD7256322E6CE9FCA84DE504F6499303,Clothing,Shorts,H&M,Red,L
0AD0849EC42E440ABB161D4454608EDD8E40A265D549E1767219E75509CBBB7D,Clothing,Shorts,H&M,Red,XL
5132F1702D01176D4C028F9F444B97ED9A71B8B118FC3D7665BFA69561E6C366,Clothing,Shorts,H&M,White,S
7812CF78EE06431B19C5902EE479303535A99FEAE5A8F919A70CFA616E8B2A3A,Clothing,Shorts,H&M,White,XL
B517825ADFBB52F72BA270334959F2DD5E16F513D88BD5F2D4D33F2FD81CC80C,Clothing,Shorts,H&M,Yellow,L
8A627C88FCFFE4BFCC0B317270C0767FBD7234C76DFFBF446A6C02679D1230F3,Clothing,Shorts,H&M,Yellow,M
1FCB4EB0D70CBFF7A324C5535ED80C11034081A4861FA556CB4CF548A380E41F,Clothing,Shorts,H&M,Yellow,S
D0A47E1D4E38E6D4BD7D219624A7C55829EA53D46393E5942BCB886900850023,Clothing,Shorts,HRX,Beige,L
827ACBF6B6507D869F1FE491BB64988BD44ADE7246DA53D642BC7F5E182B6B24,Clothing,Shorts,HRX,Beige,S
FF55661F6F9C942A874A741663FAAA6E01E9D7E9633F9E4D1E268B726B16CDC3,Clothing,Shorts,HRX,Beige,XL
815D1EA25753BE4E0F56D158E828A92A1624C09548E974608C15442D98B7DC08,Clothing,Shorts,HRX,Black,M
937B99DA30B70D7A8864C48CB5FC6E45358CED728A8587A30FDF444B0743DED6,Clothing,Shorts,HRX,Black,S
DB9384E15C7FF72E58449CFAE9C2B014499B21DF55D9FDECF84602B9022E2D00,Clothing,Shorts,HRX,Black,XL
CFC4D541CD8905C9426B05FB950E51A31EAC9BF9BC2C6B1DD758C444764F4C64,Clothing,Shorts,HRX,Black,XXL
A4986F77AB40CBE636BD0813974B8CA41038B876395857F7A206C0B724B96B9A,Clothing,Shorts,HRX,Blue,M
D3F662E779D4ADC4C87B87AA0D0D188103C446E3FD278FCA47749CB3FB489420,Clothing,Shorts,HRX,Blue,S
4581EF2341AE3F9016A16159841290768BAF7FCE74F09287088571D5DB12BABA,Clothing,Shorts,HRX,Brown,L
1AF96CD92AFCFC1BCEFDFB92AC76F5174592C4ED606BE655492DC3BBEEB57EE9,Clothing,Shorts,HRX,Brown,XL
FD2B4EEDE2FBFE4265AFA0CC922B63E8C545BD7F195A1AE1082DEE3E1876F9AD,Clothing,Shorts,HRX,Brown,XXL
613937F0B736963A7D814393AADDE239ABEBC90DEE297EE412EDBA045CD5D014,Clothing,Shorts,HRX,Green,M
4781FB6E913203A11F626539E076AAFAC340D2CD595D5D06FD57EF7252E47B04,Clothing,Shorts,HRX,Green,S
D47E623D2621849924C30A6C2617629A4559BFFBDE21A040518AD1943F05D4E1,Clothing,Shorts,HRX,Green,XXL
A22486C2A573C01081B6A942A282F7CD401AE0F7C30D60EE80FFC38709E71BCC,Clothing,Shorts,HRX,Grey,M
759D4D2AE7E67BD2327459BFFC707D151B9798CF825FE234FD10D299D1412691,Clothing,Shorts,HRX,Grey,S
EC80903755E9099D89156412D08438086068D042D76EAD227A19F8F9BF2EBD67,Clothing,Shorts,HRX,Navy,L
D6EA45C0D5D90966F297047AA98DF62BF821E2AA2F3C240BE2F56C6D10F11E6E,Clothing,Shorts,HRX,Navy,M
9A35F1C92F26F201FCAA684D5A06B268E4029BC264CE4DF5A4F809EBE37AB041,Clothing,Shorts,HRX,Navy,S
372F552C132CB9EBEDF74B2A1E18B4C1D50496AC0E07C55A2EBAA5980D6BE051,Clothing,Shorts,HRX,Navy,XL
94DA9D95B592948B6B06E1ED4EF7700DDDD3A981BEF88C829A882516B139131B,Clothing,Shorts,HRX,Pink,L
1E8B192A626BC4FCFFBC79D7BDA52B27F119FB0EB7BD01DEDD852B4AD09CDBE7,Clothing,Shorts,HRX,Pink,XL
E2A420AEC7135C277430E3716C4B4412CC7A42EEBD31E7EA7466FC434C6CFFD0,Clothing,Shorts,HRX,Red,M
50FE85FFD83F9ABC93B2AA596932B9B30B5035ED4DF87CB2E4171550B45BC795,Clothing,Shorts,HRX,Red,S
D0E02402E8A06B52A28F7D40DBA7E9579BD42AB2BF80627E8F66D528F73CF041,Clothing,Shorts,HRX,Red,XS
D27B4BD6B863433EC90A49173D9DDE0F93048F1D2ED440A96AD331155E5E27F0,Clothing,Shorts,HRX,White,M
4DFD482C65E4878F6E2BE76CFEABD91AF8CD1458880857434D48C9C5FFAB0655,Clothing,Shorts,HRX,White,S
A761A11D44593574589B73A428F2C2D667A0E317824962BC7E0B863234B266A1,Clothing,Shorts,HRX,White,XL
5729346BCAA072E0F68D451196B54EE1EFF1B7A9CA2037F698731A2F54DAE9EB,Clothing,Shorts,HRX,White,XS
B604E2E560FFD07DCEDCA5FF943640A9367F0498AE4BB9E962185138D6FDA0A2,Clothing,Shorts,HRX,Yellow,M
7834717CFB53AD3DE353EEA3F3A9B78D8FAC78337E01AFAF2564FB9F006EC15C,Clothing,Shorts,HRX,Yellow,XXL
53D43D6AA088F4A09398D63ECEE99AF10C45FCEB7A2CC4CD45BE8A0174D2E462,Clothing,Shorts,Levis,Beige,L
E310AA852A4DD11C3F21465180FBA3DF624B06A60405EE0EB90903EA3B888E86,Clothing,Shorts,Levis,Beige,S
8FF78B42917F971863F25ED47E1CCA260B4D1D0A24854CA470E727D66F15C384,Clothing,Shorts,Levis,Beige,XL
E5934AB222FBB36C5F8F708D4A61F62B04330A30DAE388E89267FED687F625E6,Clothing,Shorts,Levis,Beige,XS
F24CCA9D1B4876BB52F867327169C27D23EF8CD35E992187129BADAD8C9F5985,Clothing,Shorts,Levis,Black,L
3B251A0B2D130A8C853A082D8CF3FDB9E4F461EBC2D85F2F8FD21C3D7FFF9AE9,Clothing,Shorts,Levis,Black,M
ED1A9BB1AA4FF7B321A391AE9B647C72DC44A251F3C18741B76836F3D720BD28,Clothing,Shorts,Levis,Blue,M
BCD9386C59B55482AE30EC9AC10DE56AAF897EF05854A68D3B93F3DC4047B038,Clothing,Shorts,Levis,Blue,S
D63D1677C312BDB9BD2DAFB77A46FFE9D23D1B8C8481F02633F1F507590F5B4E,Clothing,Shorts,Levis,Blue,XS
06EE37E5EEBD990E734156C24295DDAD004B01C1F9154123AB1B2C3A264D3E07,Clothing,Shorts,Levis,Brown,L
3FA73A6CE637595A10EB051BC6EEB388E60C3C6E8B9ED7B05F4E3910579F74B8,Clothing,Shorts,Levis,Brown,S
D0D59A54D22EACBECAE1E2D9B84A17F57F2D1F619E96AAB4CAB4751408AC8485,Clothing,Shorts,Levis,Brown,XL
7714346781A25332FF69782387F385C5FAA8FAF91DF772E591A95C63231A5B23,Clothing,Shorts,Levis,Green,L
CAEDEB95DB9177AAE8E7229C4C6828B10F0BF110DE03BDF5C95DD0604B891DE0,Clothing,Shorts,Levis,Green,M
19A323EB86D0B749D6E1C92930AEAA180034CD56694ABA5367BBC996CBCD5DC8,Clothing,Shorts,Levis,Green,XL
B208950933F7B80751A00E6A65DB0BE8C73C025B2B5801F06FBB790A219A1314,Clothing,Shorts,Levis,Grey,L
4AA10DAC337A0674C0E3B96309ED6514D3ED6A50F1FED7DEFBC49C5696F90847,Clothing,Shorts,Levis,Grey,S
5FED047F803A0EBA76A2D1228B37DF16F03DBEE9063630834E8777DE11CD240B,Clothing,Shorts,Levis,Grey,XL
C4438C2A8CA8701EF4DCB7780D09B159BA7438FF084AF0E7A931874D52F2545C,Clothing,Shorts,Levis,Grey,XS
8135749F15BEBD17051C303CE9E5F80030563520555B5AB27B637A7FAE794D82,Clothing,Shorts,Levis,Navy,L
4D976CE1F1058F6DF653AA8436CE92AE183DE01007FEE614F8D3352C745AD1BE,Clothing,Shorts,Levis,Navy,M
BD9B2C16515C8D4015E236B770E3B97DEB321FBA9B9CF02AD8CA177625DC8362,Clothing,Shorts,Levis,Navy,S
76BCDB2C804D7E0F2308CCF254F3D893671A08C9BD23A6EDB849A8A183A75566,Clothing,Shorts,Levis,Pink,L
7FF2F21A8C1D873EE72AF9B733B6B669114CFEEB7857BBF4ED2F2847877B6203,Clothing,Shorts,Levis,Red,M
DBD2CEC490AC34FF847B5169671DBF864D7E845A41E142141B60B3CEB5E92BE5,Clothing,Shorts,Levis,Red,S
FA0105755CD5B2B803B7F9C7FF50CA858A86601AE397764F2EA0382BFDB049E8,Clothing,Shorts,Levis,White,L
F49D17CEE7020E17CB5447BB095437C0BC6232536B70352A8E07CB5AC04338A3,Clothing,Shorts,Levis,White,S
AA19062F3F97968B9C1CE13621094AE7E6CA62D007FEFA43D7F0D01E7C1886EC,Clothing,Shorts,Levis,White,XL
659B43F283C08E88190F246874A6D48A546D0F1969BDA13379A0DC2500CF6F48,Clothing,Shorts,Levis,White,XXL
2708B50F9DEF1C9E1192B80402254A12F9968AB47B4C6769F22FA577B210228D,Clothing,Shorts,Levis,Yellow,M
4AF9A53862CB544B546C79A1877BAC0D12BAFFDF49142DA7512470945EF286D3,Clothing,Shorts,Levis,Yellow,S
AA2B4DC2F7885F857206764CC3C8443019D0059FA936EBD7CBEC844742A24128,Clothing,Shorts,Max,Beige,M
91B3ADDB6A4A97DD80519A4699AB27D6255B2E45AEBC2AE35E53F732FC11F3A8,Clothing,Shorts,Max,Beige,S
3C944EA5898E49DAF99D471B3EADB81E47FDF1A03AD887F881F49F4DDF45BA06,Clothing,Shorts,Max,Beige,XL
34D3CD572AD6683271A5BB32B89305046F54AAAFF5875D4A21FB9DEBFD8BB15A,Clothing,Shorts,Max,Beige,XS
6CDC8050BB16C34147E596638DC4E19D42BAC4F56E96295D1E242079CCD2B2C7,Clothing,Shorts,Max,Black,XL
16C11998D5C39157D36E75F0F65ED9F4A267008E7389F4CC329CA13BB23BD3D1,Clothing,Shorts,Max,Black,XXL
28A93D39B0F54317C7F2FBBBE7863E1FADA068901472555C5A9085A55DAA1209,Clothing,Shorts,Max,Blue,L
B89B678C5E5A1DF03D70792D7E5C5F3184CC886D4A33E6B4F46AB29EC190A7A4,Clothing,Shorts,Max,Blue,M
2CD0EDBAE9B877653465E2F5B89F7AED609260545D538D9B63E3A57798200576,Clothing,Shorts,Max,Blue,S
EAE219765D22CF6A02A89E0B332FD308FFB093EE20688A12D0F75977EA5BC721,Clothing,Shorts,Max,Blue,XL
EE9A135AEC15C3A10202ABD01B929C7950C7EC713D2B4EB10FA64D6F4EEA4EB5,Clothing,Shorts,Max,Blue,XS
933458E328413AF6A7051232FB7EC71A5323D1EBC39A9560A6DB60D69C6C5682,Clothing,Shorts,Max,Brown,L
19151ED25B2151B84D11EDE6B5D3CE2618C61919025F8F078D8B426374AD1A9F,Clothing,Shorts,Max,Brown,M
A38655EA9FE1F16FA5E78CEB2419179CEB5B1FEA1657EEABD67D917C8768C150,Clothing,Shorts,Max,Brown,S
2BF11DABBAB810097D7EDAAD98730880D7B670FEF1C30775FBD4A148616923BD,Clothing,Shorts,Max,Grey,L
8503F160C136D2C73FE69B45DDE6D7294B17C30A15559B573E3A9AD3C8F541AC,Clothing,Shorts,Max,Grey,M
F02535C3A7B0F7875DCABB0C468DE1F09624FB456EDD5FD347FBCD2E869B70F3,Clothing,Shorts,Max,Grey,S
0FE3BD83CB0EAD54E0A47EDDEAB76D3CB3F2DB2A1BEAA448C62D31944CB94E61,Clothing,Shorts,Max,Grey,XL
F9020DA3D3C9E43D00F4F29BCA9715DEBEC31556031D791FD9C075B65D68D48A,Clothing,Shorts,Max,Navy,L
F409E8455A52F8C57285ED467F60EE32FDCCA8A87E57D630B9E253A3E1FC672D,Clothing,Shorts,Max,Navy,M
12F0A59C511907982928FA1148CC24724D3B9C1554D26C139DA862B0DBC8E29A,Clothing,Shorts,Max,Pink,M
1EB854BF08B52CECCA658483E81B9C566FC212C6548AFCD029CBAF8801E6B758,Clothing,Shorts,Max,Pink,XL
1FF85B40D52183CEE2E227D5954F67AB1A139B57C7729E25DB543B4C72900CD1,Clothing,Shorts,Max,Red,S
F87A1629602898B86C0BFDAF2B05F15AB8B7BB459E891E573B2B950CB6418049,Clothing,Shorts,Max,Red,XL
77C2349974A0D954CC21A0FD649CFD29D486C4F978D4D7EA2BC833A6AD990228,Clothing,Shorts,Max,White,L
857AA49D5C17A202FF2D7FD3E97BE08371EFBD05500444DE60AC48B0F773B517,Clothing,Shorts,Max,White,M
CF3D7829DC6B81C43F07F73BABBB56B2B364777CE1C1929723FB8A08BD58EAE1,Clothing,Shorts,Max,White,S
762EC91D87FBF5184E54E341F726C472FBAEB47BBD4879EA4325BD7CEC7CE6D7,Clothing,Shorts,Max,Yellow,L
825A600A37B4284448A940CB096035153A39C4FB0B95775F7D540B4EA2D0FC48,Clothing,Shorts,Max,Yellow,M
FAA82477610EB264754CE48F7B2250B61D9CEA3C9DC09FC012ACA9AAF0662A56,Clothing,Shorts,Nike,Beige,L
E9FFE7A2E761A06B24EF3EFBC090053A4D16675D5932A374ED3B78BEBF8D6D27,Clothing,Shorts,Nike,Beige,M
16105B1AB94928898EAF0CA9D167BBA1526BC9F3E4CEFA043D9F1BAEC5FB04E3,Clothing,Shorts,Nike,Beige,S
D52B5AF6892738BA15F32EC990999D0F7C2863D655B8A5B4C792CA3651AD8E63,Clothing,Shorts,Nike,Beige,XXL
FF743B3CBDA1A7161821C82D905D5B0D01F7736BEAAEDD75C07541DB8963463E,Clothing,Shorts,Nike,Black,S
2B513501D6C25EE9696581055689798ED6BFF0C68B596DB7C31357A36B649877,Clothing,Shorts,Nike,Black,XL
A2A3A21985FC546F39675173FB66797AF188D7883635DD30B6699FBA8EC8E542,Clothing,Shorts,Nike,Blue,M
30023A1A7C1AC5D6E4368D193BC9940D6A6F23EF8A4FEB3E8147DB60BDCB3762,Clothing,Shorts,Nike,Blue,S
487F88C9E6ECA8DDE5AD650671062CF161AE07BDEF9EBFFE6187961D079ED9C1,Clothing,Shorts,Nike,Blue,XXL
217CC3D0E2AD920661FE9233422A23AB6AD6D7310C0D58723E9C9F967F005B3D,Clothing,Shorts,Nike,Brown,L
0E4E7E383DDFECB507BDAE9780A2CCAEADFAF74BC883041462C0337357F850E7,Clothing,Shorts,Nike,Brown,M
F100476DD342EC7646B80EB2EB956ADBE584156D23220D050539D81A6AA6D15B,Clothing,Shorts,Nike,Brown,XL
AEE66D1F783E5473CBE500D19AB7EFC85E2EF78BA2D2BE7F732980779D20F48E,Clothing,Shorts,Nike,Green,L
73108DF838E49255D72AD67DC3B3D2C90AEA95543C60498DCDA98AF8375AEEEB,Clothing,Shorts,Nike,Green,M
CD19B1BCD0DF4ED93801B90838A1274A7ABAAE5F4B85FD45C8BC1B1B69B9D33C,Clothing,Shorts,Nike,Green,S
00EDA45C4CA8109FB09B8CF77A3D316DA68B59A5C7EF190902FB50EFA804592E,Clothing,Shorts,Nike,Grey,L
6E3E22D924841195B03A0025D1FDD98A3C4752ADD8DB58A1F45EFF9C93EF5FD3,Clothing,Shorts,Nike,Grey,S
820040C9CBB655FCD7CBF1527A59ADE88C6ED1B804DF6AF2C1BE2AF3D85B650B,Clothing,Shorts,Nike,Grey,XL
5483AEFC0463AB3873B01EB54889358361012628F072B39FEFF935FE9982586C,Clothing,Shorts,Nike,Navy,L
7ED3C41241F073F6922B9FF23619EF5F4448A8FAEB0B7EE3ACEB3D82F4FEB9EA,Clothing,Shorts,Nike,Navy,S
BEAD00F8A5765D4EE848A2BBDBA1ABA440227F96B8A46499B4E3C95F08189538,Clothing,Shorts,Nike,Navy,XL
2C232E8FC8574474BF2E7494F2B0A1F3AC3FBC6E82B20493FDD8242363CC007D,Clothing,Shorts,Nike,Pink,L
D35201FA426BE15A04FEC34D52E06025E1453306E390394FCDF9B408DBBCF85C,Clothing,Shorts,Nike,Pink,M
62A9632F3CDFD73B9C234557022F2A45706F0BC184C9AD37BAB10A4B9CD874FC,Clothing,Shorts,Nike,Pink,XL
5CB218735D55D4B077346BE17AA3D20D82F66C11CD67455E5429ACAC463956D8,Clothing,Shorts,Nike,Pink,XXL
60A3C00C7EBA8CB20D76A1DA2DA4E549C52D38707C10C3CD5B40A99BA42E3F78,Clothing,Shorts,Nike,Red,L
8B5AB94B5BBE26B9F5C4A1D4C65D2F89F0B05B1E5A2161090F19C1C7E9823B86,Clothing,Shorts,Nike,Red,S
6C72E40684E65CAC7DE5C2D7BD43E440DB36F097FE8C04DAD4E2E5812792B8D0,Clothing,Shorts,Nike,White,M
A9020DC7CE9D96F26E673D52C3D8B5CA449BD979738F393B556A7946C602C3CD,Clothing,Shorts,Nike,White,S
69B369C337E42A0244498C76657F6CFBB66A31C93F83FD2E139D70BD7FF59E7D,Clothing,Shorts,Nike,White,XL
80AE5C29A2DDD4A339813E26EEA27BC33FE0C4898B135949C3E7B324A992E9A1,Clothing,Shorts,Nike,White,XS
278188182D66102EF7E16E716F70067C718546FA28B3658616C0E09CA9F1E817,Clothing,Shorts,Nike,White,XXL
D17C7CCF640EDD6E4E863D773C70EAB020AC2EB440C6CBD7927E3299D95D4774,Clothing,Shorts,Nike,Yellow,L
98D406201ACD01B8D1C009DF7869C5902F50F1E4AAB0CCCB4CBA78598EAEB77D,Clothing,Shorts,Nike,Yellow,S
7E2B9834A95FF3500B841ABC9C801FE6BAF5574483E3C24B049582382201084F,Clothing,Shorts,Nike,Yellow,XXL
AFE9B5097D6EE9502F32092FD80823183B956D6F6DB9944F5450CF106AD48A97,Clothing,Shorts,Puma,Beige,L
7896F1C17011B9355FE9B2ACD668F3D6135B028B672D049D22D63A079B755C75,Clothing,Shorts,Puma,Beige,M
0E5395802008EEC390BA55236FCD5D640B63B8739C20AD04FA0C367C81EDA16E,Clothing,Shorts,Puma,Beige,XL
E0A22F07FE4A62E336CD8F13165B6E0570366FB9FFA5E68806552B1BC683E05D,Clothing,Shorts,Puma,Black,L
6788207543C2D95519BDFCD3F471246D3242BA4CAADE984927A0F79EA1C92ECB,Clothing,Shorts,Puma,Black,M
752E48339EC3E1D4544F3450D200D5045F0EE5F8BC76B62E3815E4E1E7815C3E,Clothing,Shorts,Puma,Black,XXL
83A44D6E5AB4FA26C1EAFEB3EE183A35F44D61F3AA35F14ED71DA302F5F49BF5,Clothing,Shorts,Puma,Blue,L
620712464F4977108541BAF9DC83EDD634F06E51526651B90F4539ADEB5B01BA,Clothing,Shorts,Puma,Blue,S
69E0D1897C3B99462F3869AE9E62743EC3153D0FDDFCFE725F38CA0C65564B23,Clothing,Shorts,Puma,Blue,XXL
3C1A073E354D5C878948C1D96B215131C0B2BA56F04F797A1E781C6DA96A8A62,Clothing,Shorts,Puma,Brown,L
0FEAB124774FA26790FCCEF0FA1DCFB9A8E58804552A8B7B5E49E33764D8C24E,Clothing,Shorts,Puma,Brown,M
3D8752D66B9EE3C3F0BCA2FBEB4428B4F2C9D90D8C5E49D18701417FEB6E666A,Clothing,Shorts,Puma,Brown,S
AA79CB0C7A6798E9A772149DD70E04605869FD46CC65DE4C4C9CC6E2DB3AEC90,Clothing,Shorts,Puma,Brown,XL
B0D2985C26DB009C7BFED31E5249319A5BA24F863029B4550A756D6C7159545B,Clothing,Shorts,Puma,Green,L
8D11A1F713E6C1356DA1AE1DD2AAE0EFBB72C617AA48142AA108AEF989B7DCE2,Clothing,Shorts,Puma,Green,M
5FD92D179D82B7611E8F9588C9D2F63384B1A3034439C999D735D3A035598A9A,Clothing,Shorts,Puma,Green,S
E4318C9F6056318E908ED363339A8FC4171294B36B4FF2610023F3496F20A50E,Clothing,Shorts,Puma,Green,XL
238D93F8C3B1649B2340AFDD56E66AE057FC0696CB83B411D1160CA7225C8AFE,Clothing,Shorts,Puma,Grey,L
C92F8AEC86959222FE08C8EAA8E82DE786C04129668D23A64848F0BBFEEE8ED7,Clothing,Shorts,Puma,Grey,M
F90A7E1F13583E5782FC70736059178FE44388ED99A8565B50CF17432B263BC3,Clothing,Shorts,Puma,Grey,S
54E56A94281CDEEE0E20340BC6F0C70B0D5E727AD8153EF683D21846BE8CAA8D,Clothing,Shorts,Puma,Navy,L
496D87877D630AACF64AB9EC3107714C9CBE2F28652C789286C95CC0029040C7,Clothing,Shorts,Puma,Navy,XXL
900C8FFBB9A105872E51D8C58EBCAFD230FEE4A93BA019A405B6C1FB17720728,Clothing,Shorts,Puma,Pink,L
415E518B0BF60C1833EF375CD5D6E53EFD31248A6BAB6441E2768BA6F6439627,Clothing,Shorts,Puma,Pink,M
B7587017F3850225C62066CB16F5B950C2ED2A86687E2C6D2FBFE5A50AAB8050,Clothing,Shorts,Puma,Pink,XL
4128384C0D8EFA6598519D370DAEC2713824DBE7742A38AD573B183C98F94008,Clothing,Shorts,Puma,Pink,XS
CE82C3FD003A465E759AC1E668D186B7B2D71D39755D3BC3A4029D62A452DAB5,Clothing,Shorts,Puma,Red,S
FA55B00173457709F9DF36D87F7049E0551AF5A5EB85081EB28517FF993F0540,Clothing,Shorts,Puma,Red,XS
DAD9B999E8AA8478068D5C45C9838C5F9FA748B611FA41B37E2311F4ECCC885C,Clothing,Shorts,Puma,White,M
26B788B77F4DA0A799E9C2FD30139412EFD11EB9FF9C73AD49C9CBFBF67F1D17,Clothing,Shorts,Puma,White,S
C73D5BF75DCA2937A5A247285C0A38299BDA673198CD74925D1199A821E0E750,Clothing,Shorts,Puma,White,XL
A37DB68E2EB6E28DBF6145F2293BA703F23A15641D0C7B9F42799A10A1D6D5E9,Clothing,Shorts,Puma,Yellow,L
9D42A26BB22BD9A332ABC7B86779CA66B35DDF3525EB0F9CEBE1CAAF0C023C0A,Clothing,Shorts,Puma,Yellow,S
8ECF963BEA6162E1374614D71480811EBA7E3D3507FAF8048683A0C869E30CBB,Clothing,Shorts,Puma,Yellow,XL
4917EB8C2049A72215017C00C76118A1733C3D355478556366E1540CD9C26554,Clothing,Shorts,Roadster,Beige,L
B63AE722B74B13F01544DAF474CAD3839FA1CD521A87C529FF6D6D407566B9A1,Clothing,Shorts,Roadster,Beige,S
37DC7028212C9D102C0464975192BD778E83AE205D2AFDB77D9496510F9D4AF4,Clothing,Shorts,Roadster,Beige,XS
C84426CF19A34D2E5E389C39882BB24A6CD8ED3862260B0C84C80B3B32467612,Clothing,Shorts,Roadster,Black,M
E8F6550F8F446046CA649B9FA4F0D08E0F94DACA473A3CA331BFF6B3660FFFED,Clothing,Shorts,Roadster,Black,S
475406EB606FECE71A328628066671285E6764F5B8B1F9023AD97C5D74E92C67,Clothing,Shorts,Roadster,Black,XL
25793E69C1B61B547C622C374B294BB7EF54A5AD903302A515731A75B9FDE985,Clothing,Shorts,Roadster,Blue,M
D4433B4EDD92D3096C06B81A867CA3B535967AC81D1A52049C4DB63F246DF926,Clothing,Shorts,Roadster,Blue,S
66AEA9F30A9762A7738CB51EDF77CC3D88D1A3667A580C9CFB1EDFD07F5413E6,Clothing,Shorts,Roadster,Blue,XS
EDC1BDA21858344A8430ABD301A34C99E0BDF176A7DA6E48CB097465ECD692A4,Clothing,Shorts,Roadster,Brown,L
340EBEB294FE57B1118580D4F6F05FB291C9FD954532D7F977DDDD0B2D17BA44,Clothing,Shorts,Roadster,Green,L
57694F609080E7493EE8C66DDB0DF1B387C0DCDA93E43516B98C5D14D09BEB2D,Clothing,Shorts,Roadster,Green,M
14667550885ED3B7A7617240090D6D08277DCCC133F32C5BDDA50429B74FD611,Clothing,Shorts,Roadster,Green,XS
23129F690E76DC5B42825B22D3EDC53D89D0964C6570FE1C4656699ED62F3FC4,Clothing,Shorts,Roadster,Grey,L
EA5291636A0A2D14BAC2509E66FFB84C8512E8EC238C0DA12244C9E9346D1293,Clothing,Shorts,Roadster,Grey,M
6786046CA7723B62C94BB89D0DEB7FE7FB02C7F062756003872CB59B3E9D7067,Clothing,Shorts,Roadster,Navy,L
23E436743875A9B2A72496B2DD43C5DD387DF5CC4F7C01A7D78C690388CE84AF,Clothing,Shorts,Roadster,Navy,M
0FC81B86B164D271E0E4C2E89B0341B5438AC12BDF5031B9826E9943AED6BDD8,Clothing,Shorts,Roadster,Pink,M
D7933028F07D5607D9725C2CAD44CEBDF9B918B291CDD6EE2D45F502D67872AF,Clothing,Shorts,Roadster,Pink,S
902FF99E0FAC0E8CB922F47C1001DFC395C5E4B80C64E86E8D3833C83097BA38,Clothing,Shorts,Roadster,Pink,XL
03B963F410FA23278C520AE366207A53664F3D72E044ED53550D8FF9C1E8CD7C,Clothing,Shorts,Roadster,Red,M
90E422C6BE274F6A15ED2F1DE6E3F38B7BA672B0751292BD31A7C3D88BB0D2BE,Clothing,Shorts,Roadster,Red,S
9FB994622559FB3E9E8A3D3651219A17F0D7CB5690BA0FA1B3CA838FC741FA0E,Clothing,Shorts,Roadster,White,L
678040E531476A282719F1A70077F5E3B8685A676EEAF8F7586229C376427B96,Clothing,Shorts,Roadster,White,XL
F83607707C6A3B2B6DA2F48D139D92F4F66A552469B5F8E56E07926D828E9648,Clothing,Shorts,Roadster,Yellow,L
DFD3A91C1AFCE8DE9A3A15AC4F077DF38AD75415BB8945300FD8F7F1FAFD2765,Clothing,Shorts,Roadster,Yellow,XL
894FD871A5A436459924D28BBEA7B15EAFB080D9060898C51BE7B4081AB72317,Clothing,Shorts,Roadster,Yellow,XXL
5F0994564A61CBC2F7C0B7C624AD36EB740C46663591F50544922646AC61EED2,Clothing,Shorts,US Polo,Beige,L
674418F5EA7FE49B0169B9042B2DEF2E33498F04830C8BB0117ECFDF01F746C3,Clothing,Shorts,US Polo,Beige,M
5B50082E44C7B14CCEDEBD62CE58B1EC842C5E0B4029EEA3A1A43A7BE3D86079,Clothing,Shorts,US Polo,Black,L
657CC1775E9F40AB2E033750B1B2A81590DF2E24F7FB3971436ECB3CE3D91184,Clothing,Shorts,US Polo,Black,M
E243232F82C5D670B16990DBBCE315D3CC3F2B77812D14DCC9B7463ACC2BE076,Clothing,Shorts,US Polo,Blue,L
CD9BADC213E5558B01F60DB5042546C80550F5464F1CB93E23A02FB30F7CBD3F,Clothing,Shorts,US Polo,Blue,M
2D08756397C5885E6BF8B85A2EFA104235B67EDD39FA47EFB41FFE05A9FF71DC,Clothing,Shorts,US Polo,Blue,S
A652473B8F90A54619AD3F4BE2223420136D10332A8998B3C220BEC5B23887EE,Clothing,Shorts,US Polo,Blue,XS
A9F5489134D7BE03E6943F9FA079D8F44D55DC9BB1064A1F434DF8C8CB7CBB56,Clothing,Shorts,US Polo,Brown,M
D87E77D047B1DD8E70903A97E583622B511100E3272CD299B6657A2225EC6A6B,Clothing,Shorts,US Polo,Grey,L
C12441AA25AB3FD705FB87AD39ED4B9FABBF97C3B85AB82A6B03437EE550CAFA,Clothing,Shorts,US Polo,Grey,M
7450CAEBC7DD0B179B724D9BA6F8BE7D6A54B2DF05CB8E3CABFBD69B648CC631,Clothing,Shorts,US Polo,Grey,S
B8193A0FA8E956DC12CB2B0B41AC539406BECC95459C6BC529F739DB5EF297B0,Clothing,Shorts,US Polo,Grey,XL
D130D6121ADA82885DE32522B4798B139648BFE39B54523B1BB74AE8A51E08C0,Clothing,Shorts,US Polo,Navy,M
D98A8423681E1D1497D76953C8B86A333F08E5C298973549DA5BCFD85432A69C,Clothing,Shorts,US Polo,Navy,XL
4D63AC11A223FD24C2BC957EBB47B64308718D2B17BED06ECC5567F16E089906,Clothing,Shorts,US Polo,Pink,L
805464D14EF168655765750D560BB12283F593C4C7AB47BA79452BD0378C1FE8,Clothing,Shorts,US Polo,Pink,M
F4BA8F10429007F7A053FF2BBD24664B04F5DC82F4B7F6DF06610382ED86BAEB,Clothing,Shorts,US Polo,Pink,XL
D091680F46B995DFEAE63AE7FE3BB5DE90C999679BF22DE962BDF34765CA1E77,Clothing,Shorts,US Polo,Red,M
8524A40C28CB34E5617A7505EDA54CF05BA4AF46644B763DE948BDFF0BEE3869,Clothing,Shorts,US Polo,White,L
94F36080E3938869DC220E264C231A0F954F1B64F6CDC24F4F1423F82E8258BC,Clothing,Shorts,US Polo,White,S
DB8FEBBA4B947478A8FA4E71EF435146E5F0DB266F42C1B2FF89530D41544F72,Clothing,Shorts,US Polo,White,XL
3567CA5564B499A22B991BCFE093590128F0ED698B41352976E63204FC8C6205,Clothing,Shorts,US Polo,White,XXL
77A76CCF51E6D74A01CEB45E01D999C2A53707DF1F1F61FF7498684352285FB7,Clothing,Shorts,US Polo,Yellow,M
5AD0E6C1EB5B5E0BDC0372F60C3A965F786C375BD91FEB80E3D3FBD4F7DB415F,Clothing,Shorts,Zara,Black,L
4B81A40C94AE0ECEA1DEF546310E2362C0CB222EC9FEA3AEC0B1C8A5747BEFCB,Clothing,Shorts,Zara,Black,S
3D4EAEC4E08E807E91086C43154694EE9CB7A7E93DE61178A7DC46F6A1B4BE75,Clothing,Shorts,Zara,Black,XL
118EF50C07513D7F7B2C6A0CB3CBD7F3E35534ACF5F1430853119045BFEC132E,Clothing,Shorts,Zara,Black,XS
CD9478EAFF04A376D1EA2820C036380F3243B138CA62CEDFEA05A1C7A6A6B985,Clothing,Shorts,Zara,Blue,L
8155E0E3CFA037C4703B62A40C1F7404305865E8AA33F4D28DBCB7EAF713DADE,Clothing,Shorts,Zara,Blue,S
6ADB15C3CCD8F2B66921D34060250067E4243AD29A3DA63C2DF66BB38F07496F,Clothing,Shorts,Zara,Blue,XS
A1E8DCB6CE2F934617CD1CECE71C7A819F825572BA300AE2099B57C2148C6232,Clothing,Shorts,Zara,Blue,XXL
138209B9413485CED94592EDD660CB4531D93C44FAC0BFDC6873C4DA99F85655,Clothing,Shorts,Zara,Brown,M
CB626A5AD65047A724851718ECE3A030A9DF6BD8FEBEEB1D76980B243CED81F4,Clothing,Shorts,Zara,Brown,S
3ED49CC48FC71F45794D2A27983F03988E7F4D85BF8BD86CFC655A28221345C0,Clothing,Shorts,Zara,Green,L
216A0C9734A409F988AA2D4541ED6D8D45937806E0FBBFC1A448AF161DF77AEE,Clothing,Shorts,Zara,Green,M
458FEB8E93793073466C2A892D0575B9451039D5B155F754E30D9AECF8F0B584,Clothing,Shorts,Zara,Green,XL
1E5122A6FC413461A4A9F3778A5E88B1057E420B02FD6312BE9F357254531153,Clothing,Shorts,Zara,Grey,M
8189225AD74186560EDAED48BAEA557CC5C1D4EADA1BF8A0BF45D428AF70B0B9,Clothing,Shorts,Zara,Grey,XL
7B683C46463DCDE433B773C6C2D795FA9945B53E1A15FA24D46B28E808C714CD,Clothing,Shorts,Zara,Navy,L
A6EA68920999DD0DE62F30099440144DD19EE9F52B724D65923617532AA263C1,Clothing,Shorts,Zara,Navy,M
F606DD3C98EA5B3109DAA74459DC90E00A270C2EFE839BCA11C9DBDF0C589F84,Clothing,Shorts,Zara,Navy,S
4F5A572DE73182830A19561D26107ACD465FECA44FEA0233AE6B9112A8CBDB11,Clothing,Shorts,Zara,Navy,XL
7DC39ACA4B87CE7B154B657212A42DD355A2540C6CC104F23F66DE53B233F880,Clothing,Shorts,Zara,Navy,XXL
E3B616AF0F6C10CF72299CA398FA368CC0B6E27617FE064528D03D5B713963B9,Clothing,Shorts,Zara,Pink,L
63EE94BD032C9F349B75DA566756B07F7F17E8E8EA947DCF85B3B6D7B4EFFBCC,Clothing,Shorts,Zara,Pink,S
9BAF0BAF15A405F363AFF1124C8996A51CA9A2DBDC1AF7C8CAB70FCFB3E7287F,Clothing,Shorts,Zara,Red,L
F73146DA4C94C059AD7796D6C3A1311DE5045F28461374E361BDF220194E7469,Clothing,Shorts,Zara,Red,M
CFCA68A3BDF15586799A86CA4AE7B0DE5BE3778F83FC60570EAA47E95C84779D,Clothing,Shorts,Zara,Red,XS
38DA216968782383F73F1C2D9280FD69E9A0B09815DF7FDBC5CC87A9907F59C0,Clothing,Shorts,Zara,White,M
696F896BA6AD5AA36F8199BBEB7B025C67921E32AA91F9CF34C8051015D29AE3,Clothing,Shorts,Zara,Yellow,M
A92946B7E984128705A0FDC74D0EDB34011B19F0815CB4B814FFCE2FE3467285,Clothing,Shorts,Zara,Yellow,XL
31CAB35F30F3DD452737AF7A9390D9508140EF20700A9E745BB76FCCB0ACEACE,Clothing,Trousers,Allen Solly,Beige,L
695F6DD146A20AC636205E6AB402BA4D2725D8172EAF717E87982F1A0D1194F2,Clothing,Trousers,Allen Solly,Beige,M
CECEA99BB94225429D272B6F0FCC5AF2ADDC72886EC01FEF4B27ACC33BE73694,Clothing,Trousers,Allen Solly,Beige,XL
EF1656595D41ECD608B3CF7A55AE525E56DBC31C40ECB56310BB80B7799A01A1,Clothing,Trousers,Allen Solly,Black,M
25DC13842E0CB550AE5B3B81804CD134769A3908D5228EEB71B1B2D1F28B47D3,Clothing,Trousers,Allen Solly,Black,XXL
3B98D4D6D7DC3821308AD6C5120FB3983D5BC11D777D5A47A059258609EECB52,Clothing,Trousers,Allen Solly,Blue,L
0011D4A4212650A5BBB8026A93231148D17075DBBC8A445B1C5A8D3CBA042DED,Clothing,Trousers,Allen Solly,Blue,M
D7446BE4143B44902CF80CA36DF0C75A077459FBE9FBB55AF139B59B8BE1502A,Clothing,Trousers,Allen Solly,Blue,S
843E489C063DE713D4FB196D602D3759A9BB47B3C4909631A6AD4C00934A5BFC,Clothing,Trousers,Allen Solly,Blue,XL
6BDFF123DDC4FBAE7BAF6419724EBBDC4BD4286DDBE7AC48A047872C7186D1A4,Clothing,Trousers,Allen Solly,Brown,M
B2697EFE8A455CC6A066CB62A489FD33328CCB34E6FD04B2A99B28A4CD8D39D5,Clothing,Trousers,Allen Solly,Brown,XL
96AD98F6A670F99F040361CA31670AB9D540E5AE572291B8EE9098B22D34BED2,Clothing,Trousers,Allen Solly,Green,M
79067DAB01D1C13D3AAD9BD5EC38AFF5E26E272C8D7EECA89474B3B74A9ADA37,Clothing,Trousers,Allen Solly,Green,S
394CCACCB2B3149370490D3788810D6B4787D3D50C11AF6198A228EABBBA1635,Clothing,Trousers,Allen Solly,Green,XXL
0C957C485239EB3EAF172FC53D052D59F8BFB8E8647850B5B0C96969CCB85ECC,Clothing,Trousers,Allen Solly,Grey,M
70D2884D4172162180A2B33B86B7EAF899710C2BDCC197FBEF5DC2FBEBB109C1,Clothing,Trousers,Allen Solly,Grey,S
BA641710F4BE4230AC2E392C055EECB4405684BD8C3699990E1809BC724F9B59,Clothing,Trousers,Allen Solly,Grey,XL
642F48EC2F55C13CF7E3896EC1562E19A0AD9849A7F07B282F886295A1F849DE,Clothing,Trousers,Allen Solly,Navy,L
0A8A6030FDA676236898071FFDE3BBEAB672A5A23F6A44B86A18B92AE3D8D2E1,Clothing,Trousers,Allen Solly,Navy,M
E5D2BB4BE3A5A88BDE7BB62CA1B50AB128101A6FFE75190166364C3442613720,Clothing,Trousers,Allen Solly,Navy,S
45618CE981BB3969CF4B94888DED265013302BA22A07776962AFC96E9ABBB6C8,Clothing,Trousers,Allen Solly,Navy,XXL
A8DC0B40ADB46DA5522B5B2C291E9627EF88D75E7496F69C81437358CFAD74B4,Clothing,Trousers,Allen Solly,Pink,L
FA73924942DD06500987CC6553D3EEFB6697F41C5069B94A89AFBB1928E427AE,Clothing,Trousers,Allen Solly,Pink,M
B5CBB70005A684BF4ECB29345CF3448C634336FE1EBFB7C2985365D0E8157203,Clothing,Trousers,Allen Solly,Pink,XL
D473D871DAA6831D7C112B385BC54E7997FBC69C2400F0624ED209F5171D4079,Clothing,Trousers,Allen Solly,Red,M
777EA20E941E29F579154A3758DEE14B4448962B58AD2AD9357352EB754311E7,Clothing,Trousers,Allen Solly,Red,XL
7CF0F62D1DDA8B8042E0167F94BC830C333AD75B55A220204032D373B377CFEC,Clothing,Trousers,Allen Solly,Yellow,S
C9AEB818698AC45C25D890E5CA0B7FB718CD7BA7056765EC5C31175558530199,Clothing,Trousers,Allen Solly,Yellow,XL
C6588A0472CF852B9D0B6365FFDA77A6E20929E0AF777D81BC0B36BA42E4A6E2,Clothing,Trousers,Bewakoof,Beige,L
BB65D91F0966B96F3A3CD9B7D90AE4411E6A4B10822003F2374A5302410F3A15,Clothing,Trousers,Bewakoof,Beige,M
D669F55DEB38B0FC769B0D9C60DB9763AF28F2D41CB9DAA9620F8E9854539BF6,Clothing,Trousers,Bewakoof,Beige,XL
982DE28AACA4839C4D2909CA5EAE721AE79875AEDEC88C5AA503BFE80E8092B0,Clothing,Trousers,Bewakoof,Black,M
007E587F129FD3DA3DB4AB9A65FB2ADA48FC8637106A9365D3211041DF0FF782,Clothing,Trousers,Bewakoof,Black,XL
42F26AFD9F4045A3523B8A5E19A2EFE8787D5D2AAA427875D3A5DD7C483370B7,Clothing,Trousers,Bewakoof,Blue,M
9252384F0ACE80707A4E676E0EE98E7AB65772378CCACA25BC2860C26A2242E6,Clothing,Trousers,Bewakoof,Brown,L
1AF447959FD7B040B58F72C996F817E25D54D1A41C5E17F795A2D38B85C12D86,Clothing,Trousers,Bewakoof,Brown,M
653183A51ABA405964DAE5C8A5B9273E5FF246A0AE28EC77B4D4D96DA199FA1D,Clothing,Trousers,Bewakoof,Brown,S
FE770B3584DE458B3EAD56219E5C78AC2C5C81F7927C4B1959D3798CED824433,Clothing,Trousers,Bewakoof,Brown,XL
6AAD4A76E5128B1E4202F0593840EAA1271CD922ACBF0E9A0CC8E9E06E373AEF,Clothing,Trousers,Bewakoof,Green,L
6B7110BF6B15533620E89B155DD3DD764A83C0ECDEC30F85A171D4B7ACB2C3C5,Clothing,Trousers,Bewakoof,Green,S
AB1CCF7AD05ADA8D80C2771CB0DDFC4354B6FD44E769D35ABDE055B0528C88CB,Clothing,Trousers,Bewakoof,Grey,L
1E9EA8FC110553C4842227A1A47EBDF68965A6279604E2B7EE3BCFCA15303DB3,Clothing,Trousers,Bewakoof,Grey,M
3A3036864F09F2C9EED30CCDFEE5CC9128BC310B2BB1B7ED4A3AA6F21B9F40EB,Clothing,Trousers,Bewakoof,Navy,M
5233CE093014993C5420E738C26AF41B70A303F8AB38135494034870684D461A,Clothing,Trousers,Bewakoof,Navy,XL
F060838D913365248C26A4FC65C75C7F3A147D3BCBCA1B92C8F4C0E3F3E6453C,Clothing,Trousers,Bewakoof,Navy,XXL
CE0774A3AB80E38B6BD3B2962263C4DE0B00BAFC46D67331DC9E40E031DA9EDE,Clothing,Trousers,Bewakoof,Pink,S
7C7090B8A873770D1856D47C97062263C3638D05977599D5E0134E8E05D742E3,Clothing,Trousers,Bewakoof,White,L
AF7D2619625275B5FFDD0D7DDB189DFF40609297E2DA4C88B219CFF1675CB36D,Clothing,Trousers,Bewakoof,White,M
EEE0D8E6ADFD192CF70FAA4A9D5C95D705EFEDB1B81277BA06D8A4F54DE36339,Clothing,Trousers,Bewakoof,White,S
C3DE955A618814EC8673764D4586A39882DF0DDC56A34A73F157F9848FDEFF3B,Clothing,Trousers,Bewakoof,White,XL
15432A49FB766EBC38821B58A400A5526B9E5BCB1EC66610F952387CB9887950,Clothing,Trousers,Bewakoof,White,XS
809BF64487EA77B356D20BE8094B947C38B0BA924097A7A2E94D7A44E127EEFB,Clothing,Trousers,Bewakoof,Yellow,L
BDDF026E868B6E264C06E73CC1DB6CE923917A267CC85C95E26B34521F7BFDFF,Clothing,Trousers,Bewakoof,Yellow,M
F0CE57B2EB792E75F0FFC6002F0A3BD50A7FB9B4E63B61772682B92251E6FD33,Clothing,Trousers,Bewakoof,Yellow,S
A8DC37518191AD586EFD3D5BCAE4BABCE67C596C85C2C370A2CA8E1E26931B69,Clothing,Trousers,Bewakoof,Yellow,XL
B25B03338E70EE0007F5AE8294BC5813813318A617192A01229985C1979770B0,Clothing,Trousers,Bewakoof,Yellow,XS
067E61D65933DAF2396D0E9F5F8DF2F3F6F4F753D9B25E22183576D84A8C8A7E,Clothing,Trousers,H&M,Beige,M
758484D9EE733D0F78123E8ABBB4998F179D6F6E7CA94AB9388E646B5C3A6754,Clothing,Trousers,H&M,Black,M
5BF2E3D5D4156B46ECE3F027A116DF8F8C4CE9EAB69D969063D8344C7678C432,Clothing,Trousers,H&M,Blue,L
9D46B85050CE04BD24715BEEB3528F0D87F508F390CB4B6494FE0998F1AEF091,Clothing,Trousers,H&M,Blue,M
F9BA4766B5E879E02F2E2316461662ABAB918E0F2B6E9AE52643D94CC9EDA07D,Clothing,Trousers,H&M,Blue,S
DE4C560FD09E16A36DAC72DB26DD111456BDFD871C841C8153450654F5538E00,Clothing,Trousers,H&M,Brown,M
9BC403B936FF59A4675E9AEB35D00CB460C13AA2F518D73BC3C380698B6C0559,Clothing,Trousers,H&M,Brown,XL
4C9691EC079C4F966E77BF2B6821EA788F645C8A4624B6D190C9F50A3C25ADC5,Clothing,Trousers,H&M,Green,S
E545564AF473526E435743D1E06064056171A9DCA6C39A859A52C7AAE72DBB6B,Clothing,Trousers,H&M,Green,XL
3D16DF0892947A7027F2B2D8DBDD300AF757D42D74DCE89A6838682D67A60BCF,Clothing,Trousers,H&M,Grey,L
42A034CFF7CEA8CD058AF5F9F18C6377A14D436FC38CBBF7CFCB601D0CD3BF26,Clothing,Trousers,H&M,Navy,L
33A47D95FC03BD30CD2C0398DF5B4F565B0816F7766CBADA3A416C99AD403F3D,Clothing,Trousers,H&M,Navy,M
ED1CDCC3D0A674CC998B9A16248AF46525CA08C9A7D27F59A36DAB5AE42318F1,Clothing,Trousers,H&M,Navy,XL
9B6A289F211B5E555DC406222EE33D055728C7F985C760760208D8818845236A,Clothing,Trousers,H&M,Pink,L
65E12351F0FBDE2BFCEA610E197D147E5FA38161F366B446904754E0108E074C,Clothing,Trousers,H&M,Pink,M
02E2162CAF17EFDA6776F582C991236B473B2972F336C000E7E452993A548DF5,Clothing,Trousers,H&M,Pink,XL
DD6BC7DE0F18053B2D6180755A498E4B1A601D2C32D50E59B7FC7F5CBDE9D911,Clothing,Trousers,H&M,Pink,XXL
1875F0CA242CCFABFAE2FC378FCCAA8E62BF156906B91FC3A3ED96A46AED656B,Clothing,Trousers,H&M,Red,XL
DDC4B3288C1B72C92FDDF22B16E15D352C7DF46CBA14207D60DC567F2D188AAF,Clothing,Trousers,H&M,White,L
8595A06D3D59A533D97034BFA312267D885876E774ACEEA9395AE5D7F17ABD86,Clothing,Trousers,H&M,White,M
EB9B4CF3D383B0B14DB70E1111F2467AFFCB878E665023AA51CD9D8DB48CE647,Clothing,Trousers,H&M,White,S
E45166E2338A35A6B205672F8696BE7972B7866C3771A75BD0C26780EFC527E5,Clothing,Trousers,H&M,Yellow,L
603D68360BDBBB1CDD35CE6D7E830F5AB69B77D8EC08ED50C8B30549209AF508,Clothing,Trousers,H&M,Yellow,M
5E106607C0F34C6546F8E817118273CEAB131F0E49F8E76CE8F06B370A12C09B,Clothing,Trousers,H&M,Yellow,S
3692CA989EE475BCADD916AEB626AA493A97C7201FBE690D5CEFDA074CE94237,Clothing,Trousers,HRX,Beige,L
D7F8C0876151A50AC84C02D15044F6DEBEA4FA7244C945C5C19EC911F5500A91,Clothing,Trousers,HRX,Beige,M
8DB134E8903DCC22E29BA5B79D2781B8C04615C18A51037B39EAF136E9DD3A59,Clothing,Trousers,HRX,Beige,S
3BCC8B462B3D878BDDB1358ABDC4BCEC3C5D44A7085906AA55ADF976D411CA99,Clothing,Trousers,HRX,Beige,XL
B7E1722BC25A848F9EDBB0AED0FFA1C5727ABAF1484F2E13731BF9276851FD40,Clothing,Trousers,HRX,Black,L
341B19B5AF5214D7ED66571703B1F03EF53592B1E89B76B87053466B954F87F1,Clothing,Trousers,HRX,Black,M
B2CA1B518796C695603F21AE20343DD5F6EDEEEF76955ABBDD5538887A0D6F02,Clothing,Trousers,HRX,Black,S
AB8A37A21389953D99A6CDACB14611B508D32BE230C0F576C28798CFF67EDD41,Clothing,Trousers,HRX,Black,XL
212BC9E7174A944EF3862B1A9AC70EF1EA25E2F0803C1527B00AE777EBC089B6,Clothing,Trousers,HRX,Blue,M
D7D2A274FE909EC801031E716989D3E126918F1229F696A444BD22793ACE613B,Clothing,Trousers,HRX,Brown,L
3BA114EA0364BE798F1A99ADECDDE55DE38CA470EF9556B9F5E0854BF6D641DA,Clothing,Trousers,HRX,Brown,M
3EC05F4626FE68AFAE70F2FAA5C4F407C84432E903543A04E3DA14A8E45F5010,Clothing,Trousers,HRX,Brown,XL
99BF56D146CAD42B74BD9B1CC0388CF09185AFB21FBB8069B7FC729452D8FA8C,Clothing,Trousers,HRX,Green,M
3D7859F941B434EF734767627C0B227EEEB3BA6D73070A89824E688C83165925,Clothing,Trousers,HRX,Green,S
066C3FCCEEE609929C2C77216A2B56F7A55F7B0074FE2DD4961FCCC8C89E9E70,Clothing,Trousers,HRX,Grey,L
E1BCC150576D8663135DC3AAE691CB0AAC5942C1BEDAD3722D0294230FFBF8FA,Clothing,Trousers,HRX,Grey,M
C3885B8834B7057A8197B9A3BA2D9A2914420A24A35306A6CD2E4241B9BB0884,Clothing,Trousers,HRX,Grey,S
D140F391EB1A3CA22FEDC760589D05EC7D675F95E58C9AA615DDF71EEAACABDC,Clothing,Trousers,HRX,Grey,XL
F42B24B00E71AD78CB4B60796E9FD78338D4749454747F77BA9BFA4BE5ED2A3F,Clothing,Trousers,HRX,Navy,L
35D66F1AB50C8A35A48D43E177AE566BC4202244479B5BCC247540EBC50BCE06,Clothing,Trousers,HRX,Navy,XL
31C0F3AF9192B9FB0DCA59C191E301D9717EA636D099DF9F1A46A363A226745A,Clothing,Trousers,HRX,Navy,XXL
AB4D0860A27ECE8847A445F5C969039015AB28D9D145C7631B620F80CA1DC169,Clothing,Trousers,HRX,Pink,XL
C80F3EBF3BE37D6640C25AFC402D8ED4FEE74854C5DB3A118CC655AFF1CEB620,Clothing,Trousers,HRX,Red,L
CBDFEF3D4F12222CDA67207F27FE8BF9A929C27B1663A2107DD1E007EE8B3427,Clothing,Trousers,HRX,Red,M
129AF23D48407BEF23393D8E152EE05897081E1002287A8BA04045C605B1FB0F,Clothing,Trousers,HRX,White,M
F3CF05AC64A6F65B64A3A099CDEA704523000D0657FE465C82D7E12D9AADBAB5,Clothing,Trousers,HRX,White,S
32908FEC4ACE2161EFC3CF89E630F6719B9B178C66CA05914D6667EBC3D40773,Clothing,Trousers,HRX,Yellow,L
9C7B87D18C77FCF0B8F7D953E29AC330D4E5E1A8C66177DBC7E6E18778319776,Clothing,Trousers,HRX,Yellow,M
1014CE32750A73B46144CB6964377E549B3555E907478D401E09D6B03800D929,Clothing,Trousers,HRX,Yellow,S
D84D68B7B30C6A7BBDD5516E13B652715719D8D824BE74BEFEBC6E960EBFD873,Clothing,Trousers,HRX,Yellow,XS
32A5E8B4DE7F3A68341706B988652A2848C5E8612E07A49E8C1A3C24F7CAD570,Clothing,Trousers,Levis,Beige,L
58069F18C3E85B6852CC810AFF8BCEA374F59ED40566988F84108A2C29D8338C,Clothing,Trousers,Levis,Beige,XL
60294C22E8E6F36836E9990DF3DDB8FBB2B23A976A292E64AB69076283527BEE,Clothing,Trousers,Levis,Black,L
162D6960A8ECD9F579A2E7CDDFAD598957B6182284B5C71FCFB17D57A9AF1B8F,Clothing,Trousers,Levis,Black,S
59D321C1E52E64E6049F3C5DD9957536C41463B62FEB8344BFA966AFDE90C0E2,Clothing,Trousers,Levis,Blue,XL
1F4878C5204C878113F832D0FABA97158A210DA45ABB56FCC3C318D3784C4767,Clothing,Trousers,Levis,Brown,L
F9391E2A9A59DCFA516549F175A3E094797B354359E504EEB252679470CC7F25,Clothing,Trousers,Levis,Brown,S
D8D53AAC2041A7CDA522751658DFE0150A3846CC22CDFCB46DED748141346E85,Clothing,Trousers,Levis,Brown,XS
A1577554FC7B6DD9ECB48145ADC0BC2F5D79D23D001D69438D798E6206E590A2,Clothing,Trousers,Levis,Green,S
ACBA34308403FE3C5D406B79E806A0C18C579D146DCAA9CEEC1CCAADFCA533A2,Clothing,Trousers,Levis,Green,XL
7A6E9041640F6001FC8D70F2E4A9A6934B36117160B03237D5263897AA880774,Clothing,Trousers,Levis,Grey,L
B7D7FA081CFC05583D0EC2EB1DD8F6FD7AB18CC28B1E4921526AE664926E95EF,Clothing,Trousers,Levis,Navy,L
AFEFE4A7768180F4782845DCEBDF01374E65CFC35BCB22AB8CC2F35E76D6B458,Clothing,Trousers,Levis,Navy,XXL
32D6671FFEC0D7A34481C3BC0FC129FCBC78E5A75ECE8948F3D62E3649894E8B,Clothing,Trousers,Levis,Pink,M
85A58B54BBABACAE608DA0468B65F7ECF2E9ADA69D368C9BB7097D86CF4BB862,Clothing,Trousers,Levis,Pink,S
CF2B31FD744458FFC48D0CAC65327158354F9FEE4CF697A64A10CFBAFE3711A9,Clothing,Trousers,Levis,Pink,XL
220D89E10AACAB5877139ED814A92E67E5C2A6431FA2A14D0238A539EDBAFAE6,Clothing,Trousers,Levis,Red,S
842A485542297EC67A7AB7D532AD3F78234F93F54FD9A1A5A4EBA9D2D6706DA2,Clothing,Trousers,Levis,Red,XL
8392CBCE8302F5363DBFE2AD4753A385ABB51AF595C51D9E7CC511542737B484,Clothing,Trousers,Levis,Yellow,L
BE9B92AA78E206B836775BD0DA4C3C9CC21E702C31CFC551FDCECF2B19C5CF15,Clothing,Trousers,Levis,Yellow,M
C96D5FDF0B21E557209B7A8003E41D0E5117BDEE2982C41111953269BE78E3AA,Clothing,Trousers,Levis,Yellow,S
29E1DFB968F428B85CD3F5F716B4A5F451B54BF1439D29E07017E2000056F80D,Clothing,Trousers,Levis,Yellow,XXL
81CBEEEB8B08A8ADBF9629C5418CDD418D3E7BA14A9C1B13E7EF330702BEEFCE,Clothing,Trousers,Max,Beige,L
E858F6B488823A8DBC34247705A5A6D6EA62B298F08823F907B9DC5C07C0BD20,Clothing,Trousers,Max,Beige,S
6CBC264590A08D69C4A8F795740749009D79ED0D55E50714064C276910261CFE,Clothing,Trousers,Max,Beige,XL
758D6F21D1ECA4EA1508C53F64CE240FA5B96E555108F35E68E27279698D3278,Clothing,Trousers,Max,Black,M
3233E0506A06C50869D02B6FD588F13FA6DF74F4239456EA617ACABB61AAF441,Clothing,Trousers,Max,Black,XL
6EF2F237E819D8A7C639FCED1B7FC33391DF3299D2086EE21088DA3D74707A2C,Clothing,Trousers,Max,Black,XS
88A72763557FA3ADA1BEAEAC483B870927E3BE186AFBAAE280D183A8393E5F7C,Clothing,Trousers,Max,Blue,L
0A695FAFD5F211042EAF8DBDAADDD7FDBC8A8E729163D2DEFB3C881DFD8748A0,Clothing,Trousers,Max,Blue,S
6EADF69ED39AE147E849BC699AEACD03FC5DAF9D661049A04018AF90840FC219,Clothing,Trousers,Max,Brown,M
DF267636B1AADB4A9ACFDCFAF0C3240DCFF6F934A2D6C4DE8FA3F77D86C60DD3,Clothing,Trousers,Max,Brown,XL
29F7457DC3CBF3EF047D2FE72F50E1C6BE10C8D81BCB2B48AC3C3F61EC235779,Clothing,Trousers,Max,Green,L
A563DAF6473C8390FC6CB7ED58022423C81CFE5A7E6408F8AFFD4819B0EC4EE3,Clothing,Trousers,Max,Green,M
491AD157BCFA15A1E7C422EB0E3656DB5CE96CAC91EBAF6487406C187C238B67,Clothing,Trousers,Max,Green,XL
301FF979E3B0581E4DE7520A029202B97CCEC5408843A2796ED878CD4A1512CD,Clothing,Trousers,Max,Green,XXL
0696CC126B20425F377DBCFF5B49DFA0EDDBD1CFBFCB180D7EEDEEE17E039F74,Clothing,Trousers,Max,Grey,L
9DB7BCA38E7F90A020B652D23D529889A16B35BD63F40D88B6D9F007EF104530,Clothing,Trousers,Max,Grey,S
45B9D24DF7DF1FEFD6B401B01810F875D7E7809E251E26B1ACEC5DFF653E26AB,Clothing,Trousers,Max,Grey,XL
DA15CF49A588A1F7ACDE1B676D933B3DE032458AE09F9F01542606255FAD5D8D,Clothing,Trousers,Max,Navy,L
CA5DE40260934DFB65E6CA9874A3D310D52003D47EB93FEB73002C2DAC5DDF65,Clothing,Trousers,Max,Navy,M
08DF25C31F1645B263CF18BDA2AC372D1F232FF286A35746880E9F162AC23D1A,Clothing,Trousers,Max,Navy,XXL
167EBBA1F483C5EB1EC2C52ABD8CBF72832F19874C4DAEB74D2836C09E81B846,Clothing,Trousers,Max,Pink,L
15BE368A5824EA1AC44148D3179E4A645242786F047AAA1409AAD290D166B2A3,Clothing,Trousers,Max,Pink,M
13EEF9EBBD33648C64A998E9FEDDE98B1A41405324039F5869FDA9D60960FE49,Clothing,Trousers,Max,Pink,S
B66CBA6A37C255260663B5590223CA2A74AFECEF9E36C50ECF31859808193558,Clothing,Trousers,Max,Pink,XL
B679C1D8E2B1880DAB1C1BB1A422A2319A28AC8348A10D4B4A0761FEFDFE9565,Clothing,Trousers,Max,Red,M
42B61804BF5442700974E68E9FC5520A875A6D3D5FD0048CC25C1773E5F12908,Clothing,Trousers,Max,White,L
F8066F8AC5A36741C00D541371FF56991AC7AFD392E327C23C05EE20414D9AFC,Clothing,Trousers,Max,White,M
EB5DEA7FE0E55343623F0CE725D00E1AC31C2FDD36225C4D9533708C08FAFA34,Clothing,Trousers,Max,Yellow,L
6FBEEDE9DA639F81CE7874A52FA8B477229313EF50A661E7734005593ED794D8,Clothing,Trousers,Max,Yellow,M
DE2500B1B03BACE5AD3DA1C1D13FCDAAB4F904F8462DC51D5DBAAC5BE2B6D5FE,Clothing,Trousers,Nike,Beige,L
17D791EA978CDE8E1184285B718F9DB10E510881835FD7B3C07D4C2F9B4F43C4,Clothing,Trousers,Nike,Black,M
111E0DDB26A90A30169D70693ED959624A3843327B9A2FDB7BCEA39CD555F9B9,Clothing,Trousers,Nike,Black,S
BAA17D72FEEA803B0BE495E161B43F8CFF3D9A5AC4BA97D1535D55A2EB321CA2,Clothing,Trousers,Nike,Blue,M
D149B19783065F04B9378FA6B22C755FDDB60ABCA556FBE89A9B107BB1641576,Clothing,Trousers,Nike,Blue,XXL
8CE8DE03E21E6A4F168D301302D11666C8DF267E82179B739A24387DD9A9C615,Clothing,Trousers,Nike,Brown,L
EB6987E2311325DDD11328E440131CE2E3DC8887A91E85AD8FDB85E6F31FD9D7,Clothing,Trousers,Nike,Green,M
4A014E1B14857B8EB019A511002DCDBD9AA980E5D333884CC13BE7707D18EE49,Clothing,Trousers,Nike,Grey,L
65089D961B0C4677D03EFE28BF6234BF6A61831CFE756794E9ADB1F76EB04EE6,Clothing,Trousers,Nike,Grey,M
3C893D2548E4A716714E7CC4E132EC890AF526592D7B13FC608C41C9EA9B5A5D,Clothing,Trousers,Nike,Navy,L
9D265D690561D17C7C3C354DC7E65271AD7E4DD42FE194F06E581BB1C45E4E5F,Clothing,Trousers,Nike,Navy,M
81DDE7941BB19CAE11F63E00D11854A90A79AAE3A7D9BE2DADB16E18FA43EE2C,Clothing,Trousers,Nike,Navy,S
661A4049F1A415E0CD1F4940D53F6609225499DA080B54F79C9213536E9F95E1,Clothing,Trousers,Nike,Pink,M
9F2E8BE383AEAD02C11EE3C041E184F18113C5CB749CA90C37A6439A20006571,Clothing,Trousers,Nike,Pink,XL
D22008F22F12ACF04BBCB187A17667997CF3FD82E7495C1371DE22D217D31894,Clothing,Trousers,Nike,Red,S
3E6848B609E6972D2FBB0606B5B770BDC848AEAE7C74F19CFF9E94554EDA50EC,Clothing,Trousers,Nike,White,L
229C9ECFA407F2DCE37B3181390AF6D7ED309C6C3BA656105314036698C77719,Clothing,Trousers,Nike,White,XL
9B2AD3E4290E99E5D4F0AE54F18E3946BD79BBE32DBDD64208180D1432F347FB,Clothing,Trousers,Nike,White,XS
76C6D116CD656006FC57332C809E689A614B95FC8FBDC4AE8B66DEEEE427C670,Clothing,Trousers,Nike,Yellow,M
B039D688B6635FB6BD2C98761EE94186F5B7921E11D679EFA02A7C0F2366639D,Clothing,Trousers,Nike,Yellow,S
D6FD83FBB04D02B566B90B36CADF6C5820AC651470239D40DCFAE7A85DC68EFB,Clothing,Trousers,Nike,Yellow,XL
CDF4B7E4C37380B96F9565348C55CC11EE623697E58859A8DA25BF6699C1D9D1,Clothing,Trousers,Puma,Beige,S
770CEDD6BC950EC61037D3AF589109724CC0830D8EAC18A5B3BED4F80238C5CD,Clothing,Trousers,Puma,Beige,XL
EF5B0FE537E6B5BF52B615054F84AAAED44EDF22A61C9E8CB3A536139C6D4FF9,Clothing,Trousers,Puma,Beige,XXL
31F5B02FBB9ADD738BF4C3837631693DFFD5E8F1F296070C0B3BE0833BD79119,Clothing,Trousers,Puma,Black,M
1833F606C77AB2933234CE3AA381696681D49CADA596A17272362B43D73E6D90,Clothing,Trousers,Puma,Black,S
3DCDFFC01DADED3EC9B5F80E736ACEFA45C6B68D81F52CA4F3A2FBBE027866EB,Clothing,Trousers,Puma,Black,XL
08ED8FE56CA3F6FF63771EC3345A471A33C56C3ABFB2B85034DF0F8BB57DC700,Clothing,Trousers,Puma,Blue,L
4DBF070E3259022C5C5ED8D3762CCF8ADA218454BEAC25CFE4ED14D00059E025,Clothing,Trousers,Puma,Blue,M
DB12B9E43B8BFD85FFDA749AFF269DE553D37A229A921127FBB3027243161829,Clothing,Trousers,Puma,Blue,S
E4C7C15E544E70D8367B291D31D8C471F90F18A3B5567A953E82E9F0DABE365C,Clothing,Trousers,Puma,Brown,L
EA682BD67AF62D2BFF8EAC9B62DC448096A8C80B92AE93B734491F846B38BA4C,Clothing,Trousers,Puma,Brown,M
54B02AC5E687806073BD0E2DF4BD4D5EC739D9C787B7D88619D6BF8A534869D0,Clothing,Trousers,Puma,Brown,S
83FD6FA4A8A3B2857867BED0F172924D45CD5CBF19F9FBC118830277537BC40F,Clothing,Trousers,Puma,Green,M
63449A1BB2F237E737D19C724DAEBAB3F641352B11B24B2A5070BA0FD753C623,Clothing,Trousers,Puma,Green,XL
E60901ED01C8A5DE23597E9DDC704CED0C3B35F771C0D1B32BC4372CE8C1F245,Clothing,Trousers,Puma,Grey,L
D3DD3ED277401774F5D501888363424BB44399603FC1BAF07349B059E9C5E3E4,Clothing,Trousers,Puma,Grey,M
801EAE78473ADC00AB75E1BEAA09280D8F506E23AE6BA4174274947C122BB62E,Clothing,Trousers,Puma,Grey,XL
AF23759AE2D595CB2B23C63A4F500952FBFA7051CB4F1B2929E96C7152E2B0FA,Clothing,Trousers,Puma,Grey,XS
EFBDF17B199F79977AFBB5DA9147B043ADC476D284AE463DFB04A5EA6F705025,Clothing,Trousers,Puma,Grey,XXL
662C75FCAC84F5C6092A01E826C302120A278C1AE55E9171E4E871EF0A0A74AA,Clothing,Trousers,Puma,Navy,L
20FCD8A417CBC73252A476622E9804AEE48EC9E4BA4E0EB8D3EC6AE83310AF78,Clothing,Trousers,Puma,Navy,M
7279226B66CF01DD09A53DF2587E9B07E7ECFBC744E2CAF86C46F5F50B71AE7D,Clothing,Trousers,Puma,Navy,XL
E5F7FB5EDF6CAE9AF03344EEB189690AE65691B9C40C7548E210E61F577B875B,Clothing,Trousers,Puma,Navy,XS
C44A90B8C81AD6D3EE0C8605B77EAD640710351732C5CB7C529F333BED245326,Clothing,Trousers,Puma,Pink,L
DA11FB2C24D65894C2DCFC4BD28B7FC8748640E269433922F8667614E670C6AB,Clothing,Trousers,Puma,Red,M
1541A9449060992131F2CCB871FEB4F0000C62336B40C4FEA36BDC6EFBFE46D4,Clothing,Trousers,Puma,Red,XL
D65E14A671E69B613592B245030A234EE42018EA224AF42C9E78B3603DE70ADE,Clothing,Trousers,Puma,White,L
611452740C45398849F9F32F868D7671DC4DE8FD4E75D87A464FF1B1A47FF218,Clothing,Trousers,Puma,Yellow,L
1C02C1FFCA62EB1B1EF9CEB43046E4DBDB8DE26903964A526856C3C540D3304B,Clothing,Trousers,Puma,Yellow,M
EB11C1DFF35091128342C9F1F0FC44399852B2EB607258166B547B8DB72A6C62,Clothing,Trousers,Puma,Yellow,XL
05DD227299A2A6A4ABD4F82378AFAFB163553B718AABD087E706C23995C72639,Clothing,Trousers,Puma,Yellow,XS
E177627D81A5FCFB687B3FE2F8DE60ECA13C59819823C5F74FAFEC256797C096,Clothing,Trousers,Roadster,Beige,M
2B3268FFFA5F24F92D9DEE03DDED3558551C96A156B02DA14945D1E94CD146D3,Clothing,Trousers,Roadster,Black,M
66BAD46B41FDE5611D111710F274FDE27F86D9BCD9B5BDF90E9788E326454BFF,Clothing,Trousers,Roadster,Black,XL
A0486309ABC9E0EB6B38CCD9105E46A65561BBB2481310D067A5CEEB7CE712B0,Clothing,Trousers,Roadster,Blue,M
F7DA24B6749B5A4A9E67769C771E70DCDE11666FA05E60FCF9477C73CE0C7C18,Clothing,Trousers,Roadster,Blue,S
15D4221014F80E1890A63D5160B045E1F4493D0A47139B7F89C8E5182E8871BD,Clothing,Trousers,Roadster,Blue,XL
D20397002CBE4F8FF38E8BAFCB983CF6B2745516F4204C81AFCDAD84173C0954,Clothing,Trousers,Roadster,Brown,XL
B9EDDF1CD0EDF773A8267B1786197EB5A90A9FF758B3B8A8C539F7D68AAB9FC3,Clothing,Trousers,Roadster,Green,L
9DF837EA3CAF730E71FF786A90BC9F10989FBD5EE4CB1265B2A6A6B5A25EF807,Clothing,Trousers,Roadster,Grey,M
48996B85E94F90CBFE738E203E090FC283C7C74303D3B8F6352EC6BA23CA9E64,Clothing,Trousers,Roadster,Navy,L
D8D41CBC2268B9C6D01B18E2B47554BE8913B945CC8A54F0A54C52ABD973093F,Clothing,Trousers,Roadster,Navy,S
5DDCF36DDD23D1F19BDB73F0FD8F844315FBBB87ED9B0576CF685852DDA431F4,Clothing,Trousers,Roadster,Navy,XXL
1D83A435A5C0E98980FC660CE34210989AAE10B1AF6088F927494FA3D3ED5A35,Clothing,Trousers,Roadster,Pink,L
7904D3D119FFC1757F8CAE1CD99FB44610AA460B9C049434087AB1AB38F399CE,Clothing,Trousers,Roadster,Pink,S
506129EF49CED6211E616DE0FDFEB540EA2AC2AA1E4503375A07EAAF3C260522,Clothing,Trousers,Roadster,Pink,XS
1F08F1485F0B746DAE43DC7BCFDE432955927A76DC7A2EE8C0615D16FC49E85E,Clothing,Trousers,Roadster,Red,S
147DE44D703CDE81CA23EAC959EDFDB6CAA823E3CEEE1D869B59BDA3B07EFACA,Clothing,Trousers,Roadster,Red,XL
9E634DFD2676C66D54B6086F3B8A8182B23D6E8C936CB8298D92C6B35218CE8B,Clothing,Trousers,Roadster,Red,XS
17826A796DB59DC1C5AA4F9F7259DE985472A39D89C329039E9A3A8FF50AA1F5,Clothing,Trousers,Roadster,White,L
B490A2167979AD4D0A3EE848E8A47510E203174F3CC1F9A14A47BEC34DE94F0A,Clothing,Trousers,Roadster,White,M
C6541D19B867C05379003CDA33C3C2C8714BE9C271447CE1F5BA087BAAD315E8,Clothing,Trousers,Roadster,White,S
AC93FE3F5B1D3C627F739BF516B450530EFF554F1617C2B66970F61D1CD25A74,Clothing,Trousers,Roadster,Yellow,L
01F64DF8C76E48D9E0FAE3FB582ECB9D2DC61B08D470DE3C3407666D8BF88D77,Clothing,Trousers,Roadster,Yellow,M
5D5A22559D4AE851D442BFDC591D62E29CF4772395B52155D5988D4ACF5CFB2E,Clothing,Trousers,Roadster,Yellow,S
290FF5E7719E1D38D7FF379AA98344B1CC167AD0D5C1F8EA73C592185197F19F,Clothing,Trousers,US Polo,Black,L
FE0CCCDA848A9B8CEDC5041544CD0036F4A116F4D2724D48AA0648760B0DC515,Clothing,Trousers,US Polo,Black,M
698F9F188E766F43B4A05DE852E9F3912667CE8682BF221FDB6BAB2B96BB20FC,Clothing,Trousers,US Polo,Black,XL
50EF04D13AC0668DABEBD7C9254BF1DBFDB8549B7367BE3FC01C3F642A670058,Clothing,Trousers,US Polo,Blue,M
750BA5FF57FA2CB1B482C364BD430D0A00332D88731E2148CC4F73FD29B4B34B,Clothing,Trousers,US Polo,Blue,XL
B3A8311A31DDF00CEC140801A6FC5E4CE24BC472BFF6A84C78C9A2B12FC76E75,Clothing,Trousers,US Polo,Blue,XXL
1CA601DACD4970A36DC6EA3A2587697BBA949232EA14663ED9C7C15E4D58CC50,Clothing,Trousers,US Polo,Green,L
5BB24C43A47D21D54B219D24C6D0EFF55AA93E6E41118BF83005011BBD7CCAFD,Clothing,Trousers,US Polo,Green,M
1BA54C19836E4479C23D1830BD4BCF2945C9D54AAE66AC8A9A95CC511BEE2050,Clothing,Trousers,US Polo,Green,XS
C845B11AFB3D44ED396110D762B2C670D93FA6EA3B591EFE34C979A43818A551,Clothing,Trousers,US Polo,Grey,M
2ECD25A0999DBC307524B6988745D53D54B6D99AE08A6AF6326524F9AB7E122E,Clothing,Trousers,US Polo,Grey,XXL
5CAFDE5EE5E5EB1841EC21AF026E0CE0197F92DFC0FE66548C73E91F56F40678,Clothing,Trousers,US Polo,Navy,S
483888FEFDABEEC8B85F9DE7A7DAB13C3B2A2DCCBA7FA347F2540ED4E424C511,Clothing,Trousers,US Polo,Pink,M
65CEDCD6F8FFAA444C1566DFD696EECB4FB43BD12B5856E46E2A6859886C5714,Clothing,Trousers,US Polo,Red,M
AB8FE77E8EC907B296B0C53F968B56C494571CF90BCED95C8CD109068B16791E,Clothing,Trousers,US Polo,White,M
2CEAA80066DBC0205A271FB3910C0C2F9AF38A5F19FC3A6FC0B26E279D6CBF9E,Clothing,Trousers,US Polo,White,S
779CE12441ED1A874389E394E948DBC537428E26B752F44874124E36BFC9770E,Clothing,Trousers,US Polo,White,XL
DF153C11310F7A8D77E3A902D5BDC2506126C2B76B3A1A5760B7DDA0283C9990,Clothing,Trousers,US Polo,Yellow,M
FD8266531A6CDBD2ACE582385D0D5722DAA5F701573C771D2FFE288178F1F57D,Clothing,Trousers,US Polo,Yellow,XL
CB5020A5F6785C284222EF1E492C773B14DDA0575A19E209BCCCD6F31CEAD93B,Clothing,Trousers,Zara,Beige,L
8716AEFB012D041670C68208A7A5F8CD0107D73D30A8DFB6F9E762084B16E71C,Clothing,Trousers,Zara,Beige,M
5FA84EB5E32D7585F874C3675B38DA328BE959AF70D93F73C7FD640662E5716D,Clothing,Trousers,Zara,Beige,S
A05B33D8DE0245A5B7696D1759C00F4948BD75E0DD0A443EFDC18BD17BE49F0E,Clothing,Trousers,Zara,Beige,XL
78CD64B92D9D4B861ADF7D459FB468978F38969F10762F08C631FC3323049274,Clothing,Trousers,Zara,Black,L
8BD90FEE7F0B83C615649079085B9C37004867683F9125EAB222FBDD1A42CE3B,Clothing,Trousers,Zara,Blue,L
2AF68BC3A28A83965F8AC522CF63FF77B8F125FBEB820E5F8EA2B7FC9B2C2C70,Clothing,Trousers,Zara,Blue,M
7D9553970B5E1F905A95DCD90F9476AD2370C45C666F6D5EB0FD1003C35D10C8,Clothing,Trousers,Zara,Blue,S
B780580E8DBC45931EF0374F56029B6016DA20B16DD57A02B233493BD56BB7D4,Clothing,Trousers,Zara,Blue,XL
806CBE0B8F67330D35760DDBC21B703A2152679151A5378E04CF2C5BE4D91AB2,Clothing,Trousers,Zara,Brown,L
04A911852DB009011E5D12A6151FD616333C8DA5C8295F109093CF5602DFBD60,Clothing,Trousers,Zara,Brown,M
2E1897948C31150D3C11E5BBCC3C346CEFFB5B73CB4E34184A0D9A13905BDC28,Clothing,Trousers,Zara,Brown,S
7D81325F780A70A8C74E904FBF299995E3FB1CAF75FA49B57C5890F7E578EC58,Clothing,Trousers,Zara,Brown,XXL
9494AA28B5B2CF1BFD7A493FEF5EDE47EA7F5DD27F4C35D209A656C98B34C661,Clothing,Trousers,Zara,Green,M
647B115AAF1E02430B8FFF05F8EE4F1F1ADB90E7041756A3037DD948E9999713,Clothing,Trousers,Zara,Green,XL
AF49093F21D9385707A0F3D0A0D73EDB6BD42C41ABD5B383A9F6D7D781C5DA7C,Clothing,Trousers,Zara,Green,XXL
65E253D759B1EB511B3BD65CB72F0C21FD30948B673C5BE3C71033F2FFB53D26,Clothing,Trousers,Zara,Grey,L
B4FD84035C766DDF3D65E2F76573BAE05136B77AFE0CB83C014B22FFCDD252AC,Clothing,Trousers,Zara,Grey,M
088041C08429AF8AE7CAB8D9F6F1474C2860D8E2312A6BFEB10622C5BC755713,Clothing,Trousers,Zara,Grey,XXL
9F9B01402E937F684791F320C34AFA305695C05BF6C1918C0CD147D43AA7FA24,Clothing,Trousers,Zara,Navy,M
20EECBCCDB0653E98C27EE3C3B701797289924A02A611CE19E76A7189CD36986,Clothing,Trousers,Zara,Navy,XL
2D5D5E8F2F6D2079888DEF58A1E60C8DF3D323FF23EF1E9FB6C0D3F001911CD1,Clothing,Trousers,Zara,Pink,M
96EDFF32678515167827E1DA069275ACFD6E750544CB40537479CD1904D7E052,Clothing,Trousers,Zara,Pink,XL
C55D7E56B396D35FDCD1194AFEB37E8E3C2A8A45C7116008C54BCF4679640C74,Clothing,Trousers,Zara,Red,M
4825DABD37068B15F5607CB050FF52833112A9594083D30C91D2C9D682EF2070,Clothing,Trousers,Zara,Red,XL
A61D8CB4D35F98A02F7052A6650A8E4827276E7707B9A828802B15907E5AE890,Clothing,Trousers,Zara,White,L
F3F11C9CC699683EACC355B17295CB02B571D4400A84CA7FC7142797346FDF01,Clothing,Trousers,Zara,Yellow,M
AF4127B169BF3179A5323829D3683FF99A1991EA7924CE5F2D60A4F5C1611D0A,Clothing,Trousers,Zara,Yellow,S
1C43BA4E9B7C9304E8CAB4851D996FA5558AF212EF82FC0BA7D2785E36D19E61,Clothing,T-shirt,Allen Solly,Beige,L
938F029C7026F93C61FA6C894EC917EE993C62CBB1FFBD50ED9DB04E41B20825,Clothing,T-shirt,Allen Solly,Beige,M
B8DD79DAF19CDFA48C3655366819BB1E31C3EC336DAFA54E65E913C6574354ED,Clothing,T-shirt,Allen Solly,Beige,S
5A0F1AFA0CB2CD5587AF6C436E6F108BF98F63CBC8B45C3202B0EA1943060EEA,Clothing,T-shirt,Allen Solly,Beige,XL
1CE2D5402B14724F8E2E9E0CE8A0BAE97531D027BA8632E5CAC4CFAF4D8B09A4,Clothing,T-shirt,Allen Solly,Black,L
23FADE94435202121BF8657673AF53E2299B06AC87E39AAC4BC574A0AF7E55B4,Clothing,T-shirt,Allen Solly,Black,M
3A12338CCBEAACA2FE30B87E96436AF278DD8E2B41B0E0A9373F5911FB203D77,Clothing,T-shirt,Allen Solly,Black,S
FFAC27EAD7C4A8005132976A6E1212B101425CDF7C550720E37E36D1FE7E872E,Clothing,T-shirt,Allen Solly,Blue,L
E8F53042D45B99BB2B38867A54EAE8A476F5598910379FBC7101E87C0E8562EB,Clothing,T-shirt,Allen Solly,Blue,M
605CC9C74CABB239D27394BDCCA30A5E65767B41F09A0A41D1ED5364329BB4C8,Clothing,T-shirt,Allen Solly,Blue,S
699FF435EB92B00A920A8E7CDBB16DA2E267A55AD90307826506F4B03C591A95,Clothing,T-shirt,Allen Solly,Blue,XXL
201EBD8DD3E2CB5272811DEC3FFC5E323C328160EF6DBAA46D5B9D0750ABFF00,Clothing,T-shirt,Allen Solly,Brown,M
29E2AAE2767728508670EEFAEA3FA773CB74933B9D196424DF112F79B4A44F0D,Clothing,T-shirt,Allen Solly,Brown,XL
5841B39E590CA36D9F2D47AC59D99B7DE761624A2F48ADB5459CB9770FE6BA3F,Clothing,T-shirt,Allen Solly,Brown,XXL
9CA47374F1A6A164045D510EA09431B993587DFB3B9973079245239B7AF0D078,Clothing,T-shirt,Allen Solly,Green,M
3AFDCC4811CAB55366BB18F3B7508740D49E0617D4BA879FA74BF03BAEFFC72B,Clothing,T-shirt,Allen Solly,Green,XL
508C836F2C17997DC749970A37EDF13BC70C7764F59DCEA7C570CCE94F02A5E3,Clothing,T-shirt,Allen Solly,Green,XS
5F8707DBCA19A67C7B02EEB248FD8E98462449D98233D9173C87333BE07471CA,Clothing,T-shirt,Allen Solly,Grey,M
8018F46950F08601870C6605418829D2869C2E9D21DF2A73253F51F3C56FA7EE,Clothing,T-shirt,Allen Solly,Navy,M
9C4F140B2159EDBF2C7CA103F77DD892FE19C33935437B4D9B959DFD78EFF921,Clothing,T-shirt,Allen Solly,Navy,S
FC1AEF63F66C972904BB9CA999D9371A35AF72FD605DC291C1362E1644E54E3A,Clothing,T-shirt,Allen Solly,Navy,XL
61550059387716BFB3C96A5C5CA49D97E453F8F4368DD2F03771F82BD92BACF2,Clothing,T-shirt,Allen Solly,Pink,M
36EF5F4913CABEA01DF3CFE660538BF695D9ED0C94D3165E451C9A20E364A116,Clothing,T-shirt,Allen Solly,Pink,S
C56E04C5224FBF720D1899291F54E2CBF3726DB77CC9CC4EF5F4F3156364A65F,Clothing,T-shirt,Allen Solly,Pink,XL
739652D7299637BFF8AEC990B311160D95D313FADEFC9636AEE0B14698C71161,Clothing,T-shirt,Allen Solly,Pink,XS
B4EE7D1F04DA6FEDE3D226A774B3ACB2B6D24021E73853CC2D5610EC94E53539,Clothing,T-shirt,Allen Solly,White,L
3D013B75AECF0027FD3CB4B49A02850A6D4D9588926324072AA9F7FE0848E8AE,Clothing,T-shirt,Allen Solly,White,XL
699F9AA0BFBE00A83CD383F357BDD4195670231975C9B0536618C89B328500FB,Clothing,T-shirt,Allen Solly,Yellow,XXL
65BFCC61402310987DA3FFC98E14C6B5366900F0EAD8807584271A6A4C385341,Clothing,T-shirt,Bewakoof,Beige,M
9A4252FAEE8FB8A8B24AC80069D4FF31801E08E64BB3BDABDAAA60B9E662E155,Clothing,T-shirt,Bewakoof,Beige,S
405379C81FFAA2044F2429D23209D2A674D8C2D0EF81C82E8FAB3D6DE70EB111,Clothing,T-shirt,Bewakoof,Beige,XL
A882951607A2D719452CBDD8B34EBB616FD1AE813C890E62DF156FC818198588,Clothing,T-shirt,Bewakoof,Black,L
7C54E000C9C81E0699DE6D0F16BC319396766743790BC0E2C882AD76AA538B83,Clothing,T-shirt,Bewakoof,Black,S
CEE71ABB29B3280F809683551FB32E718A9B7241EE0CB3DA06A259D77CC7B1F7,Clothing,T-shirt,Bewakoof,Blue,L
E4A50EFAB8B07D65A941732D0554E4AB6A1365F6B2B2FA3CD3C4A3E3C2EDBED0,Clothing,T-shirt,Bewakoof,Blue,M
1E3DDA5D5C74340990AFD759BBCB006BA5206421023D52DD161AB589B5A89B86,Clothing,T-shirt,Bewakoof,Blue,S
807EC48B881D260834444932A3597BFBBFFF633D01A0BF4542352932CD76CF4E,Clothing,T-shirt,Bewakoof,Blue,XXL
F34828262756775B252D6C8CB722A23B6BCACF7FAA245EB5C4122CB555C01A71,Clothing,T-shirt,Bewakoof,Brown,M
B843F7BAA9711B5F72527DA1A6DB4871962B16CFB8C9CCBE9648525FBB1C9B4F,Clothing,T-shirt,Bewakoof,Brown,S
C9DD4E72A6EE10E168F656D4CBD5623353BFDB77FA87C13D17601AA23E7EA768,Clothing,T-shirt,Bewakoof,Brown,XS
B4ADD8734BC6AB7DF28C8BC0C10907EB4555BFCBDBFA9C20C4433D6F560F5B03,Clothing,T-shirt,Bewakoof,Green,L
2AB7AA05D93F1BDA9239F8D20795105C9AD76C46FB51A5D9E4E7E29E96F09F66,Clothing,T-shirt,Bewakoof,Green,M
E5B2A413CB6B2AF86368A18A553202DBC57652A6EACD44D0040ADEB397263F19,Clothing,T-shirt,Bewakoof,Green,XXL
0DE0A635D117E38181DF4BE4FE51B60E22D429A035A0C38C076CE8BAAA94EB59,Clothing,T-shirt,Bewakoof,Grey,XL
64B87E5D4C26C19D96300EFFA0586261996F74EA4BEAB320660EBE5DC2572D0C,Clothing,T-shirt,Bewakoof,Navy,L
CCEA31061066ACFAAD6183F9DA301A0C77EE6C31746D6E7BF94ABF6640BDF4C7,Clothing,T-shirt,Bewakoof,Navy,M
026765AC9671D55C65E2422244DA3F1A0510B4E40983A155985ABEED62C1F937,Clothing,T-shirt,Bewakoof,Navy,XL
BAB54989D470EE6849FE45D053872F2489A743AA4B8245623767C36F9B8038C3,Clothing,T-shirt,Bewakoof,Pink,L
BFA952DE6CA5B1094255D560D49B8D4B1BE4B3F460C643B5AF329C1845367759,Clothing,T-shirt,Bewakoof,Pink,M
FA13ED3DC258CEAD5468D87433CAF8355593B73D98F60370D15461BA255AD27C,Clothing,T-shirt,Bewakoof,Pink,S
5F22C37ED0D462387E429855F18843A24DD0AFB49037ED306AC4B7F99D5BAD1C,Clothing,T-shirt,Bewakoof,Pink,XL
F0B00F653E7EFADC156EE167F1256A7E20FD856181826251A3E65218C524A2F7,Clothing,T-shirt,Bewakoof,Red,M
09CB930D6D411DB9658CFAF37C1B8887F7C7B020DD8E00248FB81663213923D2,Clothing,T-shirt,Bewakoof,Red,XS
70048153E5E31F97CA1FAB80EEA14A0823442940E5D399869FFB766A00B20996,Clothing,T-shirt,Bewakoof,White,L
76FA560FF45AB160A00150255A99C08E3C533C4FE91201458724E4F26AC29237,Clothing,T-shirt,Bewakoof,White,M
D12601C3B07374C1415CA39A307C07E8D0597D0CF6BF64932C28C95FBAA7A361,Clothing,T-shirt,Bewakoof,White,XS
9103147BCEEF9A3D82E05EEA9E2CB4C37C6BF0734401EBCA7EF030E0BAB3E66E,Clothing,T-shirt,Bewakoof,Yellow,L
2A1A6B41A1071BE4DB9F225009D2C24CE4CDC006EB5DE44B71919B5399F679BD,Clothing,T-shirt,Bewakoof,Yellow,S
89547C4C9E80C78C2179CB2FFBCCFF2BEE37B2CBCDEA2B0936C260418A27FA22,Clothing,T-shirt,Bewakoof,Yellow,XL
8A02BD56C1523E2C009A95D7C2ECB15BA95F2AE4DE5CCC640CC30DE1D0034227,Clothing,T-shirt,H&M,Beige,L
7202527EADEBCCA107D45F860CF8AF46ABDAF6E872A49C6A5BD079BC6C356CC1,Clothing,T-shirt,H&M,Beige,M
BF26015122176096741117CEBCA588A6A9075DAF80B2DF616341FABF656F6230,Clothing,T-shirt,H&M,Beige,XL
95C0D4880289FECB1498B6ACF2F5714E46609185D9B18B772C9E3C4A05C4BC0F,Clothing,T-shirt,H&M,Black,L
A839EADA86F4FBDEACD2023D618AB7EC07F5C870DCCCF2C878BA5621B933F22E,Clothing,T-shirt,H&M,Black,M
CB0867802C0123858D9E5AE737393D19B86C5FC1E35A0D5CF959C27427D6703C,Clothing,T-shirt,H&M,Black,XL
AEAE4B632DB5E3DF0572C05FED09FD55F3F6574046D7F3D9CDBC9063E3E16095,Clothing,T-shirt,H&M,Blue,M
98251919B6DE35D393C7800753001D8D165E13F7083ED3236914DC9292DB6D67,Clothing,T-shirt,H&M,Blue,S
E8F6F34840B3088E80D385A70D2C281BAAA73CAC2EAA5A77FBFF83213D81E219,Clothing,T-shirt,H&M,Blue,XL
1A7F005191EA30B8FF76E43529B458BAAC9979A48D83E20E6B1684BB0B56D95D,Clothing,T-shirt,H&M,Blue,XS
6ABE94CE3E78B9518902287A5AEEBF5A74BB7F176E9559303DA834ED4F373929,Clothing,T-shirt,H&M,Brown,L
BA965E7306E3C79EC2BDA0EEB0962CB302EF1ACA0AB75300425BFA7100C2EE11,Clothing,T-shirt,H&M,Brown,M
402E3CF22EC25B6882AF4240F223A8BB34944EBEC7E3ECF6A2AEC8ABF590AD29,Clothing,T-shirt,H&M,Brown,S
F4D6BBE9672CC5C297AC0BB7AFA8DA81C4DD5C1F658A4F78B87EEDF32919A4EE,Clothing,T-shirt,H&M,Brown,XXL
F5CE85550ED59E8D45559945E18C429374BFCA3E43363AC3FD3B8A3F65C063D8,Clothing,T-shirt,H&M,Green,L
4F98AF129B6B280847D2BFF171D3159DB6AE5404AFD5F1DBE63C7AD567CA83F9,Clothing,T-shirt,H&M,Grey,S
080A109F0CF3902693A9636988BEA9477DDA78A99EDE2A396693DA43A4E200BC,Clothing,T-shirt,H&M,Grey,XL
05D515E9C58FBEADCB8ADAF4F3C542DE6FFD412E2A3EE81FB8AA27D1D4FD79A1,Clothing,T-shirt,H&M,Navy,L
BB0F0B2BFB1BC2FAE8C3A52609727D04B3520EE893C4006FC8AF96E6683EEF50,Clothing,T-shirt,H&M,Navy,M
623876F99D1F09B9CC00F13FEEE26FB8BD62A07AF4E17CA232BA51C5AB4EF472,Clothing,T-shirt,H&M,Navy,S
D87E3A9C29D5956CE2EDC0619E6AE69433309E25FA936C97758B9A3B1F62D285,Clothing,T-shirt,H&M,Navy,XXL
DEDC284CDC252BA97DE2DCA1382CA8D651A474A4BC03FA29498FFA232B6C9989,Clothing,T-shirt,H&M,Pink,M
A67EAACB00BCF4603FDF2D11041C9B19F6A18AF15447A6E0AD74666F26E1D05A,Clothing,T-shirt,H&M,Red,M
2729D6C1B42C4451204B3F641C5DEA3C378F85D3D5B0357035A467AED3565772,Clothing,T-shirt,H&M,Red,XS
1FFE05A8680F648D5C7402149ADB819482E4AA3701C35C99A651E3269E469051,Clothing,T-shirt,H&M,Red,XXL
85C5960E3064755A89AAD897E80D30E979E9543747F9AB88AA7974D17A530F06,Clothing,T-shirt,H&M,White,L
F0C6FC18010E4C073713B5DE726F066DEC5E49E24ACD0C1722BAC3E3FD29465E,Clothing,T-shirt,H&M,White,M
1BF1C96D549D599935B66B2717A113834EB8C5B86EB8168A0403297FC0972C75,Clothing,T-shirt,H&M,White,S
9AB9773BDF79AFEC0B3D4C8295F5FBA42F4962037422637239A5CED8B87E093F,Clothing,T-shirt,H&M,Yellow,L
3D9296DE63309C85BD5F034B2A491F475B2AFCBBD9F6CC37A282D31A105005F7,Clothing,T-shirt,H&M,Yellow,M
DD0B5C86FDE599E7CE94815CF5D173165279E0F6F401728258D09AB446751F98,Clothing,T-shirt,H&M,Yellow,S
65711AC5E544A557755CCB1510455045FCE9B2801A6DE29545E400779783722F,Clothing,T-shirt,H&M,Yellow,XL
305C62D5F7FD85CA9A85EC76A116E60B24A63B0E4D14B267F06BC0D898B354A8,Clothing,T-shirt,HRX,Beige,M
3256D976FBF397945A04A2B354A99B1F71F7D6A3497D97842BC2F418926ED98B,Clothing,T-shirt,HRX,Beige,S
8FD97CD48B79313E99EDB2BCE069D324DB869B4964C34829E8D6902E6713064B,Clothing,T-shirt,HRX,Beige,XL
AAF6FFC02D90AE8085CF2024AAF26D89394AE627310074DA4DEBA38246D12C12,Clothing,T-shirt,HRX,Beige,XXL
748BA01375CB30B816F818C289E3BF5A6366F1C814154FC5CFDD0D3288A9A776,Clothing,T-shirt,HRX,Black,M
F7BE3A2A8A79667D7C0AF7C695E7EB53A9C3FD2DDABDD879D122BBBD579E3F15,Clothing,T-shirt,HRX,Blue,L
3DDEFFABC116A11A46559DE4A2436567AF9298CB9361A2E83C1CC8469B409909,Clothing,T-shirt,HRX,Blue,M
3D4C2E0E58F490626E488DC73A18A295C811AD6B5995D777D3F1A32B87324ABD,Clothing,T-shirt,HRX,Blue,S
F1AAE56E64476803A8A9A357E2E56A841AE6600838D0954C51BF01B35FC2B0B3,Clothing,T-shirt,HRX,Brown,L
15A5416F694C73C066DFB4F89C3D9E8995F3281B9231FE9F14D1DC9B47311FDB,Clothing,T-shirt,HRX,Brown,S
942112B4602047DA2C68F09A4CA69A40DF637D5414CB7ED3A05CF95AC9B82138,Clothing,T-shirt,HRX,Brown,XL
CC75880DD07EA0A3B92F05C2AE31FA00C49F6E90186C44E424A1A2EB95CBD201,Clothing,T-shirt,HRX,Green,L
5120D4D0E41AFCFA1A3B1D6E4A33F34A41C9E4E7DA29809D9339CADAEA11BC55,Clothing,T-shirt,HRX,Green,M
3B0C85E62B3155B541DC6D54B1E86E3AC407886C90BDB7A0A0E74C3682CFAD46,Clothing,T-shirt,HRX,Grey,L
A6E16F3D90D175F5860439633C8EFBC56461F3DB4613028699345F6BF3AB1D5A,Clothing,T-shirt,HRX,Grey,XS
F749C2EC1099547F4DDA53CE30D209A5353DC1F061E15DFFF16D17BC6120EB4D,Clothing,T-shirt,HRX,Navy,L
C472AD2EA46B84CD047B9EAA707340A3D4EC4B6D7CC307973CDD11B703CBA4A5,Clothing,T-shirt,HRX,Navy,M
2288D348A9839D7E790E1B112F3B0771E3ED940A50174E7C2AA03EFFF30B0406,Clothing,T-shirt,HRX,Navy,S
E56A614C2A04033DD0EE8CF6AED32BDC84D02B9CBA673A36B75BA7D0EFF924B5,Clothing,T-shirt,HRX,Pink,L
B7C6F907777F009915907341A659A119D4426998AC52FAFE0216F8C31D0ABAB0,Clothing,T-shirt,HRX,Pink,M
30028028C780AD86CC460F9A5114B9D559D868E583E1540A0FDF00B643466038,Clothing,T-shirt,HRX,Pink,S
B2C2127D17D9AEEEF98501F880CC55E8A5A9EA9F896ED30EB0D16663AD1CFF60,Clothing,T-shirt,HRX,Pink,XS
8C4E79CEE2391D3436AFF58491F944831292672A9CAB50C3901E456373C8FDA3,Clothing,T-shirt,HRX,Red,L
453ABAD8B62D75FDC9636D763856053CE03A7BC4E63A4F2B59C0DAAE6F2265AC,Clothing,T-shirt,HRX,White,L
4CD7957D77D4D25B17F6F127F283992C65F627A49138F65FF5EF9EB0E1B7CB6B,Clothing,T-shirt,HRX,White,M
0850CC8484A5C66BF7BA8C6332CC10194674E7A2ABC564795E8AF1526D92F040,Clothing,T-shirt,HRX,White,XL
23F46A532DA552F37211E4E7A495301E755D135B421BA071E9EBF76A0B088176,Clothing,T-shirt,HRX,White,XS
0F661BD82F42E5230BE20DED556BDE9187A9C16F4D40BD4D33DD4E51D53A7768,Clothing,T-shirt,HRX,White,XXL
BC25F2FD0FDDD325C25C699C9CD6D7884C44EC7F651B58179751BAFEB333C0FE,Clothing,T-shirt,HRX,Yellow,M
4658D860DB526B9623DD036B5BF9262922A714F74CAA6DC5852D8FAD6582716F,Clothing,T-shirt,HRX,Yellow,S
45292DB9B4F6B31A6E94AF21E6D3E3C00FF11CEC9051C31E5D8AC41DDD2441E9,Clothing,T-shirt,HRX,Yellow,XL
261214CBC0C269FB89277DC1F61A31479741F524F76D49CE5F35E939B344CF7E,Clothing,T-shirt,Levis,Beige,L
B462525B5441237A903B104177C7E331E12DC652F665B3B4E3AC59FAE6AC1E5E,Clothing,T-shirt,Levis,Beige,M
D7E17CAFCD76CD95290358161963C2C8DDA3FA928A381966CC5DFAE251BD5908,Clothing,T-shirt,Levis,Beige,S
7C51F56E5ABA4CF11B34D7C7DA6991E67428B3878BF2E84FE69CF597B0DFBA14,Clothing,T-shirt,Levis,Beige,XL
2F85F9C6AD56D92936B59A603D93A8CE29FBB1ED09BC980B5DE9240EE83D156C,Clothing,T-shirt,Levis,Black,M
BE64C82D3C212A5D8BE126CBF064CA89F3E3733F5906AC29FD2290F1E72F2987,Clothing,T-shirt,Levis,Black,XL
8EC48E1737AF430D0290C1D0A2290C500487DB3BA6E47209A763904B092E48EA,Clothing,T-shirt,Levis,Black,XXL
150E0C7C41D4000E49B57495B4BE6B52365861AA8F1D89277FABB8A11BE892E9,Clothing,T-shirt,Levis,Blue,L
2E1976DA90DBB2BFB19DE07011B340B3B1972B7BE49C7B54A69192A95D1DAD49,Clothing,T-shirt,Levis,Blue,XXL
71D74B2EF918591FB9F8E07CABED8CE46B78DE252D682BC95FC50C85F4CF27FB,Clothing,T-shirt,Levis,Brown,M
6180565624BD90B9ADC3668E310A8A358AA4F4DFAF64D749A4305384B064397D,Clothing,T-shirt,Levis,Brown,S
28EABEE131D64C01B8F57772D2B28B4B12BE568A6A4A037DF572F2AA61496A6B,Clothing,T-shirt,Levis,Brown,XS
EB71B2C63E532D69DA3C6FDCA8A2135598B7AC092FC9ACB69D9ABA2412967510,Clothing,T-shirt,Levis,Green,M
4ADB98A6BC96BA8D3C00D001CA28113E4CFB4AE847AB50CAF033D9CBF0D1F6FB,Clothing,T-shirt,Levis,Grey,L
BE57AB05686CA0EED312273A0835FBDFF0D438244D6133F003F2270CF9CEB8AB,Clothing,T-shirt,Levis,Grey,M
BC9B8D09F26472EEF559E991FBC34136782313A32E65D6B1943BA326EE543233,Clothing,T-shirt,Levis,Grey,S
52CCBA0D8CC49EE10AE6CD8BAAB8CFC0F8D2FB18EEB095D6B6F130A94A6D9F98,Clothing,T-shirt,Levis,Grey,XL
D430865B6F0D436C0B0410CA1535F2404D2D88A9AD64A3802AE8EBFDADA004A6,Clothing,T-shirt,Levis,Navy,L
3AA176C2AE7EE1BCEC742B5CD592967C874BD822AA579E911D456B67C445B706,Clothing,T-shirt,Levis,Navy,M
06FFDC9F4CC7E2D0BC0F2DBE6209268C8D5406891E1929238C8FEAC3D09F1C50,Clothing,T-shirt,Levis,Navy,XL
56CA720423E48A0CCCD401113FC2068FC1DCC627EF17C126FFEAB1DB250269E4,Clothing,T-shirt,Levis,Navy,XS
ECF1CF0EA0C8927B2D07C2DADB4981D515CE1C5857806F7343E83F6E5C2716E1,Clothing,T-shirt,Levis,Pink,L
09DA727899C225A1CA52A098A8C443D438D4F36A6AE44DC1AEB70931398880E3,Clothing,T-shirt,Levis,Pink,S
7803F67D1E5030B729E63AA447DEDAC04D0FBAD5E854E3E87F7746E99663A521,Clothing,T-shirt,Levis,Pink,XXL
2FD82927265265F37CBCEBAD75C6FB3F5DF21089B215E14900EF5C96ECA97D1A,Clothing,T-shirt,Levis,Red,L
DF0DA814A98E16D7DF0964FC23F18DC4B396B7D6DF1EBBFE05EDCD8559E726BA,Clothing,T-shirt,Levis,Red,M
8EB1CE58811C2497B887E58A164784E7EC423427E21BF9DB8B712D43EC5C5DEC,Clothing,T-shirt,Levis,White,L
210DD366169114526DA264E95737A80A8532F25F2E1A27FFA108BCF5CF58FA7F,Clothing,T-shirt,Levis,White,M
F496BA43C91B4141B2CEB4D4287C34176209C0D2A78410FFC73DC0CE4923BF9B,Clothing,T-shirt,Levis,White,XL
5D71E54E4410E0943777020B5051AEE630236877EBC10075F432D70582581FF0,Clothing,T-shirt,Levis,Yellow,L
72C3954F505A80FC6D43E6AC6FFF4DA8214EC57F91194A651CF807B645CD080B,Clothing,T-shirt,Levis,Yellow,M
8E077A57E32F845DAC8E41A132F8A4F8FD147BF54D326390E799B63B2F345920,Clothing,T-shirt,Levis,Yellow,S
5BB69129EE574A32BEBDE684D7DCD2255BB8663B3DF585F95ACCAE51164EEE57,Clothing,T-shirt,Levis,Yellow,XL
94FE373B4936EF080D5CDBDEBDAF505AB5A75CE4D43788EB0AB62235B0739F81,Clothing,T-shirt,Max,Beige,L
6DBCCECD3E330C5C8AF9515FCC99ED06C0541DC9362509314F46ACF912F2E196,Clothing,T-shirt,Max,Beige,M
FFEE09295A5727A59B8471B66595AED6A1199C823906E5A17002FCCE505C2E9E,Clothing,T-shirt,Max,Beige,XS
20FF02DD9B31DF59D077E446EB83C1489BA9ADDAF74EBC6504A1CE136CA96E68,Clothing,T-shirt,Max,Beige,XXL
2930DC7FCF1DE1DC4970B1540B11C3C388446C96D83F8725583EE0D11E781519,Clothing,T-shirt,Max,Black,L
9072D0EF7E00B737EFC81EDAC40255BF51C3488CB70D95491BB7F1FC8D218DF5,Clothing,T-shirt,Max,Black,M
AEA1AEC2FDB28B031745A051D3605C52884C3E6D0DAE029C8E578C41FA6F56E5,Clothing,T-shirt,Max,Black,XL
F04165B2AE23D19D34FA07CA4ED90AD069366F33B9263E3A99F8EBDE78CB5B81,Clothing,T-shirt,Max,Blue,M
380DC7547A7548B682354F3F545E06C30648BF48FEC3E042FC0F2154E9B524B5,Clothing,T-shirt,Max,Blue,XL
91FE96A421074530CB54DFF53E33A091E6D02ACBEA0824D8AB088169C1BCC77D,Clothing,T-shirt,Max,Brown,L
BE34EDA29E77D9B5F2D6CA30812B61CCB9F812D5D2A3BBF6752136B3800895F9,Clothing,T-shirt,Max,Brown,XL
A165E47A620C9B768793496A869BEF5A1520269A90D3835FE94B2A2FD71AA39C,Clothing,T-shirt,Max,Green,L
D921B375580992A740305ADD7A6CDCDA4558FE8BE79632DF0658B3E67D7BE017,Clothing,T-shirt,Max,Green,M
14CAE4B2F3A482667BBEBDDD8E4FBD1637FDBA60E649C179AAC04DCD57439332,Clothing,T-shirt,Max,Green,XXL
AA1FE08FD6360D63B7E40AC861263F509506277736AF44F4B5A0380BB9C4256A,Clothing,T-shirt,Max,Grey,L
858EDD668BEEC82051FC19468C48DD6500CDAA3C93CA5E3114A25092D12D4F3D,Clothing,T-shirt,Max,Grey,M
DF3392800B456345465B6D688E24F433D09EC08276B05F6B62AE0D853A60F0B0,Clothing,T-shirt,Max,Grey,S
CDF66CDD2B966567A75253243F51C98BEFB374C8D50778A8BC4759CB5F1D3B89,Clothing,T-shirt,Max,Navy,L
FE4876EF1D9781BA536125C317D3D685360AC7482B844BF90A5C584F9AAE4AFD,Clothing,T-shirt,Max,Navy,M
B17C4967654346B447B9729630E7D4B5E640E5CB408CA0376D266A9ABF7D21DE,Clothing,T-shirt,Max,Navy,S
6EF74264629F08A160E9B62075C86A15A777AEE8A566547663C9AFB06ECBEC43,Clothing,T-shirt,Max,Navy,XS
C95DCE9E8A020D80E35E59A20D218C02EBBF6BA1D222F338FD959333C9BCE8A0,Clothing,T-shirt,Max,Pink,M
D83FFCA8490FA0FFAAC7ADD1F68D2CFC8435A80FEA37A8FAB01FCC5569285858,Clothing,T-shirt,Max,Pink,XL
9C7E1EE6846D6F97800C6500B11F1ACB5AEDAFED1A5050C152DBE42DE168C99E,Clothing,T-shirt,Max,Pink,XXL
C2ACC1A7AF8AD25CBEF421D7CC96605A4E3E26E40D0B66D5783F9E54D9C89324,Clothing,T-shirt,Max,Red,L
B44BB57D75E14E1607F64EF720A8D34168E5405D6DBBB82B7943DB7447E83AB5,Clothing,T-shirt,Max,Red,XL
F82787D6B0A5A7866C20C8F275D5FC76B62D1294B2C91DDBB89130797EAFB3F6,Clothing,T-shirt,Max,Red,XXL
69F066D9D01F3CB5A7827E9CCC6CBB3257954D07F1B004E7D452CEE4C0534096,Clothing,T-shirt,Max,White,S
E4E960832DC11C08D13002CB91D374C7D687C1918792296B5E5A5046A9D2A2FA,Clothing,T-shirt,Max,White,XL
61D5594C6421C70E6DF790BC61C50BBB37181EC958B2725D531E436141E22F0F,Clothing,T-shirt,Max,White,XXL
556A1A238CEA7DEFBB4B52B918EA82BFB208E6226EB312643B99CC268F5EFFF0,Clothing,T-shirt,Max,Yellow,M
9327BEF6364A6CCC02668DE9A95E93917E0CF1A8048AA6A6F96DAF6E6BFD9B90,Clothing,T-shirt,Max,Yellow,XL
D8DE669EE2D23B875A41AA4AA792205F553F477C87FFA18BF6B49BA63E61C079,Clothing,T-shirt,Nike,Beige,M
1B0856FA8674BC102A8F36F1BDD84628C68604806EB0AE729C71AB3EBDBE015C,Clothing,T-shirt,Nike,Beige,S
2AC53AAF67FE9911DEAF49B0DB301B2ADB8342394D91A8521D4A0D650DCBD59C,Clothing,T-shirt,Nike,Beige,XL
E70B334D7E5553A71C21BB439BA3034CC8860504EC82DBE5BB548AB4CD3DE779,Clothing,T-shirt,Nike,Beige,XS
433687265DDC2067316DB2D7DCE4A4F075BFF9D7D7C0B00C75CE5A6AEE9613AE,Clothing,T-shirt,Nike,Black,L
F47A4FB6E0079AD785AD472AD2A82771EA0D9965047187593A6AC7E086998BD9,Clothing,T-shirt,Nike,Black,XL
498B6AB05143B6830AA8E8D9D60EF9690137D5CF599EAA052C3069785BCC2000,Clothing,T-shirt,Nike,Black,XS
8935649B32D11240840A0F46D6A88837F1D526F8F34AAC1470BDCD2E4C185D46,Clothing,T-shirt,Nike,Blue,M
E3A369DCB16FC16DC51A1D90DBFEEF3A90401B837FF505801BFE7F61BE02D5AA,Clothing,T-shirt,Nike,Brown,M
E30DF527A0B411A2CA1A9BA0218ECB95AD4F1FCD468C8B2858562C326B7EDBF2,Clothing,T-shirt,Nike,Brown,S
B02C7F2454F8743759412F4141E9C7AC8408E9F450FAD3A591B07894ADA5C774,Clothing,T-shirt,Nike,Brown,XL
7A9643750828DC6BFC827A03E4FF12862285FA95C1BB22B478E09F4FB9FFA894,Clothing,T-shirt,Nike,Green,L
FE69735947B4CBBF1469C4EA8B21F79884EA1F7B8F29B445B995A04C51910A91,Clothing,T-shirt,Nike,Grey,M
CC7D053EB5880C65985BFACE87395AB9002BB12533F701A4CD9CCD6ABB784000,Clothing,T-shirt,Nike,Grey,S
A6C52BF925BC9C08FFDB560FAFE81C548A57D167E38B23C153DAAA8651D51FB3,Clothing,T-shirt,Nike,Grey,XL
24E384322DDC2F2D92D1CAE69A6783158160521545981E219A95EE54E6388E35,Clothing,T-shirt,Nike,Grey,XS
06506F8A5F1E577532A21BFD6C53069C7DECC2DE1F569FBB91A624E18F22263A,Clothing,T-shirt,Nike,Grey,XXL
90080D219F1859F62B42BFDCC09A41E89B661A8AF6D9ECDA7EEEB01F9FB5725C,Clothing,T-shirt,Nike,Navy,M
0EBA2AFA4ACC484BF6FC83DB79E84247DEC2C025300924EAD97F39AC5B43C7FE,Clothing,T-shirt,Nike,Navy,S
DFC96EE6FFD32E7B0703AF8D01F1114CAD062E6572CF9AF291E3238FABE5305F,Clothing,T-shirt,Nike,Navy,XL
829D9262478678A1DDE3B213EF01076996C27E40DA36608ED249F594F6C2615B,Clothing,T-shirt,Nike,Pink,S
813A689E010D4839384BC400E2A1A343CBECBB85C2616146741CF0B7C44663A6,Clothing,T-shirt,Nike,Red,L
57582C84A1B01C2B8D6B2433537C71DB482493430204AEE8A988CAA6AB2BB1DC,Clothing,T-shirt,Nike,Red,M
C28EBDE6290FF94FDF2F52BE053418502EC53C7061FA50EA8D9DB51C233D65D7,Clothing,T-shirt,Nike,Red,S
126FFE1AFD6D82FBCC57AFD82E415BC5B8C7457FEA2B165D74EDD92EDD1A2742,Clothing,T-shirt,Nike,White,L
0B9D7AC356B8FF2670A0CC1EF6FB97E7158C5C51FD1B623742935A3FB6578F40,Clothing,T-shirt,Nike,White,M
6015BA26CD95B2347EA2E16199F0D4A3F48901948B7A27CAB298E2316BF0D8F5,Clothing,T-shirt,Nike,White,S
D91089CE16A331D6DF2C253C6A84B7CCA9FCD4ECF1386541BFE3C33853600252,Clothing,T-shirt,Nike,White,XL
9EB3BC0A7943E49AE75D53086F1ACF0B1AC514E77194C6B9FDA4CF0260BF7EC8,Clothing,T-shirt,Nike,White,XS
76F1DC754E91DC839A3A928D1CA73A32CC7B2E15F61B46A3F6CD24D6FF0BA5C0,Clothing,T-shirt,Nike,Yellow,L
E111457C763D81566ECF1FFDA5CBD24B68F3273F88256D23599F47C1E9ADB74F,Clothing,T-shirt,Nike,Yellow,M
DD2EF6183FE5751DCDEA0D3124070B4BCD6E0BFC070A3DC8E2A85B756BCA87BB,Clothing,T-shirt,Puma,Beige,L
B0504682FCD51A5DDCF602DC00AD711A9DEF285E46F6B22220109585640DB692,Clothing,T-shirt,Puma,Beige,M
7B46712571D3944C63D5798D21A1E9635AA172FDB5B1CCD0CBE2C52A6A9ED0F9,Clothing,T-shirt,Puma,Beige,S
3979ECD1F33C129B5D9035F9C50CB5047B34C9CB17FD2282129FC2FCD6BA33AB,Clothing,T-shirt,Puma,Beige,XS
B79F5DFA2E5E4B78406C60C392CBD631AD643CD3294B7BB8E3332329B78E4B11,Clothing,T-shirt,Puma,Black,L
3BD2188C8E9E0EB4542B7128059B411966F5B89860E42E5CB7353B7188235EDD,Clothing,T-shirt,Puma,Black,M
68ED866374DDC9DF3416A9A62D24E3CDB941B74BD2E87B4870F70791902A607F,Clothing,T-shirt,Puma,Black,S
62C7CF05999A320EFC48B27611D61FB8E4B49C3153528437C352B5B42E78E2C8,Clothing,T-shirt,Puma,Black,XS
9FD4DE5DF9B7E6309AE963EDCBFE514A8608792A44399A8B1692993A3272BC9E,Clothing,T-shirt,Puma,Blue,L
79DE875E11A91C79E393B386F02BB242D0020870C4E4E26924B38CBD3883DA46,Clothing,T-shirt,Puma,Blue,M
796481AB519C54DD9D36DAA1554DAD254FC445E4D8A1F58AC563E22271D1F81D,Clothing,T-shirt,Puma,Blue,S
98DED2A82E7E10C0EF7C2304A73B5C0B7201E7756315A98F931E2682B7938236,Clothing,T-shirt,Puma,Blue,XL
36D86EF2CE8D8C35C6E3588371284A8B2A64C613DD21F49F87EBA25FD0DB99DF,Clothing,T-shirt,Puma,Brown,L
3A0C4DAC0CEC4FA8EE94576738CD139DCBEF65414DF18D755D516285A54EE8D4,Clothing,T-shirt,Puma,Brown,M
76AB838CE718CAE9AA78A82AD2F6F0BAF9B778E14CF354E086F6C26A898CFF55,Clothing,T-shirt,Puma,Brown,S
B76412F4CCF61B50B82B046AB68EA8D1E4B9AC97CCFEEFE6966EED551603F384,Clothing,T-shirt,Puma,Brown,XL
525E8AD22BFCC8A944996E79AB13168E37EFB6FEA8266A22149F6A4C88EBB1DA,Clothing,T-shirt,Puma,Brown,XXL
2761D9112A79BE2FE7BD9A5D9F63A128A554DDEC0453E3F0A49D631F25638F51,Clothing,T-shirt,Puma,Green,L
DB1F4EF395CBE31C29A7F87DB567E5F56EA345855E85516E024F5BB40FC196AE,Clothing,T-shirt,Puma,Green,M
7C7D8ED049F06895C45EB8458366FF3199247FE2D04120ACE9DE2544DE96C36B,Clothing,T-shirt,Puma,Green,XXL
C20338C0632797138D560B093AD7BDDC2622B4EF27444B714FB2597283795D36,Clothing,T-shirt,Puma,Grey,M
C6A76CE069CE7746CC5C6FC05A53D5DF4C7A61454A96A9B6B220D743937B21A1,Clothing,T-shirt,Puma,Grey,S
5CF512EBA27E634B560E04C2D27012EFA4B64BCE6C728BB212C61932CC114AA7,Clothing,T-shirt,Puma,Navy,L
A2C2598BA81B512B9770C70EF8A8D6899591EC22DE22C2FFE72F7B51186EB296,Clothing,T-shirt,Puma,Navy,M
471DCA84D0656D25F2F88250D46D53318C6163C34B0A6D7C0B737AFA938D7499,Clothing,T-shirt,Puma,Navy,XL
BEA53A982ED2AC424FF44F106CBD8E867A3CE8EDDF771F341ACAD2097C80A487,Clothing,T-shirt,Puma,Red,M
2D29DA739C6C24AB1CD01CDC21119858E85151211F76900E622EE8A2A63D2ABD,Clothing,T-shirt,Puma,Red,XL
ED1725852B74D6ADBF5A230709102828ECD314C0ED73C17F4D204ECBE9DE747A,Clothing,T-shirt,Puma,White,L
A687F0FC7E99FE2C7BF787C163C093E26C9FDFA21AB60590BAD69274C86C23ED,Clothing,T-shirt,Puma,White,M
4ECEC44523599647D27269A29EFF36EF38F4FD5C06C321E29DF9A46014D879BE,Clothing,T-shirt,Puma,White,S
896F07F6CDFB1EA625FB1968FD8300CDDE85B4A2790C2EC99874DC7055C21044,Clothing,T-shirt,Puma,White,XS
1DF46743E8DCA312E058C972EADED655630DF8331898F9A386E771DD95027EAE,Clothing,T-shirt,Puma,Yellow,M
B8468BAAB1515030C27DD4E5F3468426E87127C14AECE742E6C81AE8FA41A992,Clothing,T-shirt,Puma,Yellow,S
CF86CCC9524C400E937B526989DF9EA2372A95E27BC05BE2B258EA010507FF25,Clothing,T-shirt,Puma,Yellow,XS
1CB308F3A56297B7F0372D96C3000D7AC3904CA8B31AB8D90ADBDDBBA7693C1E,Clothing,T-shirt,Roadster,Beige,L
C12F55C86B84B2F18B06E2634E22FB8A3EDB40138C55DADB1C92161CD52D95E8,Clothing,T-shirt,Roadster,Beige,XL
FC061F8DEB3FF354DB7E65675F4A8A61754BA050BC084C6DF7E017A7C89D5A15,Clothing,T-shirt,Roadster,Black,L
EDB93392937C4A16D977032BE4B4CC8B8D1E565A6A5C8C7E5245E8C16A231CC4,Clothing,T-shirt,Roadster,Black,S
5F27F6A0EE8C40198A9EC68ACB378CCEC377C19357A551715E4A160C9AEBB434,Clothing,T-shirt,Roadster,Blue,L
032D3787DE74AC899DAAD2AAECE6C89B8B45A36C3DFAB6DB0D53CC0C784E7651,Clothing,T-shirt,Roadster,Blue,S
7EB0FB6BD8895AF6DF996BBF61F9B967B85FEEB62526D330B9343B9D8DDD9A2E,Clothing,T-shirt,Roadster,Blue,XL
7AD239075A19198EEB4945CDC2C8A19032CC1C45D59B1DE2306C4D580555DAAF,Clothing,T-shirt,Roadster,Brown,XL
F743A6B8DF22FEAF298F25BFDF5B37A86E32B258C1953E4B3E2CBC0AA447EAE6,Clothing,T-shirt,Roadster,Green,L
391F076A6465FC7CA6A2BDF9A66F620DB2C632B1B557F6EAD71C53D0FB4123EB,Clothing,T-shirt,Roadster,Green,M
321AA72AB4AFF116E7D04FD950114092D9804B85309B3D014EFAE20BCD09DA1E,Clothing,T-shirt,Roadster,Green,XS
5D87544239BECAAF7AA74565350731AFA97EC4BDB46ECD15AF47F71D3CF44213,Clothing,T-shirt,Roadster,Grey,S
6312E98A1CAC42B61CC593B6F12929271D50006090888E7F7509E2F9559A331D,Clothing,T-shirt,Roadster,Navy,L
1AC33D57E2EA8A56018534EC9F6C0ED74643AE732C3AD4C7D0F9F936DBEB90A6,Clothing,T-shirt,Roadster,Navy,S
A6EA151BB143265385F275EBD1B9F9B0877EAA5721C329FF9CCE5920083975CA,Clothing,T-shirt,Roadster,Pink,L
168285C62D84AD26F47BD36082E60CC35A333B425342A0D1A66DF63B11B2F4C2,Clothing,T-shirt,Roadster,Pink,XS
DA1C21C593F3DD38674E1E6BF73FB3AFA909D7404E96FAD5449650999E0B13AE,Clothing,T-shirt,Roadster,Red,M
40541A3D221C27C2F1BA829AAAD40AEDBD25C1D5C757841FDD2F760B24E52C96,Clothing,T-shirt,Roadster,Red,S
F2ECBD7CB46ADD3AF46B1665573F0D469954E7F658DEE2607832F6891215F22B,Clothing,T-shirt,Roadster,Red,XL
228ABB6C1E3226D467305AC2DCD532DFD85F99E5B4F25BA70AF9134EF031167E,Clothing,T-shirt,Roadster,White,L
AF52B606C7F6801D6B5E377C12FBE6AD4219C7406278B7DD3A4CAC2484278B3D,Clothing,T-shirt,Roadster,White,M
0A092557410077BED15D81E182C9FEECAC62E490D7AB9E153AEA90865C74305E,Clothing,T-shirt,Roadster,White,S
4E0BA07EAD39FAB6A54FC94C7940ACBDCCEB0FA98BFE4FDB3DC2A0BED21F77C5,Clothing,T-shirt,Roadster,White,XL
5D79F486937D3063D5BC8FE1077D06F4B4B31BDBE89C9AF9740E02B48A0A8B65,Clothing,T-shirt,Roadster,Yellow,L
7AEDBDFB8E3D64A52513771949B6817B0EEC1B23C7EB6A3EC9D9D52A8AF55BF6,Clothing,T-shirt,Roadster,Yellow,XL
06CA5379E9EE9B72938CC7DE79DC5474A81FA846872191F11A2322293EEAFBDE,Clothing,T-shirt,US Polo,Beige,L
98E19B01C0797ABE220BB0FF1E08AF9CE8E8489F0B10AAA66287AD931EECC177,Clothing,T-shirt,US Polo,Beige,M
9F80B922A0F1CA6651ADDA05E524137B14BD776B3F1230500F33B1462CD3A0FC,Clothing,T-shirt,US Polo,Beige,S
5B589A8629F3845EB61293E143E0926B0A0C2422593271ADC3E383DC94DB47AE,Clothing,T-shirt,US Polo,Beige,XL
FC2CCCD84CA653F31C36452AF3AF56A8B5531731EF32C9E719E0DEAA8CCBB0EF,Clothing,T-shirt,US Polo,Black,M
2E7AE825625C1DE2E49BA1E7D965061AA3B0B80C700C1202975A217532F708AA,Clothing,T-shirt,US Polo,Black,XL
4467C799D2ADA3AFD139919B6E6458FB256F1901C06D1F17897CAE458FDD9FA3,Clothing,T-shirt,US Polo,Blue,M
884B9F6FEE4BE6292C543EF07582839CDB201FB66C6B04AD33A257146B1D5FE7,Clothing,T-shirt,US Polo,Blue,S
338FCE3BCEE9803C831DB99BCB89115B7D247A19F9ACADA2AAB81B24E238C6A9,Clothing,T-shirt,US Polo,Blue,XL
3606B96D7B06FFC15A59A25E34475CBADA5908315903A352C8AB780D002F7196,Clothing,T-shirt,US Polo,Brown,M
9DD0705E37853D6340E9624A70A69E83CBA0393B572A2171A45D417B50C61C31,Clothing,T-shirt,US Polo,Brown,S
D381EB68C1F3B8813BA106F48682585913E387C07FEC1E453A3BF146122D8C0B,Clothing,T-shirt,US Polo,Brown,XL
D1DCDA15398DE2BD4981260648BD795B6788CC5079FCDA98A3AAB8CFDE7CB98E,Clothing,T-shirt,US Polo,Brown,XS
FB10BE6F25B4D7FF7C43638923B6D3AB8C03F4E26C62174E931D0EF913FCF7CA,Clothing,T-shirt,US Polo,Green,M
151CB931DA42D26613F0412206B4736427A4364FFE5EAAC98E73E370D03558C3,Clothing,T-shirt,US Polo,Green,S
12BE13411EE926F31FCB79C591F12CB5795B16BD579A88B2E6C460CD9793DCA9,Clothing,T-shirt,US Polo,Grey,L
8DA899BA6E503C125F253B41B7D6B32900CE7CBD8017EACBC5A6B270532F75FF,Clothing,T-shirt,US Polo,Grey,M
70444F72AE17586CD09056A7EE6794302DF2179557DB1893E7BDCFD9FFF65FAE,Clothing,T-shirt,US Polo,Grey,XS
F789F74781EA518FCD97E00898C89FE7C8237CDF24573AB4F115B4838572C070,Clothing,T-shirt,US Polo,Navy,M
8A69FB720E9A8196300819EF7782F2737D60904A5348FEFA676D828FE2CE4DC0,Clothing,T-shirt,US Polo,Navy,S
363DEA0ABB73DAA2275C112F6913F67B7EBED9C3DF49F277226E2AD3FAE5330A,Clothing,T-shirt,US Polo,Navy,XS
0331E3C8D61AA58A4F9FA6E07D2F85EAD5A021ECDD7135A22A989EFFD90E4F57,Clothing,T-shirt,US Polo,Pink,L
5286C74A84C976C98D2B58CF58AEBCF1EB7A61E6ED68202E1341D9F5332603F5,Clothing,T-shirt,US Polo,Pink,S
D23CB2907897A2C051C2B92155CE8E72FBD549317FF8D5CAC88B0C5D98AF1EDC,Clothing,T-shirt,US Polo,Pink,XL
CC1817DF56DE083C4165095B3D540263DB1B25F445B2A85283860BBB61BDE7F9,Clothing,T-shirt,US Polo,Red,L
A8F961E6AE83FD24792AF8F6009CE230DBDC6424CCE8FC11BCB892282B656B97,Clothing,T-shirt,US Polo,Red,M
BADD52D012423339D3AE8F540E325B378BBD516BB27D6E60A79784A9D5F33268,Clothing,T-shirt,US Polo,Red,XL
110B6646A1F9BD194432A264748E2C57CA319F11E43F71540E17EA8BD0BE059D,Clothing,T-shirt,US Polo,White,L
56740710B125E18131F83172AE87B7A804902543CA978F182E5BC40A19BFBC5A,Clothing,T-shirt,US Polo,White,M
07E5644F4A7FD8E32E724503A8E3734B553C6D4AAA57B68D7D8508A33B32D9A7,Clothing,T-shirt,US Polo,White,S
076DF2AF7779199979CCBE768E319CB7B94401045D16FAAC455E814A9651058E,Clothing,T-shirt,US Polo,White,XS
E812455C89B6860669748DDEACDEEB3ECBA6E2901661D31A2E893F7218F2E913,Clothing,T-shirt,US Polo,Yellow,L
0339C47B8F69F96EBE1F35D0FE308E02E5D4F3E291D760181D86DD1B2D90F22F,Clothing,T-shirt,US Polo,Yellow,M
68906CA6CCC6630241B340A1B1AEDBC682F5407FF7B3157313E4CF04B770E515,Clothing,T-shirt,US Polo,Yellow,S
863757A7D392B5A66FE1BB6B386FB06E8FB227847043DCECECC4D83782C50EAE,Clothing,T-shirt,US Polo,Yellow,XL
00EC6865E901B2AFC1F018DF4EC06B01E120DD44BC3D89F3D6345E68B29F41BD,Clothing,T-shirt,Zara,Beige,L
0B1BADD281D21B13F9EEC4F516E8731F1DDC8978EF8874B371081414C5C9D069,Clothing,T-shirt,Zara,Beige,M
CD4BA065BE687743BE9047FCD8C4F2D8F13B53A82DF14BF7A5D5DB9617D4F0A2,Clothing,T-shirt,Zara,Beige,S
0E367970FC85D45E1C9AE5B817D272A8DEA5553BA075AD0A3FB7CD3C1C2D701C,Clothing,T-shirt,Zara,Black,S
C9460A068081E4AF3209FC3FC492461B63A1EB0E1910172E8BDE79ADCF955FA1,Clothing,T-shirt,Zara,Black,XL
C2CD9A88A09D5D12AA9EC9BF1ED9683EA28AC47887FA764B733FA7324FB2DC64,Clothing,T-shirt,Zara,Blue,L
BAB7288E5A96A664240DEFB7C894BA41D2C8A25BAE7EE5127C8139853C79F0CF,Clothing,T-shirt,Zara,Blue,M
6971C8BD653330C36EEE052261325BF93A36ADDD88981AE0FA19C40929D7A56D,Clothing,T-shirt,Zara,Blue,S
3736FA3A429FB68F8F77760E91633CB17D874577392E045B486F7500BFCA467C,Clothing,T-shirt,Zara,Blue,XL
4792D7DE22E8D73D554994BD09D68584D4BAC521CF4D9DEF03AC56F0F28D6D08,Clothing,T-shirt,Zara,Brown,L
65BBC1C53ABE9FC5C6736D3D0F0DF25B24ECCCCC7A264EEAB89865AF9662F017,Clothing,T-shirt,Zara,Brown,M
3E4F1E414783BC0E134A1B794D199A64B6893F9B8D5FA7A800D776E02DC88789,Clothing,T-shirt,Zara,Brown,S
B245EF5FAD75589844B83D3B7F669EBC816D777DC99B06CD1308D724313DE4FF,Clothing,T-shirt,Zara,Green,L
B06FFC898295EEE5E0B153AA4E21ED38BCD63E889121D7510DE7F270F4911CE9,Clothing,T-shirt,Zara,Green,M
31B89F55109C42A027DCD1FB04BCB29794780360B24942D373B4A686F99CD033,Clothing,T-shirt,Zara,Green,S
188B818206B30997D83E29BE91EE327653F70508C187374CF4EAF91F05988F6D,Clothing,T-shirt,Zara,Green,XL
779E36B37ACC452596D95FB3EC1A157599B8D16AA8E5BD6AC45314AC72BC2BD9,Clothing,T-shirt,Zara,Grey,L
50F53619079BE09B40B5055E61CDE192C9D7758157F7C25B190A57E57C6A8D8A,Clothing,T-shirt,Zara,Grey,M
A37F9044388A11AD6B0BA86E21B44C9D57D094950BEA664A3A47A45E7BB46A76,Clothing,T-shirt,Zara,Grey,XS
3B277224818E032E2FF0558D1EC4A61CDC2B658316AE208A1458B44AE8442001,Clothing,T-shirt,Zara,Navy,L
9768ABA42ED3C06511166BA51783E77FC433E9CADD459CE5D145E6B2F5820F13,Clothing,T-shirt,Zara,Navy,M
3381F5FEF25BC411C1813D85DA50835343DFB2070071DF8AFA833844ADCA13F0,Clothing,T-shirt,Zara,Navy,S
191D20FF9243A2464EF34A289259BA326722489FE6BFDC6681B7526EC73A9762,Clothing,T-shirt,Zara,Pink,L
38124DA8254549004F98A584A5C7036A29FC159451042EA33BFEDABC18B3B89E,Clothing,T-shirt,Zara,Pink,M
2DEC0166BA730FA8BC5E150864D04855F68A6C7182A04147F27BE7113C71F5A2,Clothing,T-shirt,Zara,Pink,XXL
539E6C0F27A50DC7F1BAE3CE6EBD2B6517990392C3F36E794EFF3C39EEBDC36A,Clothing,T-shirt,Zara,Red,L
7AFE5F89ACC40F6A602D0A4C7E4DFC997C8C52CC0CCA6B425FB9A7B4D67364B5,Clothing,T-shirt,Zara,Red,XL
3FA8C518804E4517728D7FCA549D2743AB0F703E9053D762217A0DE52FBCFE82,Clothing,T-shirt,Zara,Red,XS
22DAD20FF4A45FE2E579D686140C11BFB264C425B8E76E30BE484E2A8AEC27C7,Clothing,T-shirt,Zara,White,S
0D8997DD553A249CAC8E976556DEE8245DA85B27C45A2C0D94271A936E114B46,Clothing,T-shirt,Zara,White,XL
96399CEAB51F43F72D8FA24B935EEFE96F4DDAD2C110AAA8A66D830A47B4DFE7,Clothing,T-shirt,Zara,Yellow,L
47ACA84CCDEBA50744741A53809ED4B4BA6CE7B76707CB1B03A750203EC6B318,Clothing,T-shirt,Zara,Yellow,M
9F2A28702A55949324E55CC34017E5001CE052239863A0AC121828526C022E62,Clothing,T-shirt,Zara,Yellow,S
1B0033DBF762581FAC177872EA8D33B653D13588E7C67E4271D39E6436A3E6AE,Footwear,Boots,Bata,Beige,11
B352CD88525AC8BEE63DFC856A06F8318262DC9322D355EADD20E25B83AA1376,Footwear,Boots,Bata,Beige,6
300CDF33F299A4C47CEAD8BD8A1F267D03C3B947E354D76271A6BDA9939C6D3A,Footwear,Boots,Bata,Beige,9
A0B42276DEB83A0E0DED8CA73C38AF2F20E08D30474F017EE2B5B1FC40615693,Footwear,Boots,Bata,Black,10
508A776F8EA15EA53CD696E9CA651AC2B94C8FF5C0968BB6DAB65BBB0EFA6CEF,Footwear,Boots,Bata,Black,11
D63342C31BD2DE0405CC3A4D4717926E8132ABEDAA6F81B4DAC2367A29D09909,Footwear,Boots,Bata,Black,6
1EA7564ED0F4327F5E347D11E75455BEFEDEAF0EEED9017E3592FF8F42ACDEF4,Footwear,Boots,Bata,Black,7
F0FE0153DD639CD62529F7C9C64716A968609F2423F8F5BD3FCF259558826768,Footwear,Boots,Bata,Black,8
78DA3E500B28C91FDF28C620863B8ED184B9A60BAD62ECA3B9FBCB388E9ED3E1,Footwear,Boots,Bata,Black,9
31ADC612576048A3AA9F7E3DF3EEA8D482BF8B2AD9A35867B02F07FA64DE967B,Footwear,Boots,Bata,Blue,10
C1797319A05D8D8F70253243240DFFD75EB4AB26ABEBD2AF3B4588F9A7507DC3,Footwear,Boots,Bata,Blue,11
C6DB9A4AA98F0FA8F67E57DCA5D6E106945A27F73F926BD564D08977CBF8E51F,Footwear,Boots,Bata,Blue,7
9FD248DFE20B81BAF1DEEADC4593D4F324926E90C3A673545A862D7924BBA0CB,Footwear,Boots,Bata,Blue,8
233876A66E6C585F35CCB64E5F627BE90553701D44299C8EDBCA4736ED03CB52,Footwear,Boots,Bata,Brown,11
7444FDC42E7BDDC3A1C76D129C2C8F5FE8E7F41BFC79EE53C821DAB9B07B0601,Footwear,Boots,Bata,Brown,6
73EDBF6EE95861A9128E9826A8FEE3BD2B001FA50A8A4C9C6F19D9B030A2EDED,Footwear,Boots,Bata,Brown,7
4026BDD1470428C36512A5524854F2EDED828FA3D4A77452BAC93027520F8189,Footwear,Boots,Bata,Brown,9
DA8E75A21E6656DEEA68EC001EF0DCA9B0761F3FAB75807D1A6CB77733F71BF7,Footwear,Boots,Bata,Green,10
FB596C4485A27AAD13E37AA578A174C710DFCD65B00A9FEC1E82368EA9B560FB,Footwear,Boots,Bata,Green,7
335361BFF4E19E1CADC53D4D2A2D3577BDF0450EB2075F15BCF119CC67BE75F5,Footwear,Boots,Bata,Green,9
7B4587EA8E35EAF5D076BEBD0C8CE13D4A6ED011D97D52B7364C47EBDC0C0A41,Footwear,Boots,Bata,Grey,6
61B8D9B5E44F0A788549C2427BA120A71EB4ABB1BEB1F3616DFE4BC9F38948A3,Footwear,Boots,Bata,Grey,7
1EDA3C27AA78BC53E859486204A5E0FC5799F8B4C4F772CEBF269B807C1EB969,Footwear,Boots,Bata,Grey,9
2FD40FCC3E3DDE48957123540F88B580C6670C29CD1F934F4BFDC10F0DED0E17,Footwear,Boots,Bata,Navy,11
341FF5804E9FE85FDA0D83B1F257B215384AF95A6057FB2645A517271FFA480F,Footwear,Boots,Bata,Navy,6
EC1CFB9698D993FE74E14B11FE06EA6D0E9266530D0A431DAAFE0DB371BB0825,Footwear,Boots,Bata,Navy,8
7C7C0C74E8B3567A3CFA16BB74BCD35170F98C7C4AEFBA8FEA629F57F2A22346,Footwear,Boots,Bata,Pink,10
21EF86EBC5F10A97EC65C1F79E8832AED6B310B97DEEF1D75BB406254DE32A09,Footwear,Boots,Bata,Pink,11
56A2B82F07FFC4C1D151669CCFCA9942F781FC5FB14208E4BD9A78857AF9D288,Footwear,Boots,Bata,Red,7
A071BB3DAC716F7441876478B546A8E2D1A1DD0E0B2BB409F0E66C656F31F7D0,Footwear,Boots,Bata,Red,9
B03871B3B6A38A2CE8F4D0015065155B933DB0E2AD2B36E28568A0ADA3536458,Footwear,Boots,Bata,White,6
F9E799BA9B1B250F081AFB8BD3406B5CE3082F811AD384B5964FF0BD30693ACC,Footwear,Boots,Bata,White,8
0EDE92E7EAC8E92ADD44F279710A24EF666FD66D9935CEBC76F7F0D0C7382132,Footwear,Boots,Bata,White,9
46080251E96C139A55486FA69D32AAD80AAD435BD6306305E6973F62F57225EF,Footwear,Boots,Bata,Yellow,10
B466B74783D38F754405DA7248E57C5ED07696E0D592911D6A4E5407D95E1751,Footwear,Boots,Bata,Yellow,11
A71A0A597640851DF60EB2F42EA32E4CDECF9135A93AF19CB1E39396FF8C62D8,Footwear,Boots,Bata,Yellow,6
B58A4AFF08D94CCCEE29C6EC6E9F0381C76B4C9A427FCA16FCA611593B73BFE6,Footwear,Boots,Campus,Beige,10
067B1FF57B154939C3FCD1F6FF48D077E30CC9063379151307DB0DBEA705B129,Footwear,Boots,Campus,Beige,11
BC196C6BE34DFAD8A4994443F91C36DE6B515FCC8AD85B362E873945BF123565,Footwear,Boots,Campus,Beige,6
1E92ABF588E80914E3536788A8A28F077C4AE7CFE71936EC1F3E0A187A4E2CD4,Footwear,Boots,Campus,Beige,8
5C00C45B33812C14176C95B958F9CE808F16CF97F45FE8F1D153CD3BBAF1E5A9,Footwear,Boots,Campus,Beige,9
87B65666390C373A84F4A58D64BA44D24BE6D47E8154D52FE80096297558B124,Footwear,Boots,Campus,Black,10
C539D483E3EBD7C789C879E6DA19C2D8657A28CB2CE3F800541077B54C30B126,Footwear,Boots,Campus,Black,11
A0BFA909255A7F788E476CF9E9777533928C9EAAF390796C129ABC81314DAEA7,Footwear,Boots,Campus,Black,6
F8DAD4560532DE37EA3B7F996B0E6581D4C4A7E5B60772DED673FAD0DCC04D6D,Footwear,Boots,Campus,Black,7
A3D4D508BB3E4627CBCA97EA197A6846811E41B26AF7F6E0394EC4E1AB05F187,Footwear,Boots,Campus,Black,9
3BD35CF6C5D0FCFC1F0A8DC350F49393060708F9825ACACE1D0E271DA4D939BF,Footwear,Boots,Campus,Blue,10
5EB191618F7F6120F34BE1C1BBC165D0D8E06F8BA3410D6B81E66327C1FAF1EF,Footwear,Boots,Campus,Blue,11
2DF529BE2E622939157727E1E61EFD7C49AD104AC9C3B04CD6BADC618AD2CD46,Footwear,Boots,Campus,Blue,6
A0CCE38ACB2556A0F0225E9E809BB7DDBB70EE90B70C73F7AAECA3B2138CBF83,Footwear,Boots,Campus,Blue,8
3378AFE0828A2795E1A69D22A1AF66F1C53A90129FB6FEDE9086728CC38CFFA6,Footwear,Boots,Campus,Blue,9
AB16F999B05CC28CDBDD601E88CB1615C3B76D15848C83E782A4AA519F24DAF5,Footwear,Boots,Campus,Brown,10
462B220EF97C19CD6B5E56B70B5C35CB42AF714AA1D86AEECE139A90573DEE92,Footwear,Boots,Campus,Brown,11
85C38A21CCADE8B56E3D4B0F00ED8F3C3DA283EA832E96809BFD8C629CB76D1A,Footwear,Boots,Campus,Brown,7
294706C789774B4E4B5D3D5C8AF9F12339E6361819FE5DCF0A3A751128F83A6A,Footwear,Boots,Campus,Brown,8
B55AAD00DC22787CE5BF07634FEFAAE00F17261492F0C7FC412E5337E8D47F43,Footwear,Boots,Campus,Brown,9
634D1A46C93AA1AF7BC5752F91032D54D9EBD6D3F891A62D18D1DE96CF6C008C,Footwear,Boots,Campus,Green,10
F8FB8C6D0E685F43AFE36E56BEFFD739EBD0640CAED4490C52F471BE9E3FD25F,Footwear,Boots,Campus,Green,11
F5133F644F0E45CE90D6C75F1EEC7BC29CDF9CE34CC3984A5DB4D2D7FBB75B61,Footwear,Boots,Campus,Green,6
F703C746652ED01AC94C0D25960EA8B2C46834E49A60B22C107D5C75375B39F6,Footwear,Boots,Campus,Green,7
2BEF49A753273194F80A941FD134FC64FC80F2BD11FA993CFA09AF1EF9A0303F,Footwear,Boots,Campus,Green,9
91655185E2C61966620B7A900C2EE1CCB509005332E4D075AAB3C3B0DFEF6BC7,Footwear,Boots,Campus,Grey,10
CAAA9DE505EEF504A913B2787ED052DDD611B9C15327507831707557AD9EAF56,Footwear,Boots,Campus,Grey,11
9B9423B4505BC1810683D7F92078944E8853EC5284CBBB84A210771B456D038F,Footwear,Boots,Campus,Grey,6
950576E03FB89C12BEDF52F63ACF94DAFDEF55F6F71BF1DDE79E3D62E316BB0D,Footwear,Boots,Campus,Grey,8
BBEB6B35A0997A58640D8E57E52C700F9300D59C9B412B68228C0DA542CEFB14,Footwear,Boots,Campus,Grey,9
4936B216FBAB63D33B6399907D4637502264C9FA52567C6189AD79A53B054406,Footwear,Boots,Campus,Navy,11
1FC2B9C1061934E8AE75FFC38377A2906D7DC6FBD14B79AD78BA3177E274D840,Footwear,Boots,Campus,Pink,10
8BC818EF7F9B19B4CF20FBC06EAB4D743DD3BB95E5775098597EEB4F80BB9827,Footwear,Boots,Campus,Pink,11
5D8B60562EFE8A8D51A56CC5DB5F459C2F667DE767F8D10A0AD2ED7867C413CB,Footwear,Boots,Campus,Pink,7
4CBEE1C407556BF8DADE830DB5E55D01DA2266E01B4B9CBF4BFFDE1991245121,Footwear,Boots,Campus,Pink,8
8C00D6E9B1172E67F296461799BDAF6A6239B6CA4C7BDB4AC86E6FBCB5F5ABCF,Footwear,Boots,Campus,Red,7
8D29BDC158D9545E5705D39B83F546AECBB587BDD4719C2097A610411CD6B44E,Footwear,Boots,Campus,Red,9
CBAA7C51773C726C1F76E9E4120E7DB1037EEF9F90381DB070F05C355B04CF18,Footwear,Boots,Campus,White,7
0372DC87A34B7774ADC2ED0C1267DC760A90B8134D6B9C830E7009F6F25442BC,Footwear,Boots,Campus,White,8
62766461B1D360E47966A52E46CE668B938C8898EA289217A628355F02FC1AE1,Footwear,Boots,Campus,Yellow,10
6B027910AE76758DE1F88A7AE9122D4A6A943047BF1BD7EC62481CA46B44F6EB,Footwear,Boots,Campus,Yellow,11
230988E0500740B4002FDD7CDDDD418656AB1AF170D939525A87FA550C99BD18,Footwear,Boots,Campus,Yellow,6
BA1B510144417B9CBF8550237338DB0D4089ED3BB66CE598B94E7C5D0F87D8F0,Footwear,Boots,Campus,Yellow,7
C00DE16A0DD0C875E8866569D57FC0822752886796A853FCB4EAB0C86F09A61E,Footwear,Boots,H&M,Beige,10
F4B54FAF791140075FE8E9554450152EB559E605FAF72C04A9837B762E6A9D24,Footwear,Boots,H&M,Beige,11
2B61969FA1B8092AA35F5F2C3DA986D638E88B6C88A3ED8C8F7B58E47715A550,Footwear,Boots,H&M,Beige,6
1A547706FEE8FB1206D9AEDFD4823531DE0580F2CD38912C798D4247AB833939,Footwear,Boots,H&M,Beige,7
F58B16CB2781956304B1E7D09B238C37C7C3E407C911E1A8F4835CFD7596F4D9,Footwear,Boots,H&M,Beige,8
BD605F78A16987F3D1D9E8C0231E6EE91CF67B78107D00B748B0EEA1F3243FD6,Footwear,Boots,H&M,Black,11
5AD7D05BD4FBB7CDDD215B77DD6C369D8511B129BE91A0ECC638BC268DD68067,Footwear,Boots,H&M,Black,6
2F92A6254BD61A29B5E492E6876C710A0DCE6E0406882CB489B8EFCDC1AF3B17,Footwear,Boots,H&M,Black,9
6AF2B00B58D270A9E160026A405D2325F3B0B096C8257955D205E33781D26669,Footwear,Boots,H&M,Blue,6
8176312A24BF61A3DE3A129C6E03477A4C87155DB1E9486AB1D78925ED8880CA,Footwear,Boots,H&M,Blue,7
57311DEC5891AD94992B9E9A5178D927DBD75D9753C4CCB3C3F97B03D18AC2A7,Footwear,Boots,H&M,Blue,8
359BCB73B1F4E012A204AD095622202A2C47F6B7C5531B629C7BDA1168D7B89B,Footwear,Boots,H&M,Brown,10
A491CF477AB5B57EF8F6AB14365224067C3102597D368555F6DA3D07503219CC,Footwear,Boots,H&M,Brown,11
A152CC35F1D2999FF1BFA8303F74F9457A2534FD3C4235EAB15133BA2BE49B86,Footwear,Boots,H&M,Brown,6
8827FE6E524B7F6A14734D472CF82049AC8AED5C2967FCD836BEAE054D159153,Footwear,Boots,H&M,Brown,8
1790719501A6F63AFDF05020A419C50E6D4EE170CDB271F75C7526E438A89BE4,Footwear,Boots,H&M,Brown,9
329B837A3205F133572B340EECE9E177847E2995712A3F5873108132BE658B41,Footwear,Boots,H&M,Green,10
291E2F0E2FBCEE8B605106D3004C76D4F9E25CACF7116226A7C2DC4673D767DC,Footwear,Boots,H&M,Green,6
9A42A4445FEDC25C7D4B85D203C137482805F57C0CF23CCC5311A2DDCC4B9F76,Footwear,Boots,H&M,Green,8
2F80BE3762B7E978F56019BC5B7BA574548EC733C7EF0FCBF2BBFE9375492532,Footwear,Boots,H&M,Green,9
8688DCE6A8C4A20183345509C461C8C3C11A7AFADC55E96D1440470C941EEC70,Footwear,Boots,H&M,Grey,10
9C2E3F69FE1F6B181D6906E3948B91BE75850666DEF268C8B3643199B76A600E,Footwear,Boots,H&M,Grey,7
9C5A000BBB755081F085604437279203EEC1DC86076ABD9943E5218A3A0A7EC1,Footwear,Boots,H&M,Grey,9
AFCD4BE4924E317440BAE31F39F3CBA7D248F1A08CA459F59BFEFC29F782E6CE,Footwear,Boots,H&M,Navy,7
043DA09705E957A97FD489C79C76CF752773A473377599484363D311106FDB9E,Footwear,Boots,H&M,Navy,8
6D339F9FECBF6703528DAD428404DE0EFA3ED877D81FD8B971FCB0D7433382B4,Footwear,Boots,H&M,Navy,9
347C64050A4764EEAF9E813BA3206359224544263ABF526B73E01C3A02CB59E5,Footwear,Boots,H&M,Pink,10
1F30BE97F1F094EDC162486380C86182FD42F9F0A52BF3A00B415809EA454812,Footwear,Boots,H&M,Pink,11
9C06A11480625C7301A9ECC89F94D5D56E3755EBD2478F51F99AAF04B83A64A0,Footwear,Boots,H&M,Pink,7
E7F01051829614B8E2A4A8C531371ED66745B478B3470641066B3C88FBF98470,Footwear,Boots,H&M,Pink,8
7C30A3B91E53212E5DD497F7E294CA06409890A254B25202C379F53CD813C337,Footwear,Boots,H&M,Pink,9
ABBE0B419DAA0115B9AF8F85F96AAF348C7CEE64133DC66FC6457C0992F97D74,Footwear,Boots,H&M,Red,10
9A62DFFC9781CE8B78BC590FC184A8A74C1D8D29A38DF0F9EA56D29545C985B6,Footwear,Boots,H&M,Red,6
79C220545787EFB7FDD8B1E33AF4C1AD72911E6688D043FAF200816E586E3ECD,Footwear,Boots,H&M,Red,7
DEC50F1DD9A507052C2A31CAFBA45EADC959DCF9B81E3564250F40EFFADFFF49,Footwear,Boots,H&M,Red,9
42CE232F33E471A9259D6A183F62F1B63AA65AAA23C961E9B803917E84A84107,Footwear,Boots,H&M,White,11
6538C193E2740A94DA13AE7949F52277D8F1D804FAA4837ECB49BF0B6390886F,Footwear,Boots,H&M,White,7
4F9C0B556033D2F95E6240478CF660717BCFE9535F631D9B14FE3A2A573036AC,Footwear,Boots,H&M,White,8
390D64D9BB63DD619DC84CC0CEC0AFE2D2D48E5751E68907B8405FCA6F778EF0,Footwear,Boots,H&M,White,9
61D6F344BD004F261464A150FDB5B85B5044767E39134FE1A7AE5B27B2F5DD62,Footwear,Boots,H&M,Yellow,11
BE0515B2A530859B532BC369F67D0969C26ABF1602083FD048DEFBB9EC8EFC38,Footwear,Boots,H&M,Yellow,6
AF833E135CAEB0196BB650F8EF0A9FBAAAF0CC134D69F4A988387730B9B03437,Footwear,Boots,H&M,Yellow,7
976D261FA632777287269F10EA92BB6E50980D9ADB2F1ACC97E0E5C62E289092,Footwear,Boots,H&M,Yellow,9
722FA34B1AE2B92DF3F8865A797F3E2A0C149DF996370A2F4C3E0FBC2925A0D5,Footwear,Boots,HRX,Beige,10
782765229EB47835AACAA459557F57662696806FCD93556E685F1FD0E265A801,Footwear,Boots,HRX,Beige,11
F3FCB9D49B5C8E43508E304EC2705BD1DA65F50CF7347D4095CD6321CC6C9F81,Footwear,Boots,HRX,Beige,6
3257C0BCADCC488E3EC9B771FC1EDA2427712EB4973708BD09CD7EADF04D5CB0,Footwear,Boots,HRX,Beige,7
9523F6AB74DB948D788FEA8DA4D7D826102717642D8257CBC4434C566A107BB4,Footwear,Boots,HRX,Beige,8
F308C1193F05F4E75DA3753B8E2AE3651E9999CFC0204A4CA41F4E8D61409D02,Footwear,Boots,HRX,Beige,9
A0DA2C5D350CCAAE8729F5D8C28D93ED49E87C91D81D4B193239468F3F1E9A30,Footwear,Boots,HRX,Black,10
BCEAC36DA40B397B3C6C344B4A58BB2899DBB72A2C2442EEC1949E10AECC5C3C,Footwear,Boots,HRX,Black,11
E02CC6FC6BC1111659A69807EF005815B7296A38EE1E226548E81FE0BCA3013E,Footwear,Boots,HRX,Black,6
08D00F3C168EAD9F2CEACF6DAC0F7454571C597DDE8EA7049676E3D8B25E15F1,Footwear,Boots,HRX,Black,8
6734BCA9FF2486190ED998BC4AF99BD57F0727EF536D715641E3839873B53D32,Footwear,Boots,HRX,Blue,11
CCBEE9EBA62E6E16F48F38963BD0038ECFE66268BFD714C16A600E9D229D4C4D,Footwear,Boots,HRX,Blue,6
2EA1795D196DF50E63143E1CE048641D95B9194EE5526DC3F8D6A9C8F98E7983,Footwear,Boots,HRX,Brown,10
E0CB415B1ECC315F51769E62FEC691EE91931D2D32A9577B30E4D406A4F65D31,Footwear,Boots,HRX,Brown,11
636CEE280E04BBB94B4EB6819AAF0C6D460CF728C6B1CEACF26EB791D7FC1F71,Footwear,Boots,HRX,Brown,7
6696EF6B90F41630D88676BE1542C970959642CA0E3EDF508431C1541139DCCD,Footwear,Boots,HRX,Brown,8
27AEB2A9ADA3218A7081DB33679B0C5E503637AB18FE42C5112FCFE5F37A588A,Footwear,Boots,HRX,Green,10
A41DA4CDF293EEF81C27E730FA0A973D24D63CB98DABDB6C085179A8B43E9E46,Footwear,Boots,HRX,Green,8
63D5A9920A7DA73C56F003AE4261E04334607BF9C3F9EB77F68F4348975F431F,Footwear,Boots,HRX,Grey,10
B97A7096EC2D4FBE8D31632E8DFCD9C54463B66A0733570FF6AD185F42C0E7F5,Footwear,Boots,HRX,Grey,11
AD34452E3780D268031874D1366CE37C506C77D625C4EA8180F957E34CB8AE45,Footwear,Boots,HRX,Grey,7
1B4B6BE40C319D6311A76F1E5E6F7190141E7CC44F5CEB3A82B052E9F2298848,Footwear,Boots,HRX,Grey,8
62DBE54A7B17E59C736953A93BB8603CF741D7B3C885514DFB657C0A66222D00,Footwear,Boots,HRX,Grey,9
C4B7C85B5B7C2394C410309E6A5FA47798BA5885477527E22C75FCC990F14FD4,Footwear,Boots,HRX,Navy,10
460E2F14C999E3D56C997DB1AAEC5537C09DF8390B23B2AFF9DE6AD2FA268EF5,Footwear,Boots,HRX,Navy,6
1C3DFC13C5D8B63DD12CC3C5BDFEA1A872F639FA56EDF3E0030E8F8DE0ED06D4,Footwear,Boots,HRX,Navy,8
518FE13C15E556A82FB330619B8D3D14C8773DC227680C9E1CD31B405594F840,Footwear,Boots,HRX,Pink,10
A98C4931F2DB53C3E57BB666B8B3090A61E34D450AA05F2AA25858B2CC015397,Footwear,Boots,HRX,Pink,7
5EDE3647D9EEF41CC83D04DE911217BA19BCA96B6DEF51DAA92A5ABE8B8BF8CA,Footwear,Boots,HRX,Pink,8
F1FC83030839EF64F61B91727AF841EE118DAB8C1AEEEC54D27C29B9BA3F4BFC,Footwear,Boots,HRX,Red,7
CAD53ADF130B322E527A9C1A883AA14507C33C695B22D65F172AE4AD8D6145E9,Footwear,Boots,HRX,Red,9
AABFA6674CA2E7F8DE5F780EB78A4015562762E23F1D9D579FEDE5F0DD81B5F4,Footwear,Boots,HRX,White,11
89BB0EE05EE2F4F8441207AAC857848C293D2CBAEE98AAE0FCC76D413E52FC47,Footwear,Boots,HRX,White,6
89F43D29988E470AD41D67A8A187AC425BF6E7F687D77D07EBB84009AE1CBBC8,Footwear,Boots,HRX,White,7
9FCEE7AEE24CABF0CE771E3D370B2D6000CA11442F38D3E98134BFC23671EF1E,Footwear,Boots,HRX,White,8
9E13EA079E2F22ACCEB58E337BC7E1549578B47404313261B55DAB375D2CA0D0,Footwear,Boots,HRX,White,9
2872F53835A010030750350218FC24445940D671B35BD3BB617DD604BBA5D3B1,Footwear,Boots,HRX,Yellow,10
6CF47D784B4CDB686551C140EDAEA35AA63AFB4C01F305598BAD9DA43E7AA272,Footwear,Boots,HRX,Yellow,11
F19535E700092137CB321D6FA11F97AE6E129CBB365277D11B483708CBB0F556,Footwear,Boots,HRX,Yellow,7
DEEBC01C9876B3662DAD77A9342D80ADC82C9317FB65DBCF19DA1D64A48112A2,Footwear,Boots,HRX,Yellow,8
3FBDCDDF66C75E7B20A9F90F1ECB80658DC8F7550A4E51F5B2A83DFAFF1F6F2E,Footwear,Boots,Max,Beige,10
E2594CF164E575159F1A59659A2185B2C5025B6B05BEF93E637025B1C4CDE6CD,Footwear,Boots,Max,Beige,11
5EE18A71F1BFBAAD424E2328D54C7ADEE5EFB005186AE3295E9EE55812CE609B,Footwear,Boots,Max,Beige,6
51105581EABC6193D91A8CAC2F80948A9B539DA9D0443ED6B986CC86C459D3AC,Footwear,Boots,Max,Beige,7
FFECED4AC8031303298C93393D7C285DCF2CBA6316789B408853D4CC17EF477F,Footwear,Boots,Max,Beige,9
FF7F9E264886B6DE0741958B89FA404A9FF25C4BF62A31877E2C067C534DE92B,Footwear,Boots,Max,Black,10
D22EE2090CBEAA5D7BDC3307D10158B539FD218681B6A03E18DA6A46EB673332,Footwear,Boots,Max,Black,6
D6C158FF0E5F3E6E699E41030F1082B4016C68CC8F863DFFA74BBEFCEFB032AB,Footwear,Boots,Max,Black,7
028AE2770AD0EF2AE843A992B60F1AE37F23B97D7B333A25B780926BB09B308E,Footwear,Boots,Max,Black,8
73EF9B11DE2D35AE3EB66F1DEAF769AD4F3296C4B6218A1D7E3436C69435DA31,Footwear,Boots,Max,Blue,7
779E477F547EB57AB7F3DE61D214134CCC566F30CC5257A1EE010A82F325E8B6,Footwear,Boots,Max,Blue,8
C551C4B6A036B0548DC301F22B5399FCD1809E2B377FF4258A0ED658ACABFFEF,Footwear,Boots,Max,Blue,9
767F9830AB43A5B4D394F1DFFA8391DFAF20047603CDDB1A9208786D860F1787,Footwear,Boots,Max,Brown,6
4A415F76C9FBDD3D20B5AAE4D45C8E60AABEE3D6FAF986302F9F2FE85B481753,Footwear,Boots,Max,Brown,7
7399BF1194A4D3A75783796109A5CC9A9298EF77F737B944DC7CBBF8ED4B23B6,Footwear,Boots,Max,Brown,8
3CA51A1FBD2FF6FA17FA2E7E85E7829C666408C42F055CF22565ADACF8FC1F39,Footwear,Boots,Max,Brown,9
2B3DDFEF6489F27644DF3AD8758421231CC857F6BFE48FCB9A5A0351EB58CB29,Footwear,Boots,Max,Green,10
1C4CE24FD56D03CB12B42EAEBF71FD4C831F0E2AF8590F8F7A970E73DD3DCC75,Footwear,Boots,Max,Green,11
BBD8E2A3A654A4FC8578DD7FCA209A7075FAD20F6BA8A1D6B088F949DBA70EA8,Footwear,Boots,Max,Green,6
9FED15316BAE6781153CB2DCA5EEE73B67E37C0CA301E0A233ADA679C85C48B4,Footwear,Boots,Max,Grey,11
BD90DA08C9C94D9265741828B5CA27E8C9D2F1B2FF9E41BC41C9FAAB3AD62F0B,Footwear,Boots,Max,Grey,6
CAFDA9990FB10085B83EAF40D74516A7029882B9CC6F8591C4D93FED3C122DCD,Footwear,Boots,Max,Grey,8
EF521ADE1B5EF31D04CC639D6F9D25609DC55B1E763D7C80D5986820AD954463,Footwear,Boots,Max,Navy,10
9A98F331F8B62B54F518A49BA4AEAC3DAE80BB8269D1E5AE9B9E7C8CF23619E4,Footwear,Boots,Max,Navy,11
D5B34D09FF70EAC497E79054000B98D75CDD2CA06734C08F5FC94DBB19165002,Footwear,Boots,Max,Navy,7
019C4B836FC2F450FF144EF1648FE21F87E27E8CECED0DD8C10979DFA0268076,Footwear,Boots,Max,Navy,8
06A7D961F4667F36AD8C0F9E34EF91F9562E80B1D59130A072ABD721CBD502DC,Footwear,Boots,Max,Pink,11
C62DC12FD8AFF8EACBD983A2E549F17D4E97F1BE7921F3A71C5CC23FACE4AF14,Footwear,Boots,Max,Pink,6
8A99C9E3090020211C34C1B8FCE87982138B43F4C3E9FDBF8B1FC6A6043C4F2C,Footwear,Boots,Max,Pink,8
495A8515CD17CE83449A1815437A257F2E23104BD09B338AD2893D658D8AA709,Footwear,Boots,Max,Pink,9
0AFD215DE97F858CF5EE3BEBF8AC430A43167F193674503F6284E1C74E0D2038,Footwear,Boots,Max,Red,6
ADD14C2AD0FF450F40E7DA70AB8EC1999BB2DC52917B3DD8B8324DDB7CD46E49,Footwear,Boots,Max,Red,7
D99891A6C66C84B43CEB5451D7D8C3A91264F027ADD5ECC76962851F02D6D3A9,Footwear,Boots,Max,Red,8
CC4179104AE30E9C9510E36A8BD952E92F348B0AED1DE2A799C55BEC36A92AA1,Footwear,Boots,Max,White,11
B1598418E6E59F96C6A34B1C704973E0ABE500FD6A432EAFB45EF9DDB8AC58F3,Footwear,Boots,Max,White,6
6DED52D23261CA09498D7A1CB22E740208455E08983348C2A585F266A0984A40,Footwear,Boots,Max,White,7
862E3EE294E473B557C8DD0DC140544DD9683DE92D9ADF50EC853A6D5CC4BFA0,Footwear,Boots,Max,White,8
73E743BD5BE74DC39F5DC6209F6218F138C776F4BFC4AC5A4E75C9A49587B0D0,Footwear,Boots,Max,Yellow,11
A1712712B3A1F1CD555AF8E6AC30C04EB525E8370300826D956D7FBEA5FB4BD7,Footwear,Boots,Max,Yellow,6
ABB216D07EC0DF391288C769D9B3BAFB7EF6483B0DE595802127490B569C444F,Footwear,Boots,Max,Yellow,8
690637CA4E16EA769DEF66D6F80428DFF280DE56BB77756192ACD7E70C26F579,Footwear,Boots,Max,Yellow,9
759EF04AE01148648159CCAD159FFC5ED641CBC685AC00EEE6AF447572187A0D,Footwear,Boots,Nike,Beige,10
7ECADA0DB73526846F7ECA1B73EF57D5E18A139B56A8A38973A7BA24D5CEB7A7,Footwear,Boots,Nike,Beige,8
8C3762B59520BD74DD823FA35C8DF446F2645B72D70CA3CE4564B04102391652,Footwear,Boots,Nike,Beige,9
6216DFD0B626B6CD108426A11FF564C2264D7A2EAD53CBB0AA9C4018C2F0BABE,Footwear,Boots,Nike,Black,10
4B175A1598A5AFE7B0F59B8FDDBC25E69F408EB6248257D6A71C05CC8704CED4,Footwear,Boots,Nike,Black,11
8DCF8A599A107687C19DC901908DCD8B9BA284AD86E44AEB4617A68730BA8F70,Footwear,Boots,Nike,Black,6
BB88D6C820B74951AD8F472E1EB85B4CD73FCA2F63704FF6669CAF352B713715,Footwear,Boots,Nike,Black,8
425D1042B1F024837AA1CF00DF1CE53A0AC9936AC6884CA873CF7408D90CB1B5,Footwear,Boots,Nike,Blue,11
4AA27312A813D34DEDAB89184D13D359E484FABD4D282A2714ABE42BA6730311,Footwear,Boots,Nike,Blue,7
B6E8A7A116E2A42EDC01B987E5BFCAC1DF2085D496984A0A69D3CC217E5F007F,Footwear,Boots,Nike,Blue,8
02F573F084F8907D2E58EEDB5E7A1F20E196FCD1D1096A518AC81ABBF7A71459,Footwear,Boots,Nike,Blue,9
BB3BFF0A8106B31B748FCF9460D82358C10C2783BA51EEB9015C6B04227DDC89,Footwear,Boots,Nike,Brown,10
14C9A1C347E8D52F5B5EAAB12B2FA785A958C13BC7548E61B1D545A561C5F7E7,Footwear,Boots,Nike,Brown,11
C3865BE89136B7473A570BA1875348DBC838DE2F32830C63494689F74CE03569,Footwear,Boots,Nike,Brown,6
3A6BBD3173382266B652FE8E8839B1EB6609955A56F323C9F82B433A44E62C12,Footwear,Boots,Nike,Brown,7
AE11091159ADD1A98B7B893708CD857EE0914B4F9588257939633CE53490E843,Footwear,Boots,Nike,Brown,9
124EE49DBFDF5E53A9A673427947F113EBBEB00D4691308659EBC0F5B349EC83,Footwear,Boots,Nike,Green,8
9ED348B17D4672F6DA4C4AE5E2D6F73D53BBC1F42C787B9CE1CF4F327DD4022D,Footwear,Boots,Nike,Navy,10
9B3DC25E352EA5856FC167DEEC57BB27BF67FAAF3FEED36DAB86AE3AB82E4042,Footwear,Boots,Nike,Navy,6
8EF94CD73B45664AB12D60BFA7AF524ADC6E0B8954CEE5BBB33B9631F53D0834,Footwear,Boots,Nike,Navy,7
DD5C9A5F611B367FBEB50B997E35B83618AAA7A4BB78A50B702C9D0DBCB4774D,Footwear,Boots,Nike,Navy,8
4CDBA1F00E47870D13138C1F2E57CD78656ECCCC80225DE0FD2C83D5A87C0E9F,Footwear,Boots,Nike,Navy,9
B56FFAC5764A22941F7A0041AF9CED1F9F0A5AFB650D83DBFD0FA31BFFC3462B,Footwear,Boots,Nike,Pink,11
A68932BCA90F2AC71F30C7313D281F84CA8DA9B8F00675560A62C145F6FEA2CE,Footwear,Boots,Nike,Pink,8
3A19BEACD62C9D8F82E6C7C978F5120810E083DBAE9040346D63D5EFF1FF64D2,Footwear,Boots,Nike,Red,6
5E54DD5023EB224EB930203B86F111C7C037199DE4A794DF1086F1F0FAD52492,Footwear,Boots,Nike,Red,7
5562340EBCB9982741DF809DB5F12CB130AA6E94E1C2E530C0F5E9C6A00FF449,Footwear,Boots,Nike,White,10
CEF220B57CB61A8E16177220AB38F2376E28CCAED51EEA3805EEB18CE661A704,Footwear,Boots,Nike,White,11
16A1C761D59BBF8ED5846172418B9E4EAF8C2E01C5A2276725E791B1B7AB5D35,Footwear,Boots,Nike,White,6
65FF8BBF64B3C0048FB06F7CF5CCDCBA2C89DCB073785E2E7625DCE6DC60829A,Footwear,Boots,Nike,White,7
CD7983D9CEE99743B45ABBC3765431CB12D3D1A08CB37C0B6412ED5F20819011,Footwear,Boots,Nike,Yellow,11
CB496BE0CAD761E388F7F0BE7CE5EBFF51477F9553D9D7CFBD3FCA7342C3ED05,Footwear,Boots,Nike,Yellow,6
6D838DDBA704A5C6677EBCA67F06C28C309A27BC5792AAA6FA1842C1EA74095D,Footwear,Boots,Nike,Yellow,7
410FB1BA950CB24F40FB31754CD7006FF5BB229438EF9C2C84E23EED9601401A,Footwear,Boots,Nike,Yellow,8
52A5C518DC6B04E40705AD5C3077A831A49AF952665E5755131D3B0020B2CAB1,Footwear,Boots,Nike,Yellow,9
C03565B5B816DB7FAAC6EDAD903C78CC1C87DB10DAA7CFBAFAC6E1E788D5BE11,Footwear,Boots,Puma,Beige,10
A9E1C439E61F3E7EE1E7FF77421544F15110522062CF97365C083E52A33DFF56,Footwear,Boots,Puma,Beige,6
9E1B0E5FA8D35D7AB0393B4DAC464ECC53D9BDED20DBB4197FF5240912F37D4B,Footwear,Boots,Puma,Beige,8
681E7A5DD15DF470D471B1927D21832EA009CBB841510D64EF3A700C557039C7,Footwear,Boots,Puma,Black,11
BA901F4D6F37F67FB24D4414005699942CE5C3F816EBD1AF45FE7E2907BC8622,Footwear,Boots,Puma,Black,8
55F32C9951CDA350FB475688AFC9FDC8D2182826F75AAFD7E828DA5EB273BD9B,Footwear,Boots,Puma,Black,9
F90A98A0D708B82B9ACF4AE204D31656029FAFCBB25E746B2D6E5F94A99E5FE3,Footwear,Boots,Puma,Blue,11
C7D08105A659BB5194CA9675373ACB45F22E992D7718C8C47021787857E5B897,Footwear,Boots,Puma,Blue,7
1BD6C9337FFF3CB4D540E6CF811951957BD41A9C027EA8DECFE8CD4D1B0FBCFA,Footwear,Boots,Puma,Blue,9
89FC0DD588195513274D21D80D8E37C1F8A696FADEA04C96EF9579D5E567FB4F,Footwear,Boots,Puma,Brown,10
82DAEA490262AB577F0DB3EB7B632C8EB5C35B16E4EB20C9FEB78728ABA062E2,Footwear,Boots,Puma,Brown,6
E6619D78CC40ADA20DE6F81ECD0DCC0B48EDB8220CF3E8F71F581FDEA8D2186D,Footwear,Boots,Puma,Brown,8
94AFC4CF7F5FC914D79614AA865B6C4A8E36A3365DB3AD10302A84492C2D7456,Footwear,Boots,Puma,Brown,9
5160D05F1B6D7FAF6D8DCEEFD5FCDA2ED671CAEAC44768C2669A0A985FBAC4C5,Footwear,Boots,Puma,Green,10
1DE6C0308B65DD2CE1254B5881CDBBDA4999091F28ECA6122E96938EDDAD3E9D,Footwear,Boots,Puma,Green,11
06924154C616B313FDD945518AF815A98B9306C9FD7D322269ABE80204CB24E9,Footwear,Boots,Puma,Green,6
D5531E0E22D5069320A41785CEFFA87EF6E2ADC59E0D434B6D0673787151CC1A,Footwear,Boots,Puma,Green,7
2C0805C3783A43508B0141087969CD9AECA0F83B6A29CD114B2163733F73121E,Footwear,Boots,Puma,Green,9
DE0CA87E8741532A39B9EF7F6CE4E7F97ED4C04D1128C5C1DA6C62FEFB44680F,Footwear,Boots,Puma,Grey,10
88ADFD7385C2438BB739E14AC5FB05CB2621019006C882FA3177E57E9EEE5D02,Footwear,Boots,Puma,Navy,10
E6BF3EFAFF8E2ED136F8EC56582B803445A3E94CCB64136BB05FAFA206003A15,Footwear,Boots,Puma,Navy,11
4E1C495A87DE3761D839430234A041769D0BAD59A06545C1D07B7F43157C7987,Footwear,Boots,Puma,Pink,10
5788BCAE9236462AB4CEA4D73032114B04B9DE94EE2B22DD0461182996D5F22B,Footwear,Boots,Puma,Pink,7
137C37A45A1D91DA45603CCEC0DE57A28AD6B491FA0EFCB3BF24FF4DBB2DCAB6,Footwear,Boots,Puma,Pink,8
06EC85124AF790ACCFB63035D217C730919C8AD191EB0E7A8D8887CB77B09987,Footwear,Boots,Puma,Red,10
7FB06E1EA52318B366231FCCC4C0DCCF55BD7176162ED6FFDFDA00072ED6201C,Footwear,Boots,Puma,Red,11
1D8BBE43BD47BA36E0603F77F208188AB511244044DD572D6415B6E6E8A60702,Footwear,Boots,Puma,Red,8
2E7BA50FE8D5058608093E0F3BB2EFC6949786D83018F6F2D3155B67734E7447,Footwear,Boots,Puma,White,10
78D4348CC43DD9D8DB4A5521BF0368A9DEF04E718608F40114234DA7658D973F,Footwear,Boots,Puma,White,11
EAE88E2DCEEA7DD2E273BD0DEBB7694E5A368DB1432B31800AADE9C3C02E07DC,Footwear,Boots,Puma,White,7
54BAB0DC259A629AB6F3DA33427D5F77C198A1CE326CD57D95C4B8CB0D52BFF6,Footwear,Boots,Puma,White,8
0BC537A9B9C3154115D3C8C114C55B3E1EC4EACB8A1694B6FBD83177302D4E24,Footwear,Boots,Puma,Yellow,10
0410DB8108F70AC631898EF047436B4D5D2A749C63C59F23AFE2DCA2B33CD37D,Footwear,Boots,Puma,Yellow,8
E65D76C7259E4869DF49E2517A17B94721F9F3E9CB320615A9E2B6D3C8FFBE05,Footwear,Boots,Roadster,Beige,10
72F83DC7C305BD4A259A0A41BE29CD639505A5CFE369EBAB27AD938FBC4CAC05,Footwear,Boots,Roadster,Beige,11
CACE21593D2EC6835997E26E56DD752A2AE5720CD26FAE51340D4286CDB6989D,Footwear,Boots,Roadster,Beige,7
54D61E677ACB6B9181DE56D3738AA2FD73B49B869413D5122552D9E3AE90C4FA,Footwear,Boots,Roadster,Black,10
864535C2388BFD92D11AB9F535CB9DEA47162B3627F1AB471AAFE4E49BA06F2F,Footwear,Boots,Roadster,Black,11
83D8ED92D456C85982DD7C8E65FAF54C5149ABC79FAFAE823685786396798BA8,Footwear,Boots,Roadster,Black,6
4B7D055241FD1D2D494EDE73ED8B42E9EB6A2C357226173398B857A39897C2F4,Footwear,Boots,Roadster,Black,7
AFC3282344C5DE94B923567B37F81EB90E04E1E1DEFF881385469DB42FD302BE,Footwear,Boots,Roadster,Black,8
CDE4F9156CFCB18E7DE079DBDBA9DF7B06A873A0A45862D8772B16DE9E0C4E1E,Footwear,Boots,Roadster,Black,9
E6C3AE5C3F8483BF54FADDF4742C1F4481DA24467D01640EA81A9D57CDB14CAE,Footwear,Boots,Roadster,Blue,10
192458E33668BD2F9A79D69AA42EEFAB08A8A48653DA9E098BD67709FB402F16,Footwear,Boots,Roadster,Blue,11
D2F432E15F45441EDCD778D12DA73934CFE4298334D117D628DBEF7564BF73A1,Footwear,Boots,Roadster,Blue,9
F7CAFEB9729554A32024B56150FF11900837565D76B5456C8559DA53338F1341,Footwear,Boots,Roadster,Brown,10
85EB21D0D23DA4AA3479B70173496DC61BD6F4848CEAAE503AD34AC8838D0A25,Footwear,Boots,Roadster,Brown,6
6035E1E5185E8484F72395CF3305848B272F4B0E2AE136CAF921B2C54695744C,Footwear,Boots,Roadster,Brown,7
C8FBF8669A7142143B7856339B3FDCA3009723C4FB4CFD01EB5FC2438AEF1AE7,Footwear,Boots,Roadster,Brown,8
F02AE24A78D19155A17BCF3ACA6BF2C190FDF9D6F09BF52EB64C9140931B2C10,Footwear,Boots,Roadster,Brown,9
7CB68167E3DAA2A8A218CE2E61614B98117B9809B7991188314B7D7FCF54D89A,Footwear,Boots,Roadster,Green,6
EFD411B199D54D7032994D2510717124A3EC53EDD7C46BBA51425CC3103A1E6F,Footwear,Boots,Roadster,Green,7
ACFC9401C2B5B02A2D891CE98F0D3A75272CAE71ADA2F29CEB9E129AC43A2118,Footwear,Boots,Roadster,Green,8
47CEB4E33BD1FB96CC4EE99DEA2524D98BA441823F3153B37069CAA158371606,Footwear,Boots,Roadster,Green,9
4374ADD284B4F15B4D89E5BC21692DBE509145315809C6A79F0E0E4F0A9647BA,Footwear,Boots,Roadster,Grey,10
5572363C3A94411E82103D83D94003C71D6513D50506D289022DDCB2B536DD42,Footwear,Boots,Roadster,Grey,11
4116FFE06AAB12598F8CA571E3D4687D7B2C4FC3692DA6DBBF8DF548B4538880,Footwear,Boots,Roadster,Grey,6
E95455AFDA95AE1098E8FEBE6B6A78B863E4674BC147971C018C845372A2980A,Footwear,Boots,Roadster,Grey,8
1B86A4A0B09B983E514452731D07C5398C1440FCD9DB22BE47A1309217EF7A7B,Footwear,Boots,Roadster,Navy,10
785235CE34C6A7844DC0AE1ABB7415C31FA73FA0BCE700CCF1A111B65CA0E699,Footwear,Boots,Roadster,Navy,11
22E5B4F182E16F593AC04042FF52C3679468539C4C1B4982ED27A18CD30E46E1,Footwear,Boots,Roadster,Navy,7
DD09E076EC4DC30A2AA8E315CD4DC9B53B2E50D4A1CFD34F1CF68C700A843CA2,Footwear,Boots,Roadster,Navy,8
E4DAD5B7CC47F782811F9654A7C0667D25C718A0FAED82D22B8DFB290C935FC0,Footwear,Boots,Roadster,Navy,9
A752F3A1687870919DB8F874F839EEC7A8CABB74C2100C5B0823ACA65FFA1996,Footwear,Boots,Roadster,Pink,10
D5D62EBD4C22D35CD7114B0D5C0F8F563B0F8F257DAE6A72A16DF5011FB4F4AB,Footwear,Boots,Roadster,Pink,8
4FEC6A311E3D3F2C8565BC0B4002A27E38B7A0D105876744759CA2BF5BEF0CC1,Footwear,Boots,Roadster,Pink,9
EDF1891F8E1AE637D6F989EF0848324C3FBB95A0642F41FA00F526EA9BB6744E,Footwear,Boots,Roadster,Red,10
0A0B16D19776388CE78CEF3D7CB6FFF4A72145817433E4EF3A45DE4181302487,Footwear,Boots,Roadster,Red,11
121573957982917287999D3BFBD10E9288CD2F58B7E6693707DF23545917FCAA,Footwear,Boots,Roadster,Red,8
739DAE6766360C42F5C9D5C3DDFCDE14BA740687733D32834A1A739039CD88F6,Footwear,Boots,Roadster,White,10
6F0EAE17F7DCD69135F3671FD35C633675A05DF950F6F4AABC8BACB8C5B7368B,Footwear,Boots,Roadster,White,11
9E762FD61CF17AAA739CF1F6292C01B31A9D3B5CFC8C8691197FACEE0708363A,Footwear,Boots,Roadster,White,6
CD75D6970868CC020CA42C80CC18E1269977CF01B85A6F743349E1BB6365EDF7,Footwear,Boots,Roadster,White,8
D5B4D4F935F5457FC2FA0EC404E618B9FDBCE7C16341563C0C2CEE3ADCB2C1DC,Footwear,Boots,Roadster,Yellow,10
C44A5198E9AB9EE9589E312E17F0AE710A7FCEF99C30F3E50FE0AF530455C9C2,Footwear,Boots,Roadster,Yellow,6
8FF925D4DE538637E2B07E4561B9F3A9D10435250B7A201FD019965BB7363FAF,Footwear,Boots,US Polo,Beige,10
49D7772D0D1CE7EFAD8827C44693849DAEF2EF45F514259BA27EE6BA19B25E77,Footwear,Boots,US Polo,Beige,11
9709B319BA8255D9BED40F70542FEA0F183743CAD2417E30F6CD38734528D8B2,Footwear,Boots,US Polo,Beige,6
B895083A3C42664EFD5D97F67DBFC4A83E3984C989B8A1D81BFD5DF136EDFF44,Footwear,Boots,US Polo,Beige,8
85E88622A78446DC3AA8856795A8B421755DF547B92DC53CC79102990A167D14,Footwear,Boots,US Polo,Beige,9
66A55D6508376F075FBA4237C1538F175B739D51A807F31D93CEAA204166FF91,Footwear,Boots,US Polo,Black,6
94A05D487F56059AA24DC2E90FB50A182078BE7ADE2B3BC2820943B036DE5973,Footwear,Boots,US Polo,Black,8
EA6AC217B8B70D0634258BE5336C031E6B962AAA8FC8E1EC01540867783B9C9B,Footwear,Boots,US Polo,Black,9
09A1E88DBA430F4E8F583D61E0C7E7F602CDA8FABC3687A9DF2E230DAD51D120,Footwear,Boots,US Polo,Blue,11
A20AE27F72F9660A444D8951F53E240F1F07887BE8C8B68F7E4891A9954C23B6,Footwear,Boots,US Polo,Blue,6
39C34C3A03109D4A73C4DE3BD1AF2CB14E95825617A7026A64703BC0882B8C60,Footwear,Boots,US Polo,Blue,7
DD40FE074D38170E9B6827FC531812ECF26EF3DB0395F9D35C66219FCA328938,Footwear,Boots,US Polo,Blue,8
21914D03CE7357CD24312D673CCA6E650272629DB63F6660BA962EE408000B8A,Footwear,Boots,US Polo,Blue,9
42AB97559E044606894A86EA5FDE2C7FB8E2E79516E8D37A71595FCF8C60584A,Footwear,Boots,US Polo,Brown,10
972F3798A7BF3526366768759855FD98BC963B5308BE9FED951D616A219D2173,Footwear,Boots,US Polo,Brown,11
758298E471BF0913E52B8EDE4CABE6A6DF210B68960BC3E2A26075B8A36B2DBC,Footwear,Boots,US Polo,Green,11
DA22BC725D1D7EAE66B18FCE463669D31441E3566BEE12F77F94F71DCF1EF62E,Footwear,Boots,US Polo,Green,7
C9B39648E5A22162B13340AF88AFBA37C867F3419E9CE51BA8A533CF82194C0A,Footwear,Boots,US Polo,Green,8
F1B6B2E869C76D9DCA4F1B4997E2AB6C1B2361DBAB5816F28C7BB9233877A08F,Footwear,Boots,US Polo,Green,9
7ECB2D173088FCD5FF45D1F51F7ADB364C01FDC188A5EC1F1B346F31BBE2A063,Footwear,Boots,US Polo,Grey,10
9586DDA19D1FBEB317C4AECB90FBB48F16D2D7AD1D030F5BAE4E4D43A71A8A9C,Footwear,Boots,US Polo,Grey,11
2FEC132A2E80EB23F89647473CB9D8CD2B355CCD4E30B4FC7A10964E8969B901,Footwear,Boots,US Polo,Grey,6
E6B654010383E3485F9BB50DBD8C69EA108E21E51316948B846C9D5186F7A06C,Footwear,Boots,US Polo,Grey,7
F393C992E330335C97F8958C8E8C6884115F7400391D60AA8F63A1E6A1E9CB5C,Footwear,Boots,US Polo,Navy,10
DBC5679F866BFFDC43AB62CA10CC6D0F051A4E8ABCAD46EF346D3C6D4FE7BE24,Footwear,Boots,US Polo,Navy,11
18812E0E314C1044687042E40872EF2CC894528733B3A420A79351E0D06769D4,Footwear,Boots,US Polo,Pink,10
80645E04CE9BE8219E10DF8322C607B14DF2DBA2E051ED3BB3350D697D348FC6,Footwear,Boots,US Polo,Pink,7
D83BB7001757B9120C0D944E8E82993C8ADB193C995231FF4BD333A250DB49AC,Footwear,Boots,US Polo,Pink,8
E127A373DDE2469CE172053E78D8D409A4EAA07E6B136F881224F0CB31CAFF74,Footwear,Boots,US Polo,Pink,9
74A5BB882A41829D8D9B1B04FCDE7E274685890E0C9A4EA5DE00147E0C3F6A0D,Footwear,Boots,US Polo,Red,11
586D7DB6D57C806E3A8EFC057CB3EEF14DE74B8F35D223AF2BD3205AABC9BD39,Footwear,Boots,US Polo,Red,7
C5F13C7DFC8974B9CFD5D7F87E06B0A0EF5256D9934763B213B0BF35B03F0A0E,Footwear,Boots,US Polo,Red,8
3E08E63F8E9E17A243001541D270BC0663B8C8337646855194F7A90CF4235713,Footwear,Boots,US Polo,Red,9
19B73BF3ED13CCAF053697771571AA449C9DC76422846CA05CAE65328AB31713,Footwear,Boots,US Polo,White,10
02B3A60377B649D948DDD6F578C512E0CA3A764D24A81AE5BC2BFCB7081E4EC7,Footwear,Boots,US Polo,White,11
5D1F9C5AAE7AF5A92B048E532BEB04F9CD2EDF0B01AD9C48569BF05A256D41CD,Footwear,Boots,US Polo,White,7
F24ABCFA38EA521126DAB961C6071B1450FC12336D53B8CE9DC4EDAFE5404442,Footwear,Boots,US Polo,Yellow,10
61BDB487211C57758258A31D6CB85898B59B169C9B350135AD107FC5D7989B2C,Footwear,Boots,US Polo,Yellow,6
95C094FFA2AC418E446E0A27FD4247579D91CDC547049931F68228997292F3C0,Footwear,Boots,US Polo,Yellow,8
A07057E8E7E6821C2AED7DEB924498B93D72763F38AE79FB83F6692E9A4BB4A5,Footwear,Boots,Zara,Beige,6
840A66203769CCC69809289F2AF4E12F4AFEC24C7DC97FB129BB6EAC137752CC,Footwear,Boots,Zara,Beige,7
81085921F5294BC28C6D88797413CA4A98B9F6F902777312BB8B97B21FCE8A05,Footwear,Boots,Zara,Beige,8
5008FF4DA2F660C9C86732259A934208B14EDC4102FF2928F29ACB2E7CDEEF9E,Footwear,Boots,Zara,Black,10
E95EE88A73E617CAF95A66B6D26AAE0BB2C432FA6A2768799B1CA9A9E39510FB,Footwear,Boots,Zara,Black,11
C649D333D17E77E94AAF8087651DDFC669D011FAC9B5C18AD2DB41A3EE1C120D,Footwear,Boots,Zara,Black,7
FBC662EDE89BDFDB69D2A9C67CAB498F4E230174E9821B216744E30B8D86EDDC,Footwear,Boots,Zara,Black,8
526F96A1C4AF1A29E7C4DE70C9FA9774094F9E7FC212AD0F310FC7B6C26894B2,Footwear,Boots,Zara,Black,9
FB126C99CF564BDFF23B48D3A005633E27CB6A65086D9866D74DA21C0035675B,Footwear,Boots,Zara,Blue,10
D85A8C730BA6E1612196A3246439DB2708E8E29082DCD9EAD30384441FFDA335,Footwear,Boots,Zara,Blue,11
50866A7A36BE25F22DF471E1EA5AA8CA05E553D25760BAE64F1108592F447C49,Footwear,Boots,Zara,Blue,6
F2AC62B0D60A870FE34E315F2BAF3FB048D51EB10F1183DD27661FF0B069709C,Footwear,Boots,Zara,Blue,7
88BF880BFE264A1483A7F96F3B429C80404ED79C5F0C4C7D9577D18CB4B936A8,Footwear,Boots,Zara,Blue,9
E167248FD38E510E0FCB867AE206E37EA982CEED12AA29099DC6AB49DEB26CEC,Footwear,Boots,Zara,Brown,10
6D9D1FAB2593B371B6FB42B9099E6E3204AC5ED7E5075A99A0739980DD434E53,Footwear,Boots,Zara,Brown,11
3988029F236A0D1506C17775E7EE4CE5C08F8DAF398DE38DBCDCBE8F41C35149,Footwear,Boots,Zara,Brown,6
EC3BDC947E9AF96F21F9CE3163DD764D354D0FDEB8B257AEB990789EB425B854,Footwear,Boots,Zara,Green,11
D8DDBF1E830CF1DB7F9AE9CEB5759D665C5EFC276D39F3531C2F99F0EF7C4393,Footwear,Boots,Zara,Green,6
5D06F96CBE16EE2A6BD30245598CCA11A8BCAFF9CD6A7FFC56E45082D722EF60,Footwear,Boots,Zara,Grey,10
34FB8B70E5651EB4E9C6BCB55662B7BD883E4B4E6448D50E1D236E3D40D6ACDD,Footwear,Boots,Zara,Grey,11
0281A34D33430D40408C12E4E2D7E1442DC5ED39DDEFBA86076CB74E61934064,Footwear,Boots,Zara,Grey,6
83BE4F77698F59173FE463C1F6823C8DF191121649AC70062653FDC289154DB5,Footwear,Boots,Zara,Grey,7
50CE1E9A2B17B8FF7B4F285470BF1C92672A2881A4D69F40F556D9FFDB973E4F,Footwear,Boots,Zara,Grey,8
9F834E26FDD420BD135D7A7DA958E12A2DF60287987D24CF79C4E32217C3F0D3,Footwear,Boots,Zara,Navy,10
A534801A025C358EE9A1E4517D08DEB39A3F9422C5362D8BB7AF48D0D9697627,Footwear,Boots,Zara,Navy,6
74F6586DE79CE51806A6102A0538A01FB9AC71F834364BA1CB313FF6CB9ABADE,Footwear,Boots,Zara,Navy,7
3251778AEBEDFD57861B7B7271DE81C4617C35F2B1E9140616E1B64425F942FC,Footwear,Boots,Zara,Navy,8
34B2B8EF2A425A91B76D16F75A91B03FC2655BF373802D9D9CB036295A83BA80,Footwear,Boots,Zara,Pink,7
4BEAEE28A112EDB46C5F551AD5BC511B7984BD60A86BC8478AE43B354EA5B101,Footwear,Boots,Zara,Pink,9
3CAC8F179D361256D6BE54ED805B63FEA15F06BCA5552C2FA6B84ABE46A38259,Footwear,Boots,Zara,Red,11
623CE3200058682353AD3766B43DEFACFFBB14D77527996A5A6F395B967C1391,Footwear,Boots,Zara,Red,8
287D4D35CD18546A57F371AA5AAB6405B55953F38EE84A2D319632BFC1DFD99E,Footwear,Boots,Zara,Red,9
B9F44A1A36CE0FD4FA068BB2B9DEF5FE47AF22D017C0EBB4D3864039972B5F05,Footwear,Boots,Zara,White,10
0D9415038DEC07B124684D27FB827DB0B89875C503CCA95AC43DCCECC6C760CC,Footwear,Boots,Zara,White,6
7BAD5F8564B8ACABB0001CB44E114D2A73D702716858B3609B2FC8115E2B5ECE,Footwear,Boots,Zara,White,9
202C50E0C55DEE528F752255244915DD60486906F35CC4781DB41150ABE0D468,Footwear,Boots,Zara,Yellow,11
4F49213B809C03707A8D0F58527089B7943BFDF40A0BACBC1D5B8DA6816D2CBC,Footwear,Boots,Zara,Yellow,7
092D7DF8589A17AF59EDEB1D1AE35749DB23AD539BF317FE86A71F74BDE16438,Footwear,Boots,Zara,Yellow,9
B2B2D8DC511B68029D2D57146A84E808EF5FC6EAB529C3E803A03FDC23D157D5,Footwear,Formal Shoes,Bata,Beige,10
458E707A472EC08BD98FC0BD452C5C0475135E10706F24D4B5FAFF9803887857,Footwear,Formal Shoes,Bata,Beige,6
C3B90C3120DC3312E1E7F7AA91C96205FC9E9C75B39ED8BDEB5DEFE8BF6E2D0F,Footwear,Formal Shoes,Bata,Beige,7
31661F2694D164651A3FDD1A06587416748EA10D137DFA75DBFE02AA904DE548,Footwear,Formal Shoes,Bata,Blue,10
106E469BA58D37C614EBBDED5D1BA1EFD0ADD727395A7D5491DE60A8CD69B3B9,Footwear,Formal Shoes,Bata,Blue,6
B799B420B2BC9725979E487E44EBEC9225B90352A05399D2BD96EE9B38653A8A,Footwear,Formal Shoes,Bata,Blue,8
57FCC777330C1FAA796F30E3119C37AE2244B30DEB72A76AD08B2D091A41C681,Footwear,Formal Shoes,Bata,Blue,9
D4F2FAFEE21D14273280265CCF9B3B6495F69F3822E04510400636C1CA6A4963,Footwear,Formal Shoes,Bata,Brown,9
651EDD8F82E2406435019558FBF97F48E73BC6E61B7EC2948BBE87EE14DE21C7,Footwear,Formal Shoes,Bata,Green,10
DA46BC46A7FE6198F6A9752EA7BF0BB92312C47ABE4B045BF140B81E4F61C1CD,Footwear,Formal Shoes,Bata,Green,11
94D01BE10C03828C1B0238F2813AB6D828936E56A1B3FD2F45C736A3DF8E7BDA,Footwear,Formal Shoes,Bata,Green,6
C82D0C3A5141EB9863B98DE1D308C3F5C91E4306FF422281AB531D4C70A8ECDA,Footwear,Formal Shoes,Bata,Green,7
2F9E748A11110B274ED20A4CC3D199419F39249E2D97344581BAC1F0BFAE745D,Footwear,Formal Shoes,Bata,Green,8
AC3B4E16D68CACD34895B5DD5EDFE55E39D82B9853EF08303F23B4330E1EC3DB,Footwear,Formal Shoes,Bata,Green,9
AD19A26D504FEA7CC3C8ACAEEB9BA47F4606FC0388B506A9D6660AD2742C157D,Footwear,Formal Shoes,Bata,Grey,10
1A8AA1B79C4486D119F775007CBE9637425FA27AC4A36B35F1A31C3410BE30D5,Footwear,Formal Shoes,Bata,Grey,11
411625DD54688676857EAC0E6B66894A35954070011A35B6F81FAE46F25AF42A,Footwear,Formal Shoes,Bata,Grey,6
ADF6B806077D46613E6251CCC82B075D7F680DB397FA7B2F4FBD1DAC17F140EF,Footwear,Formal Shoes,Bata,Grey,7
6976E3BBDC442CB6C210A3E55F0C3481891D19EEB5CD002B82C1A3F6CB935F8A,Footwear,Formal Shoes,Bata,Grey,8
313A32C855B153CAA974A9B4B695DAD58ED90B1586881F9856F7084F27BBCD63,Footwear,Formal Shoes,Bata,Navy,11
6627DA26BFC6B031845EEC487980F14FC9708E1F12CE67AB3280475C4ED30B58,Footwear,Formal Shoes,Bata,Navy,8
B26D39096EDDB48022495E35B8E883C38706D213BE269D9A9DC2C569857B348F,Footwear,Formal Shoes,Bata,Navy,9
D4F260F37F6143C11D153B0B3B72649C8202339BD1696AE62C4E4E54998D4C0A,Footwear,Formal Shoes,Bata,Pink,7
EB327DCAF914FAE4A2E194984792CE56DA4E525FA71C60F53D9B44B21996ADA5,Footwear,Formal Shoes,Bata,Pink,9
539DE93B02F669BA2B2C2AA8D8FA476C0EB5E485AD7841B225F8EF65B66A6E32,Footwear,Formal Shoes,Bata,Red,10
ADF92D4C57D8A480D2B0C18A3F1246CB6D23899B40EC6B142D06C76D6C6B2BA6,Footwear,Formal Shoes,Bata,Red,6
2D0030A31820BC5EEB6EB88733173520C26F9588EE86A4980D35481C93A879FA,Footwear,Formal Shoes,Bata,White,10
5553345B55A22E9B8EAAB18D245A47E829F258CD7A887CD51F2F57A0A692579D,Footwear,Formal Shoes,Bata,White,8
64C254559F7EFB67395681DF86218B416DB526D85715DB6495B9865A49D02F27,Footwear,Formal Shoes,Bata,White,9
942FB35CB2DEFA1C7C42693EE3EE6DDDAF58AA23ED1BEB2572457E89974869CC,Footwear,Formal Shoes,Bata,Yellow,11
9AADA2EB93CEB11179C3DC2070E095D2D7B1663E1C80FDC48FAC12A3219C4901,Footwear,Formal Shoes,Bata,Yellow,6
1ACEF8B3148B816BFE0677EA5D4D9440B34B968D4065CEEB99A02CE654C01AB7,Footwear,Formal Shoes,Bata,Yellow,8
28E214979981DB3550536F0D66F2A7E63535006BDA139A8692A179D3AB7F7F95,Footwear,Formal Shoes,Campus,Beige,6
0CCCB2DB580A40C3F617DC2E3382E1555F8662192D382D6124B3A5B795E5F508,Footwear,Formal Shoes,Campus,Black,10
90F0D6BCF40E2C73AFAE04A467F92DFB817B3FBAB64084021256573C8DB547BC,Footwear,Formal Shoes,Campus,Black,11
DEF83A26CE5F03AE54406A163D7EEE8F0BDCF3DC5EA46FC816E4CB4D8F45ACFC,Footwear,Formal Shoes,Campus,Black,6
CA4AAFB9714D1ACE9C35B9A9C99B6025B944570B55A2F5BE0E5B823A95A6E660,Footwear,Formal Shoes,Campus,Black,8
462CB32E281BAD830D0228C97E5054A0DB9E54FFF2075D8D1396E33172EF69E1,Footwear,Formal Shoes,Campus,Black,9
70AC47D414402DE72913D005B5BDA19ED8D8D30D1FBD889F593E4396276FA102,Footwear,Formal Shoes,Campus,Blue,11
13F92ACE3E766FFEEC8218BA40092C666B19BFA77CA6AF77A1431252B65D271A,Footwear,Formal Shoes,Campus,Blue,6
DBE700D112A3F9D9B52EBDDC489B288D95C56AC2A0659D6B19E71CA5E1B51567,Footwear,Formal Shoes,Campus,Blue,7
8F2C78D78A894F77440639A2B4C977570C987CB996B31B8C9D133E7A69FEF85A,Footwear,Formal Shoes,Campus,Blue,8
7F91CCDCD63CB4F489DE85792D373E56A09BF02CA2947A8E583ACF07D6471065,Footwear,Formal Shoes,Campus,Brown,8
50645EDFB99CB4D4DF901E6339B5C5A3E5C3DCCC6FF8BF4BB7957CFBBF53EAAE,Footwear,Formal Shoes,Campus,Green,10
B2D9A3A3A837C5755650824271CE2A91CD0AA34DCB7DBF4B2706AABF01905CD2,Footwear,Formal Shoes,Campus,Green,11
E6DC44696EA488BC7C278503ABABCD2798A8944DBB40DEBC41375C5166963BF9,Footwear,Formal Shoes,Campus,Green,7
9C4AD28910F1FEB9623B813B1622BB5CC5714D46B80D3F9A1885FFCF253DE05A,Footwear,Formal Shoes,Campus,Green,9
14C808BBFD7B4708AECE57DB00702F0A9A3CF8388F2CD469538D045E3C0D5625,Footwear,Formal Shoes,Campus,Grey,10
C86BD6ADFA3556EB61C792B77689A7E441742FC13907BD055C0D34E014208143,Footwear,Formal Shoes,Campus,Navy,11
0A3A784DACD6B6EA6E69B259B0A1C5264C84DC81E2572CB8904047FF71ADE975,Footwear,Formal Shoes,Campus,Navy,6
7511AC528C8896B2DF4E1E976AA29FDD15744970AD34FA755863DBEB79C5EE71,Footwear,Formal Shoes,Campus,Navy,8
A6055E8128A8C6DE3B231F54D79C9B0D902DD4AA4B10083E85382C3314F133D3,Footwear,Formal Shoes,Campus,Pink,10
C4887097C8EF5F9BCD11CBB0A6C47376D6AE6961A284E657B1F74145B165C3E2,Footwear,Formal Shoes,Campus,Pink,7
DC684AFDC2FF1D1F9AAF18DC7DAB100E6D49C02F85A9E3B9E31B4A00CCC31187,Footwear,Formal Shoes,Campus,Pink,8
4C73665BFDBBED73876F70CAFD5E22B717714A5E2B181BEB8289793F3FE5FEEA,Footwear,Formal Shoes,Campus,Red,10
ABFFC8A221933F9C52CF944E134B3DCD7EF4DF60AFDDD004586042D0ADF9F084,Footwear,Formal Shoes,Campus,Red,11
C44E07D2A2DE9F0A205F578785E2852CC3409644B0053683D88277A3FDAFFE08,Footwear,Formal Shoes,Campus,Red,7
687B6FF2FB5B78B2A73FFCD1811547B190EC75A0950C80107A2FA51574FA0187,Footwear,Formal Shoes,Campus,Red,8
DFBACC86E44FA248983D3D4AAB74A027416BAFB11D9BE7D50C5D744390AFFB17,Footwear,Formal Shoes,Campus,Red,9
7F1EED17C59B9170CC3D50B544A186B312D9E86B22E253A25DAB8A3BDD259096,Footwear,Formal Shoes,Campus,White,11
9BFE8A4A9D84C2209C9A897746D0E4FF2D77DA0BA61DBBA0C6CCACCB911CD2D2,Footwear,Formal Shoes,Campus,White,6
DF6B4FF002409FB02A0A3A85EED76EADB946F7537C97B78B5218A8FA29076212,Footwear,Formal Shoes,Campus,White,8
766F035D26F518E31241CB2C113B1D499DA3A8BC19C6B3D5C546D10BB930A080,Footwear,Formal Shoes,Campus,White,9
3DC6EB1FA146AF6EAF0E0BDBCB59AD67289FA988E98E4B8DFCFE2C5D6E1C69E9,Footwear,Formal Shoes,Campus,Yellow,10
E4625BF6779C438591195E7F8F098E4991488043587336DB3CE00E8A8FE1D1D3,Footwear,Formal Shoes,Campus,Yellow,6
6E4DDF9AA8EBF5579125BAF1BC2C5439E9DDFB7D712A3EFDA199E0796909C5C6,Footwear,Formal Shoes,Campus,Yellow,8
A042240A429FD86D8E74287AFBE90BD32BF27053DF3CD44066312900001F5637,Footwear,Formal Shoes,H&M,Beige,11
E4CDEFA732F267B649F600F7D9B30D4E0AC6C6872FC80857184DE17344B76770,Footwear,Formal Shoes,H&M,Beige,7
53C11AC9CBF13E0759C1704FBE83F693A400EA06BCFEB15BAE5752E8010E721D,Footwear,Formal Shoes,H&M,Beige,8
4009A987E9B2F51BE33CECCDE41D26A5C515E8CFFF0B8FA7AA9193EF39223F89,Footwear,Formal Shoes,H&M,Black,11
94AF53CBCC413130536768A1D12777006E2B2C94155B5E56088AC28AC8803F24,Footwear,Formal Shoes,H&M,Black,6
E8C0064C560D35DD8CD2A9643624551783F5A428E4BCB8E9448028793BD61D7E,Footwear,Formal Shoes,H&M,Black,8
E1CF4AB012031E3200B6698D757AC5FC8C846A6FBDCA9C7EB30C5F32F253A76B,Footwear,Formal Shoes,H&M,Blue,10
5BFD9390F851F643B3F683D99991C6EF94829D56B4FB650F15D12BD24E249B8C,Footwear,Formal Shoes,H&M,Blue,6
E63E958CBC56E7EE43523D3269A06E621A0FA123C10E5C0489AC6740867EA88D,Footwear,Formal Shoes,H&M,Blue,7
7C66785CAF8E855A5F65465B2E9831B0FCA8BD2FAA75C1A8FE65688ABBA2AAD0,Footwear,Formal Shoes,H&M,Brown,10
01902B731C07810E3C0C079995A66E8414EE949E18C33944631431FB4474A240,Footwear,Formal Shoes,H&M,Green,10
D7EACD1F93556BE2B7082E9B3D3E1B65E44454E5BE5176E2B74258E9E3BAE43A,Footwear,Formal Shoes,H&M,Green,11
44638FF14AB8AB428DC17696B39918B855E6D5475CECBED132618F5B7AA92274,Footwear,Formal Shoes,H&M,Green,6
CA8EB9B8E7AD1EBA8514B4D8044161E015261A8A281EADD918BF2DD57BE42D4B,Footwear,Formal Shoes,H&M,Grey,10
FEA856D49701C8940C162891910FCCDB2257FEC675BAD8B9E27E9C31287E5289,Footwear,Formal Shoes,H&M,Grey,7
373D1BA81601F69948309D859A6D8A126872AA6ECBF6D70001797B07F6FC9309,Footwear,Formal Shoes,H&M,Grey,8
8E4E4EA4AB3D6525D97F89E88934436920E782F994082C67FC7812D3E16C114A,Footwear,Formal Shoes,H&M,Grey,9
18AE99FDCA641AEBC8A98069880F8E08D13ABB75202977CB36AD22D9C5192C5C,Footwear,Formal Shoes,H&M,Navy,10
00C5A1D877F50C13A93E8C9BA84916311BABFA2D287661720E3AC9E36C152354,Footwear,Formal Shoes,H&M,Navy,11
0487ABF5554DAB3168C5B9C097DEC6D3DB0F5CE17BB6342C8D462B6D8E8DC6FB,Footwear,Formal Shoes,H&M,Navy,7
B8D42B72E0713A9BBD2CFBA140765B73F833D18DFFAAA264E874105B51ADEB75,Footwear,Formal Shoes,H&M,Navy,8
1E91C0C36AB01E27CD1E1D1F55D856B71CF3D791DF4C08F7F40003F3CA9D5473,Footwear,Formal Shoes,H&M,Navy,9
77904DFB4368F30C4192494490A5FB69F09106D0B503CFAEA5C6FF2E125E9E86,Footwear,Formal Shoes,H&M,Pink,8
909ED6DD8095A60DC0A2BB127C64166C786A49FD711F47266D298CC42681A490,Footwear,Formal Shoes,H&M,Pink,9
19F76F48612A4509B12765115944804DF69FAB8E819940C844886B420018FC06,Footwear,Formal Shoes,H&M,Red,8
FE589A0A8231A13B35C09BE025E2103F9587B8EC6631DBAE49899DF3FE04DA0D,Footwear,Formal Shoes,H&M,White,11
C4184E90619EB0AB4046F47A9382969B5660FCFC3DE80A15CEED4B1E1EABAD6C,Footwear,Formal Shoes,H&M,White,8
28153DBFE52A2DD58BE759BF103F8486011F2DE17FEB65F10EB94C3382D81F06,Footwear,Formal Shoes,H&M,Yellow,11
394A8FA84F499AC0A41D988F245DC1680699D3465D59CAC121EEB8D3DDB599FE,Footwear,Formal Shoes,H&M,Yellow,8
6700B8892E837B01B75B49DF7078BDB13127D0C66995F124EDFAF5BDB37B8726,Footwear,Formal Shoes,H&M,Yellow,9
C92863377CFAB746391AADACDB74541D4DFB051440D3CEB139383BD269D02933,Footwear,Formal Shoes,HRX,Beige,8
562DA6E06F1E87FB25A3BC8D6A4BC8DFE23F20BE7CDE92D576C5D97C180266B2,Footwear,Formal Shoes,HRX,Black,10
92F6B07E814DE5EB3543D39FD385796F5CE49EEDB181F63A910C6E5287160E51,Footwear,Formal Shoes,HRX,Black,6
1055409DDC819EEBD05B8EB143F633220E55B99DBD228F8F2A5C7A3EA3B978E7,Footwear,Formal Shoes,HRX,Black,8
50D84120A09E13616F279B18D77387EF1709B87088085C8868E5D72DC8D7B50D,Footwear,Formal Shoes,HRX,Blue,10
6CA0F78B3AC125E26FD9FA957D2E207F8F56928520D5574F986B8D9BBD079DCE,Footwear,Formal Shoes,HRX,Blue,7
66A72F902B19E84C41E63BB38AF3820FF0116EBD2A5E120A2D65A5BE85DEBC5A,Footwear,Formal Shoes,HRX,Brown,10
1740CFDBF6EF809F76017210F46B6F56F0B6A6BD81ED8280767762C0D5E277BC,Footwear,Formal Shoes,HRX,Brown,11
A551C8BCA47F4173E381FFEBED574A9B07AB7B460CB05E6A70AEAC976B6DAD8C,Footwear,Formal Shoes,HRX,Brown,8
BCA4ED7FAFEFAA57611F4FD9123222DF410BCEC7185F6535E0049F6789AE5B39,Footwear,Formal Shoes,HRX,Green,11
C3700D1363AA91DBDE3F3E02052A9203F88F51422B173D1D2DC6A2342BF776A9,Footwear,Formal Shoes,HRX,Green,9
2B7A62BBEC0552D95F3C01B40072785CDC741BB2CDD991CE7342B02C45A33ED1,Footwear,Formal Shoes,HRX,Grey,11
C0944855EA9FA1DF9565B2EA8095273E9A5F72DD5D3F801F40E6F0AA227A786F,Footwear,Formal Shoes,HRX,Grey,6
E1DE3449E0848D0B9A300CEBD45E78368DD0D9E7E32A4FFAB4DE4B3C17BD2ECB,Footwear,Formal Shoes,HRX,Grey,7
AC8C1265C345705AB7B950309922F55D151102638A53DB15B9B973C9A90DB64F,Footwear,Formal Shoes,HRX,Navy,10
1B580C181FB57D5120FFD23FF07F77FFD50C29D5A6DCFF60BE9123AE0CC677E4,Footwear,Formal Shoes,HRX,Navy,9
3D0830E93CDB567CF36D38617E858C936269BBCE9CF16D5A93913D1772D68839,Footwear,Formal Shoes,HRX,Pink,11
02CB39BEB4B062FDDB6E2F99FB3FEB02C9834FC5702600116D4EBBAD2DBD2EC7,Footwear,Formal Shoes,HRX,Pink,7
23631E75C9301D2A1586B81D020D0B0446B70A23EF51AF30BE8DBC1D90199A50,Footwear,Formal Shoes,HRX,Pink,8
BDFA2D24EE20A14359440A2F12EFAB3EE3D8D9616FCC33092DF6E9D66E1ABAF4,Footwear,Formal Shoes,HRX,Red,6
959EBB85CFC66D22D60F2A95F9EE6AE88E3888D270EBCA75866E528D0191A8AC,Footwear,Formal Shoes,HRX,Red,7
E08D1214B86CAF7395697F59DE3C12A90C425E6BAD34BFDA435E519CC2A99010,Footwear,Formal Shoes,HRX,Red,8
600C39CD68652617F5C805CA3BC2F1E07830FD915EF1D338827DBE27DC10F347,Footwear,Formal Shoes,HRX,Red,9
4D00442641D2345B5CDDA1529E596F43309C8DFCA74804EC6968EF57320BEB9B,Footwear,Formal Shoes,HRX,White,11
A3B80D55F19132F0306E9B5FCDE720B91401614A43DF52F39B8291D5559077E7,Footwear,Formal Shoes,HRX,White,6
D3A15CBE799EC5B41F4BF5DAF3A934B8BF66838A5599917160D334750397A020,Footwear,Formal Shoes,HRX,White,8
E1B67806E596D9C84F39CC838CD09A6C9D8DE68D74D54E8ACF373F10AD47BD6C,Footwear,Formal Shoes,HRX,Yellow,10
913DCD1AABCB1D598335AADCCC187D3813A7E4A2C22CD1021CBC4E2009E5AF84,Footwear,Formal Shoes,HRX,Yellow,11
73C3EC4F2082B8F918DA7E92C05FFC1AA3FB2B1972ACB159C1541866817C682D,Footwear,Formal Shoes,HRX,Yellow,6
00763D660FCD7BABDD9BBC4EA1AC0ADDDE12E01649DC3F780AEAF9E72400EF0E,Footwear,Formal Shoes,HRX,Yellow,7
B8375254F9BEDF508DB8CED5F0DF26BEB8FC78F9521A5F67477F1154D67C3AF6,Footwear,Formal Shoes,HRX,Yellow,9
6A43BA9D8C2EEF9B337FDF984CABE1F1921AD04DFAD7F80375C17A365A2933CF,Footwear,Formal Shoes,Max,Beige,10
C6B171705517105C61146C0298BD4BC737A17A824CD47E65A8E4320068118C13,Footwear,Formal Shoes,Max,Beige,11
D810BCC09C090E99B1E4B5F09EF98AEAB10BC400159FFD3A0186FF7588D0AD11,Footwear,Formal Shoes,Max,Beige,7
D071A670B25F92E57990B9487EE193BD9A65DCCB8C23F7AEF8875C99718A6E6E,Footwear,Formal Shoes,Max,Beige,8
EF11AB35CD19145731EB083841348D1A8E81A64D68F06F49A7122279BB10A82A,Footwear,Formal Shoes,Max,Beige,9
86D41AC48DF8D5BA158E486785B3BE2CA5B7965CAF2B29F29A4E3686C0231CD6,Footwear,Formal Shoes,Max,Black,10
B0DA186D37AD0A34A5DAD9C96DF52E47CE2FC76773AEE9940E1E57F521013D77,Footwear,Formal Shoes,Max,Black,7
316978FE9071DFDBFC7DF81F7A2AC179565BEDE804E2EB934EC5214A03B2271C,Footwear,Formal Shoes,Max,Black,8
2FA980412CD3677DE545094316EE71E553222AE33787400D10274F08E169BAF3,Footwear,Formal Shoes,Max,Black,9
86386158C5522DACB4B62C673F2F9D378748E093E8D36FB13A2D7F626D3D4AA2,Footwear,Formal Shoes,Max,Blue,10
D2FDB00FEF9B5F06906DB37CB8F2168E389E4B28C8780BAC98A3D5CF5AC428D3,Footwear,Formal Shoes,Max,Blue,6
624FFDCB2E3CFA12F1E18DD16DA343DC63641C59E39968F2ADBE296F1DA44CC3,Footwear,Formal Shoes,Max,Blue,7
DFE249000D27EE19529B6C9ED9978E044D2B44AD675DFFBF42E5ED43AE2E7633,Footwear,Formal Shoes,Max,Brown,10
03AD22054CE8DC5D28C393E783E1F3D1EFF8CB296C0834307B4544F0ADFACBB5,Footwear,Formal Shoes,Max,Brown,11
DF15E641EB76859E8CE44183462998986D67E3152328FECEA5762CB15DFDBBEF,Footwear,Formal Shoes,Max,Brown,7
6E320788DB7EFC597D622FCF72C246BDE5F4E5F21808E988258F06A824FA7AD6,Footwear,Formal Shoes,Max,Brown,8
A537457F4DB9AD5933A3A96674F79A1A25B86EC78A88D0B59B68200AC93B977C,Footwear,Formal Shoes,Max,Brown,9
995139AC0C8557E9B826BBFCDE40A75264358B9CAA63392DA0A38CE29B4A2DB1,Footwear,Formal Shoes,Max,Green,11
4897553B4E07232AA3142D8FF5AA3543B2C4205D718681FC3CA7349216CEBB22,Footwear,Formal Shoes,Max,Green,6
9327A7C540E98CBC4C9B8A87C74FF5AC00150A44203C8D7AC7A79EAA7CAAEE04,Footwear,Formal Shoes,Max,Green,8
56A57CB800613122AC742C7BABB2F69B148D75134F2EC112F2682CF9ED938B8A,Footwear,Formal Shoes,Max,Grey,11
511852B20135CA653E387760976321FC36387064564B3E9BE7CCFC49A39B19EC,Footwear,Formal Shoes,Max,Grey,6
9BE89EEE72A780AC1E9D0C7800868A51CFBBE96D4831B38CF242E3A4C05D926E,Footwear,Formal Shoes,Max,Grey,7
B56B0AA501D9DA331F4819B2609C09BC7A2B1E14FECECC34A4E2D4CE5CC4EA37,Footwear,Formal Shoes,Max,Grey,9
BE51DB9E711E50EA56F11A34AA6B29F86EFC046050408586FBF18366E9861324,Footwear,Formal Shoes,Max,Navy,11
BE898A8CB513CD3A30621D9AFD98227640B330562F9E2005E1E0522329B8456E,Footwear,Formal Shoes,Max,Navy,9
CE4317ADC488D887FC9B2CDE3053A320A0A33BDC0757C7F628EB9C8DDA44FC03,Footwear,Formal Shoes,Max,Pink,6
ADF9D52B7F8C58156031E4E47BD261C7B62C483F332D7214F3E0BD2B5CED160B,Footwear,Formal Shoes,Max,Pink,7
68D5DCFCA2CEE189FD01249AB8024D83DDD23F8566D051C540B5F6ECDEC832EB,Footwear,Formal Shoes,Max,Red,9
6991409D5EC86A260EB00A278AD63A509BEA169A4B9CDF56B0922486D98FF367,Footwear,Formal Shoes,Max,White,6
DEF589E992C6BE111086122909C09B8ABFE8E045BDECDAFF66DBE22BC6D4B1CE,Footwear,Formal Shoes,Max,White,9
19F932D8F106BF2D9B644C475E70B221CF4D485F8BE430CE6E44841461FFF7DD,Footwear,Formal Shoes,Max,Yellow,7
416E1B0A4D35A22C40CBD7F002860E268ADAE97349156561F108155464EF2404,Footwear,Formal Shoes,Max,Yellow,9
1A7F87F6F22416C79C3E43543A6FF2A8AEAEC3FC9E9598B3063002A9B0957407,Footwear,Formal Shoes,Nike,Beige,11
558A14666675085AD505136ED48913CC4E64A491DA64034EC39926399D8C7BDB,Footwear,Formal Shoes,Nike,Beige,7
FCDE5329307854EEA62C02FFD285850E91661906668A112FED7FF7D8698CB181,Footwear,Formal Shoes,Nike,Black,6
C71881B9BD11FF65D1CC967F5425B92387F4947A44CE89DDB4B7071A0F3B735D,Footwear,Formal Shoes,Nike,Black,8
F239807EBF2BE68735F83F35BA22DAA6715E8A772C917C9052E06656C81BD95F,Footwear,Formal Shoes,Nike,Black,9
B6437232407D301EDB9A3974DC0ADF0800F2144F375B77F29A055B60218382C6,Footwear,Formal Shoes,Nike,Blue,10
AAB2608278DCD9020D79F126C8E2906554AD70365DCF226C6F800C83CAD0E80C,Footwear,Formal Shoes,Nike,Blue,6
6EEB69E5A7716E8E2E256E78ACA3AE9BF2E8C44274F5CD74920BAE98ECADC4F0,Footwear,Formal Shoes,Nike,Blue,8
8D9CD68A7759FB825551FFD8772C3426953A76357DB666527CC33E041642EC8D,Footwear,Formal Shoes,Nike,Brown,8
7BB4EFCBF14B073C7D06AA849FEB351A81B376FFF3689969F86CB1441B8AE7FE,Footwear,Formal Shoes,Nike,Green,10
E28B8ABD1B3CFF548FF27B82569220D5ADB094D31C1F42181EA672451FD73DE9,Footwear,Formal Shoes,Nike,Green,9
9CA7B0AC863AAE61644D9C1C14F6CF9A4A48749FCD9178BFFD675BC1C7F55526,Footwear,Formal Shoes,Nike,Grey,10
686191AD9B9F565193F3838E8D6A673EA27E6164611E0A26EBDD5B895F1D4F97,Footwear,Formal Shoes,Nike,Grey,11
90E1A6AA9AC5E7C41E4CEDBFCA9F15CBBC562BCE020A83CBBB65355E8C78C524,Footwear,Formal Shoes,Nike,Grey,8
FF39007ABE16EDAF8EF2E5C37C3923598063938C2058DB8F6DA25CF698EE6D42,Footwear,Formal Shoes,Nike,Grey,9
402B1E07DB7F178D9DA29599DDCEE1FE49253A7653BF4F5B95D9C51BA58BA99C,Footwear,Formal Shoes,Nike,Navy,9
CE8B923DDBB709EE71F362ED8D5EE1A2B8FBE35245D00DBE3492F47BC8EB6164,Footwear,Formal Shoes,Nike,Pink,10
5CC39EA944862A24DEE569AEA8AE73E2F398B85EB7B65A81DF81AB293DF755AA,Footwear,Formal Shoes,Nike,Pink,7
DC6FF872AB736966D7FF057FECE00690CD7053EA879B98FEED25A9B3B8A2B658,Footwear,Formal Shoes,Nike,Red,10
20BF63E27A56520F0CA99743E4B96B1F263F75545AC574B7261B1080584C95F0,Footwear,Formal Shoes,Nike,Red,11
A8C3E7D42108541E5996EA57006602BE9CC4CC32B1F92F713C7627DF23E44939,Footwear,Formal Shoes,Nike,Red,6
7F596563451D0D9349217AADDF195151EF04E36ED34EDE5394D28C04CD16E48E,Footwear,Formal Shoes,Nike,Red,7
DAE9B206A93F8196756FD176168BEDDED4A69B72F589DCE5A055DC044B062288,Footwear,Formal Shoes,Nike,White,11
94FFC115D65423D77D0EEF3D8AC6BEA9FBC493842556B5209B79B075C4BF1A27,Footwear,Formal Shoes,Nike,White,6
069A971329C494A5C3AA069259B2F55B7A65E710F43F439D990696D10D67D334,Footwear,Formal Shoes,Nike,White,9
20D535A2F12FFD17794F9A4F3F0507BC0729CAA1D2894F5FF2FC48CFD71132D2,Footwear,Formal Shoes,Nike,Yellow,10
BC64048C7D5B2DCBEBA2414AC112F898ECDBAC9D48496AAC1E86F2ED70903B46,Footwear,Formal Shoes,Nike,Yellow,11
5C0960F085992E7A8A8FCF0BB49A9BE360B2948CEC1F7DDD975FFD84184D5345,Footwear,Formal Shoes,Puma,Beige,11
9197CC91DB3BEDC198B208C39DF2D74047BDB2DC2BAB645729F4103D2E3DD518,Footwear,Formal Shoes,Puma,Beige,6
EFF5FA3AC5239C049690A0C3E182DDE782596CD6735396911083C9BCCFDA3AD9,Footwear,Formal Shoes,Puma,Beige,7
91CDD45AA02764E95942C20FC1242AF132115183E1416E2E7A23F9503FE60E93,Footwear,Formal Shoes,Puma,Beige,8
650E51D6171D085E52B7289F6187AF129C7D80C02C31DF8CA4DD61013DF4BD15,Footwear,Formal Shoes,Puma,Black,10
12A51E3C2C4F95F08354E7CBC1ADC78D2103137B6F0D8914CA632CA8537298ED,Footwear,Formal Shoes,Puma,Black,6
29414A9F8E2CC833CD4F9955C255CC446AFF3165EA180BEBAB88FDB8A0AE3C2B,Footwear,Formal Shoes,Puma,Black,7
D6A49CBDDEE16064AB11CC8804788B8DFD70F021169FBF4660514BB0263E0DD9,Footwear,Formal Shoes,Puma,Black,8
5FB7192BF44E853DD725DCFBE28D6904BE398F86B2E0433A4020C570197EE83C,Footwear,Formal Shoes,Puma,Brown,11
9054A682DFE118A941351839659A2E10EEB827843E6B3AB2535BB4C6E6DC7DDA,Footwear,Formal Shoes,Puma,Brown,6
706C12AD33E1257D518F06874221C5EE30630B5FB8A87588C87151860C366C5C,Footwear,Formal Shoes,Puma,Brown,9
4EACAC6385A501ADAC6A63E3C700CEB5DAC4FC7E0ECC94708466C78D0E930300,Footwear,Formal Shoes,Puma,Green,6
7D4D71ED5C2104738942795BC93B775CF77A84A357BBC3C19974407CFB98353C,Footwear,Formal Shoes,Puma,Green,9
BF1A882AA4A9B224C3FA52CAACB983A20A627F8E1C03C76A51F94E737A4F124B,Footwear,Formal Shoes,Puma,Grey,7
3C78F65493350558B0AC3208B68EDFEA2F7B03102AF019CC88DB189ACD553220,Footwear,Formal Shoes,Puma,Grey,8
BD761804D15E3B86248995E111595C7B63AC5892873D70E5908B7B39A3AD3285,Footwear,Formal Shoes,Puma,Grey,9
FB9377D0386F645FFD1CBE10EEA05511A5034930F1AA0E6699F35A23CB971591,Footwear,Formal Shoes,Puma,Navy,6
3797F9DC330A7EF7698C57F2114E4137245AFAF28DEE01EB656886D2388939CB,Footwear,Formal Shoes,Puma,Pink,10
75BEDF4B3C07765C06F684D0D22D1F8DBF1337021944009C9E05F863650A18B0,Footwear,Formal Shoes,Puma,Pink,11
E3054276CA3D8718631FDE92660C5BA2B81CBCA233656482E8BBBDC69BBB261C,Footwear,Formal Shoes,Puma,Pink,6
4AA7BD979679A4A3179667A78B21BCAD642F7A5F0FEF12FBCE1815E1D454BA19,Footwear,Formal Shoes,Puma,Pink,7
E547584F070A36256CFA032A12DFEC0A7145F6CFA6C7BBED04A62ABE4760D427,Footwear,Formal Shoes,Puma,Red,11
8285C4BA141C0241605FCA5BDAA25E38976605B1090DC5EA4061BFDD39728E17,Footwear,Formal Shoes,Puma,Red,6
C613BF78B9BD4B63D4D83F3543A36C4DBA64207C9B6EDE7D1026380E8CAB960D,Footwear,Formal Shoes,Puma,White,10
CC65B189DFCDA89F716594C227E2E308A08849DCFB14C40F3DCC6E5BFD09E2D5,Footwear,Formal Shoes,Puma,White,11
4ED50D1BB468CAEFF827609EE836087217F52EBB0BDB9F9DACFD8312999125A9,Footwear,Formal Shoes,Puma,White,7
62268170701823D74A4ECFA3F72223123EDB90E5A7236B825DBBF2D2F9CD4814,Footwear,Formal Shoes,Puma,White,8
863ACE929ED72F04132A3F5F0D9B7411F518B6638D9173A18A27545830AB224A,Footwear,Formal Shoes,Puma,White,9
27F4749BC80F91798A4E4494163E4EE54B262BFFCCC6FD98962919EB0D17751D,Footwear,Formal Shoes,Puma,Yellow,10
B42453E1301FCE583E9F51ADB366FDA58C07372D79031DDFC127B6F86BDE17F3,Footwear,Formal Shoes,Puma,Yellow,6
20DB4DFA4FF4303B8721C2848ABC0AE89980DBB0765B5CF340B32BE77A507C0E,Footwear,Formal Shoes,Puma,Yellow,7
DAC521FBBD0A6124B42AFDF1C50736E9D03695223C8E75ADB6EC68AD30C5558C,Footwear,Formal Shoes,Roadster,Beige,11
4AF80DF4E8E269CCDA57B3B6A90D29220D9015D3248FCFE0740C5BF4AFCF74B6,Footwear,Formal Shoes,Roadster,Beige,6
8357A1CAF1D5C078CAB6BB9529FD375D5B4CED266BCE89C90F853AF9C98076C0,Footwear,Formal Shoes,Roadster,Beige,8
621A5D22F78237CB1FC4C2A1C72617B40C4E1E076D0DF71C324E87394EDBBA2F,Footwear,Formal Shoes,Roadster,Black,7
3864162B69ACA1F7749113B8D8868DB148578801DA791FCBBA429C4A9F1AE758,Footwear,Formal Shoes,Roadster,Black,8
70C7F62B2B9A4394F318B1F3A96B8732C433BC305410A57D54FCB02664091D06,Footwear,Formal Shoes,Roadster,Black,9
E79FA874EBB1B777834BFFE094257A71739CB2E567738BE4670EDF4CF64F28A4,Footwear,Formal Shoes,Roadster,Blue,11
F77E56D6673D12A57B01BBEE39E4FCECAA6B805F4CBF3200CB67284C108E51CB,Footwear,Formal Shoes,Roadster,Blue,7
EE61C320E379C5AE33D5E184E18CB933E65EE70252AEF9B93AD1733CD37D94A3,Footwear,Formal Shoes,Roadster,Brown,10
E8EC410B656A80DB30DC18540BC73DF58331ACA231F05FD8861ED266A98BFEDA,Footwear,Formal Shoes,Roadster,Brown,6
998BB1F20FE9772C38E05A79DB16BD7FA267C4CDEE1536688A70B724D5E0F1AA,Footwear,Formal Shoes,Roadster,Brown,7
D8C991440F5E7F76B1CD0A48480887A44875211FC3D04A83B2AB5B5B33283102,Footwear,Formal Shoes,Roadster,Green,10
B71AF068590BC01CFAC42623655F28602A454DF029425CE9BF0DF33DB5CFBCFD,Footwear,Formal Shoes,Roadster,Green,11
43A34AFCC87F55B6511884614BC063BF0FE73B30DC901A55BA3FED1321B585F0,Footwear,Formal Shoes,Roadster,Grey,6
06E9F1AA13E18BD35505F1B022ACFFD236B671F2C179F6A82A6CCED4D07FD677,Footwear,Formal Shoes,Roadster,Grey,7
EAA3B4058DCE556035CBA3801D79542B329CCAFE9B747D691B6802D1C9057986,Footwear,Formal Shoes,Roadster,Grey,8
C2358114086A9FC025D4192F6503330B3549766417672BCD4825301EA7798B5C,Footwear,Formal Shoes,Roadster,Navy,11
E24EC61A2DC2C762EE3B603B2B73D54C8B0AFF56FE5677ABB602DB1B1575BB08,Footwear,Formal Shoes,Roadster,Pink,9
0280BF8B75CBB0605CF51BA53C667494C0FCA2FD6974D80776156D037E406A71,Footwear,Formal Shoes,Roadster,Red,11
72C38FBA3F04C768104D6B2542427DDD4EA92B4A7ACB947B5DEA6397CBC2CF39,Footwear,Formal Shoes,Roadster,Red,8
35DE4FCCA9DBB9EB010FA71BA6195692CF16040C513F3FB0ACA75219925FBDAF,Footwear,Formal Shoes,Roadster,White,10
2B1B2D97DD95EC0A35BC8037F1BEDE7DEBF2A2004706CB08C111D3B2D071548C,Footwear,Formal Shoes,Roadster,Yellow,10
FBDF11A073B1187098EA8BBFE8288052D26B67E59E9F17AC75A23CD2C17A3EF5,Footwear,Formal Shoes,Roadster,Yellow,7
0CF716A8C1C02C4FB6F9352521BF1E7EA5BA974DEE502C0DB710888102E0B57C,Footwear,Formal Shoes,Roadster,Yellow,9
E67CB4880BFFBA8D012B7EC14BC39241C585F64F449977AB6A74097415AED2CE,Footwear,Formal Shoes,US Polo,Beige,8
ACCE0355BBE046F34A762A901EAD67E8AE5C104E4BA357E6F8C4FE20CDCC5632,Footwear,Formal Shoes,US Polo,Black,11
6D0050AE855084F05A4EFAE24257F7D72B9A485FACD7385AE52C71E30AFD8B94,Footwear,Formal Shoes,US Polo,Black,6
E29DE402754326BF8DB9E9E785D729ECDFC07F0E66450AC0981FD00D71C1C174,Footwear,Formal Shoes,US Polo,Blue,10
34869090FBB7639828A8AA220EF3547EE703095C44D23BE2CD4514D09310BE98,Footwear,Formal Shoes,US Polo,Blue,8
92D7EEAD2EF87B00A45653F5D8EDCD1CD9FABF2E94D637EB4EF82F2B1A3B8880,Footwear,Formal Shoes,US Polo,Blue,9
ED9EFFFF3A695F52DF63B334A0DF0F1351B20EEFB0D35DC4E8777CEEC46D8083,Footwear,Formal Shoes,US Polo,Green,10
A5F3A1258BD6BBA87F3F833855E852D65098180BDA8B61E699BD3FE427D5E62D,Footwear,Formal Shoes,US Polo,Green,8
826C7720FF7AE2DCFE29A9562CB8B2BFD7805C3C97B964E2E2620E9657B1355F,Footwear,Formal Shoes,US Polo,Grey,6
25E711D73C4F63534EF963459183825D5F3686E833767CD26C00345362F45405,Footwear,Formal Shoes,US Polo,Grey,7
E15AA04C1E70D62105B0B325C339C519051666E6437CF5106E321B932AC4CE24,Footwear,Formal Shoes,US Polo,Grey,9
9391D8323BA4DC1AFA88FE04C3B7DAA30C298CA1E44D572C74B5DDB34F6047DB,Footwear,Formal Shoes,US Polo,Navy,7
74BCB668925DCDF167D66B91492A0980EA5D0B670FEB825A1F5904DDCC45FE1E,Footwear,Formal Shoes,US Polo,Pink,7
A0BC18F32C2E813CB29C3C6686BF07E89C0224CAA339FAB71DAB045FCE65C209,Footwear,Formal Shoes,US Polo,Pink,8
10BFFDB5462BEE678F5417AE5FCB66C29085B4B614E99A68AE9EB6EE1AAF626D,Footwear,Formal Shoes,US Polo,Red,7
570CF6AFB87258F3C05A4F78439FE844118FC8E37394384130244A79AF8DD21B,Footwear,Formal Shoes,US Polo,White,6
C704E2D60CCF7F2D268EFF808CA6865D0CED92771C47460C341B046A50ED3264,Footwear,Formal Shoes,US Polo,Yellow,10
87F2F893A66B569B0FA4041DC00BE23248456E82099ECBF3C79DB21C0287F6A8,Footwear,Formal Shoes,US Polo,Yellow,7
33C154D178492ACED76F2AB1BC598FFADFF9A352BBFAD037A71B90B1FBA75F7E,Footwear,Formal Shoes,US Polo,Yellow,9
413BF8E89F3C64EC00F9D15E513AA84B2F8E02AA7B6E3D1DCC1F703EAB1E929E,Footwear,Formal Shoes,Zara,Beige,6
E3F612DD386A956A5ED920F960BE8322D87BBA70B1FC260E06CF9078EC2FD34E,Footwear,Formal Shoes,Zara,Beige,8
2F05FA1A29AC1F782C49108E51E83D84FD23116ACA9C4F9FFAA660E6C2EC5BFD,Footwear,Formal Shoes,Zara,Beige,9
1AE2BA102E5B631BAD4AB7CB62BC4025FA8AE4705DA2A75F947125503042483E,Footwear,Formal Shoes,Zara,Black,11
A8E67E4A6EDAF2B0CE4BC3F14A1F62A798D28F9C78C0F46EC38D668A68A91C82,Footwear,Formal Shoes,Zara,Black,7
4F6EB465E12AE4B641663E88D7AA753787C41F8BACE0F7EB16F598A3ECE8E0E4,Footwear,Formal Shoes,Zara,Black,8
AB43BFDCFBBF985B420C4C8D5D5F3080917A53A0B087782715B7B269C56FAA3B,Footwear,Formal Shoes,Zara,Black,9
DCE43B2B42FC35322B8653D199503B421EB48AF10A1C7712F3B7B3675ED6C381,Footwear,Formal Shoes,Zara,Blue,10
606916A28568F704181FCC6A72D25DD2195CF6BA46E005280160962184E18D03,Footwear,Formal Shoes,Zara,Blue,6
41767AAEA273961C982B353EFE34CDC6E4CFBD830A8E1E076F9731FB03DF1A85,Footwear,Formal Shoes,Zara,Blue,9
0BF897538F2B22CCEED4BFCF97CAD5B58730B65CBC3A75C325924B60DDC56DA4,Footwear,Formal Shoes,Zara,Brown,10
218B22D2CD8EA623CA1B08D851C65825C5479CF9A0537654BB727697BAFE956C,Footwear,Formal Shoes,Zara,Brown,11
7BFE448B80CBD8026271742BFF78311113100B12FA6E6DCEFEE5F2626627F5A9,Footwear,Formal Shoes,Zara,Brown,7
EBE8FFA4E40C10CCD08442BFFE45002D0BC01A15630844C36E8D8EAB1A23ECF4,Footwear,Formal Shoes,Zara,Brown,9
47C60D78C75D9867D1745658CC7AC9183B19DB42145A5A80D11E6D3700BF891C,Footwear,Formal Shoes,Zara,Green,10
FF1BB608375109315108A67DAEB3A25412C33A0B8A375C5E62E21DC0EEC2D9CE,Footwear,Formal Shoes,Zara,Grey,11
43AF9DE45133A837E879D67669C4FDCE3D55A0AAB3261A7157B18792B8FE17F9,Footwear,Formal Shoes,Zara,Grey,6
7145F2DD47EC15A38B68210EDEA33B1FA05DB9D27C79CB321446ABA44778A317,Footwear,Formal Shoes,Zara,Grey,8
C4DD72CD1672D400B91409DBB68FB65F7AAEBC80124779ACBB538F6A5774CF1F,Footwear,Formal Shoes,Zara,Navy,10
C66AC5291759086FF5730B5C59355A332927516E8CF043DE1ED75CE6D9294689,Footwear,Formal Shoes,Zara,Navy,11
93892C45DBB345D8090B780A9499C8C5D39AC48E7624EF0673C5F5E1F6EB5196,Footwear,Formal Shoes,Zara,Navy,6
6A68938E0ECE78DA01FCA0B4603FE1F12F314572B379F9B71E761080B2EDB5F3,Footwear,Formal Shoes,Zara,Navy,7
461EDE47A2CC84F5BB37C8E0019DE494C4CD0C91002D6EDE1ADD8A69F205A923,Footwear,Formal Shoes,Zara,Navy,8
FC4E8621A14306BF038323C93D5CF9F1DC2F0A381CE43CCD3A9259891917073E,Footwear,Formal Shoes,Zara,Pink,7
BE313FB818648A70E6BEDB45A30F782EBCA170CE89D743BBD468F225EA4D2AF2,Footwear,Formal Shoes,Zara,Pink,9
E88F6D5234EDEAB6B78D65C915860F722AE052C47FAAFD9D376DFBE74D01A60F,Footwear,Formal Shoes,Zara,Red,10
E56EBD50E2885C2C33E77A5BBBC480D75B2D56F23515757E1F503CD6A35B1D81,Footwear,Formal Shoes,Zara,Red,8
5F3B16520ECA9003D9CC305E39DE3610534EB4E8F55FDD62C819C76905CA3B1C,Footwear,Formal Shoes,Zara,Yellow,11
C6EF1EE521292CE00AFA18849EAFFE5F5D435F9323344956735237CE775554F9,Footwear,Formal Shoes,Zara,Yellow,6
1C8D718CB76D691D7CF823326CD90C1C932FBA0F139CC513FF8A47726248B3A0,Footwear,Formal Shoes,Zara,Yellow,7
1F21F2ADB011224A059C3B486A4DDD9F1EF4F2285CF544ED036C128A64401D7F,Footwear,Running Shoes,Bata,Beige,11
AFC64129FB6B98A59891D485481AF7DC871D7E4166D4EED4FA1024516E867B75,Footwear,Running Shoes,Bata,Beige,7
8C9666A376039A938D906F6E508EA113F2ECC1EEBD386313CB905C15583E113C,Footwear,Running Shoes,Bata,Beige,9
666A68EF5AB8361EBBAEEF1BCD6E706A243137435063DBDCCD88E00F4841CBBD,Footwear,Running Shoes,Bata,Black,11
95CED97D369DB93C7D8BBBE638BE03186088B868A3F04E2F21EECC0C456AF138,Footwear,Running Shoes,Bata,Black,9
947595AB318428A006E872A836F54C2BF110AEF1E6AC965C30B7C14C0D67C114,Footwear,Running Shoes,Bata,Blue,10
1CC8AD35F6D9BF4C0FCFB0B3C6206C3FB2037B9999812FA5F168C768236AFB28,Footwear,Running Shoes,Bata,Brown,11
DC08155BF884A645B3420566C9DF3190336EFF9B58162D5957226D6C26DE4283,Footwear,Running Shoes,Bata,Brown,9
5A5F4A7B270A57EE1BA78E95E60A5A29FFE495CB6C6520C94FF4CAA411E1338A,Footwear,Running Shoes,Bata,Green,11
066023A1A925E88796D9E40E7266C16983B197EC505CA0C0EDF267E188B33406,Footwear,Running Shoes,Bata,Green,9
FE569649C565CC234A04EF9EBA3B46330BEBB62C6339F8AB9DD6C15D542E4CF5,Footwear,Running Shoes,Bata,Grey,10
316D0DA8A721220FCD1B6D1F418C08281D7AD5523AF9A320F2A5925827E5ADF9,Footwear,Running Shoes,Bata,Grey,7
02AC50A0AF393400105BC48C7A678C0C2039318D159B91916CF9D89655B88DFB,Footwear,Running Shoes,Bata,Grey,8
1B164E7A1835D722BBDC2C4BD34D6E63AA05FB8EAF29F279BF6F3BF6F90030B5,Footwear,Running Shoes,Bata,Navy,10
1640B55407A4DCB4FCDF14D7BEDD9E500074248DBC7D21BD1B62FECB2C188A26,Footwear,Running Shoes,Bata,Navy,11
EE44899B5E78FACE9C10F67C33F84684BBF12C22C2E0FFDFD21C32019A56B1B0,Footwear,Running Shoes,Bata,Navy,6
11AF23EE9F9D01079EB96B029B7B395D556CF449C0B8197730DBD5E9B5D28CC3,Footwear,Running Shoes,Bata,Navy,9
BC95CDC4641C31AD293D2C482AFDD56DEFF64871363DEE6E661223D84839E599,Footwear,Running Shoes,Bata,Pink,8
7EF2D2C877FCB65F76BD68D1AFDA4B5B7695F4BF4395AEC1681FA34828D737FC,Footwear,Running Shoes,Bata,Red,11
05438B42EE21CD3C3212D7009B2E9A2495F8C3B3E3A9441E5F66471A2E4B5F6F,Footwear,Running Shoes,Bata,Red,6
A739E28999906AD62BA214A9BEB0BB12F4ED84A7065EE9A44D32AD3CD6E3EC3C,Footwear,Running Shoes,Bata,Red,7
821C52A270BFF02DEB4B90EAB0C5431B2912419F7E8D1952A8EA57D7739EB814,Footwear,Running Shoes,Bata,White,11
584868FC7A39A6264B0C99C8D521FD98F642712D78E8411BE35D907DC0F4DD51,Footwear,Running Shoes,Bata,White,7
0A8676C7BB1B3A8E4FB7F63F8D1976440267414363184BE4AA99B908FD192128,Footwear,Running Shoes,Bata,Yellow,7
92AAADE55E4F30EE4CBFD3A627E05ACB70FCB08F87DC15F2B7BD447D599E25A6,Footwear,Running Shoes,Campus,Beige,10
EC37227017DC0770506E34C2E955EA7F435AB468789D95368EAD7607D1F310D7,Footwear,Running Shoes,Campus,Beige,11
E6D9ECFBC0CEE4262061F4B3F175EB5298B390F1438F157AC8ABB43F470FB71A,Footwear,Running Shoes,Campus,Beige,6
00CCE35019D177ED910D6BC2C9D5906B499A31AC844B62932E5533C71E9F105A,Footwear,Running Shoes,Campus,Beige,7
D4C27F36F8D19365C0117A151B9FE5EF0B6D31FFC2B9363AC8D84128CE2D2454,Footwear,Running Shoes,Campus,Beige,8
85219F0B252BBB4BD359AB4C7799B6D1E4D3F89AB463996EC6EE80F079D1ACEF,Footwear,Running Shoes,Campus,Black,6
D5CE8A2254BF30A6E0233B837C27C497CBA5F002F037B9DFD94F09C7281C1F38,Footwear,Running Shoes,Campus,Black,8
FB4B33A0A3ABF50CAD7547AE30B10E36889654FB30A182ECDA90A0ADF3EE157F,Footwear,Running Shoes,Campus,Black,9
007A53FA58F0E60D9D78C667BA42A94EC053BD35D1C256EF776491898742FE8E,Footwear,Running Shoes,Campus,Blue,10
DDBF34B23E9F8ACC1C86CD8F673E1E359075FA3C9EB06061ECB03BBDF10A82F3,Footwear,Running Shoes,Campus,Blue,6
432FF685BF8BD2E29CFB24B909D8D997B794B54711352767BE894042E9BA78BF,Footwear,Running Shoes,Campus,Blue,7
2B855D4FC1C3D5318AD6ABDFFCE762358CE2580EBB385760F491B5D4E184E9F2,Footwear,Running Shoes,Campus,Blue,8
F3227F47FA80F7B7E9E3FE27718C22514436093DB303E5767D3E205F2DD50D33,Footwear,Running Shoes,Campus,Blue,9
CC13E3A70C92802AC3683D7FD356C7B6CA772E98E570DB27D6244749C31C58B7,Footwear,Running Shoes,Campus,Brown,11
89E08B935C481548E8CF8ABE17E525F0059F3DB471F837BC889CCC96551B9002,Footwear,Running Shoes,Campus,Brown,8
7FC7A44F6F2F06EF30EDD451E38A595F27B514CDABB9ECAD667F283158D78C75,Footwear,Running Shoes,Campus,Brown,9
8DF3B6BC337E8749B94ABC1B54AE0138D173DD13AD803DF1142B1BC27147A84A,Footwear,Running Shoes,Campus,Green,11
6F9DF9A2E5ED4A12AF7B44E5E0E4E68856DE658BE7B2963FBE9398FF7DC4F9E2,Footwear,Running Shoes,Campus,Green,6
06304205121AE3FF46BC016622F80D859124657CF908BFF8689634EA59FA9C01,Footwear,Running Shoes,Campus,Green,7
E944C28A790C79E9CB6AA4FB1E7F83867E9DFE4AC578F6548F7EBC4B5BFE67CF,Footwear,Running Shoes,Campus,Grey,11
D1A47ABF86170ED7DA35676960C56472D51F60BF9BCA308DAC5ED645E24CE153,Footwear,Running Shoes,Campus,Grey,8
0D8FB0A15CF1D06B50A69BE34501C5405B40168D43B4A8D11DAAA9CBEFAC42F6,Footwear,Running Shoes,Campus,Grey,9
18EBECEBAE33592AD6744288C6B9663415C3ABE897363DF4B98CFECDC8D78911,Footwear,Running Shoes,Campus,Navy,10
6D57AEB8DB26522161E8739898625EB0BBBD872264F8B1927EB6B8491B1D12A7,Footwear,Running Shoes,Campus,Navy,11
E4042E75D5FC9D4624DA0706BB3C76FA0F2D680341DEC2D18B462B6DB135DB1D,Footwear,Running Shoes,Campus,Navy,6
1EF5D09A25B38E2E6BD7D7F8A84F97823E0187C98770D6F5A0B70F8C81461AFE,Footwear,Running Shoes,Campus,Navy,7
AB22B3AC3AFCE3771104A8E8FBD4A41A06A5F0DBAA1C11D9BFBC42AA6264D560,Footwear,Running Shoes,Campus,Navy,8
789205BE642FBC5D05F5EDEC961690B6FA606EEE7A081ACB6A1214EC217DB12E,Footwear,Running Shoes,Campus,Pink,10
941823FB0F4F74377608FCC8C641CF5640622EB7BE8C09B3C7CC8AB0C44ED65C,Footwear,Running Shoes,Campus,Red,11
FE3AC627BD7DA0FFDF04D5043E5B5BB16E554716E91E698A31A88C64F6EABE22,Footwear,Running Shoes,Campus,Red,6
2DD89CDC36D48F3E290DE30EA0CEC16853002817B9D8FEB41C65B61D4F36A9C9,Footwear,Running Shoes,Campus,Red,7
6869FFEB5154EFE3A1825B8CBF4A57920E52A2F987DA9793A0E386A11295C77D,Footwear,Running Shoes,Campus,Red,8
A691B0D99DAF675F0D0020F627F2627ED9F16016832FB3D2D75F4CFE7AD6992A,Footwear,Running Shoes,Campus,Red,9
6CC255A4A93FA4B3488B11ED69FD364F73A02E3FA07FA07553E534520C088985,Footwear,Running Shoes,Campus,White,10
97E87A29FD54289129BB1FFDCA8723B4837892245DF07F62B30D8F0B4FA47E0E,Footwear,Running Shoes,Campus,White,11
82F3B68C062C23B983773477106C9D0BF232D67B200CF2BE750607E2C0EB379B,Footwear,Running Shoes,Campus,White,6
C3FB0EA440F0F91547313925C88C9509EA632B60AA7955C8FE15446B4C65CA2A,Footwear,Running Shoes,Campus,White,9
98928AF5029899DD5AEA08C9EE284FD07D39DEAAF232424CF05F50D051471A08,Footwear,Running Shoes,Campus,Yellow,10
4DECD0B20FE6BFDE2AF6637D01F2101505837ABFD6D8961B36045109854CDBFC,Footwear,Running Shoes,Campus,Yellow,11
FE7A35232B6E36B1444552E56C42F578B0F003EEF626D884369DD96FC6030FF6,Footwear,Running Shoes,Campus,Yellow,6
85F60645BED7D5090A394AC023CC2676AF715552F070DDA9024CA2338CFA3984,Footwear,Running Shoes,Campus,Yellow,7
07A8FB90C324E4AA3761680D4071C3ECE249A116CFE2FC1D36AA1E85BE417D00,Footwear,Running Shoes,Campus,Yellow,8
E0876C7E20AB30C3DA4C519E70E6BC235C7EB03AED64A524F9DFEBC405BC057D,Footwear,Running Shoes,H&M,Beige,10
DA8D11FA465137671157609EBDA0D33EE735D2F82DBDF58C77FCC58BB29D8CBB,Footwear,Running Shoes,H&M,Beige,9
30B9A5937EAAD8886E72DB905D6588057555025398853933E05ECD6F5411833B,Footwear,Running Shoes,H&M,Black,11
F1E24EF86C248026C99B271D964A2C541F70E66B8DA76164DB9D8E7407DB46A1,Footwear,Running Shoes,H&M,Black,6
7756EC188EB11322795EE0107AEDBA8DC9C5A167A360AA60E53188C40BBE9572,Footwear,Running Shoes,H&M,Black,7
863F5A269337FADA49EED4C80B904609260D14F40C3FB8F44B8826AE0CBA8AF8,Footwear,Running Shoes,H&M,Black,9
A4B0C080BCC181844EC8BFC35E5D4355C21AC65936315CA4CB5A41CB7ADCF0D9,Footwear,Running Shoes,H&M,Blue,11
BCA22EFB561C9612A4EA70B7EA645B1CCCE192D60716E6FAB3C3F8E18A971FD7,Footwear,Running Shoes,H&M,Blue,8
DFD3EA39CB36968F1CF8B814D62B18FD66BF1A80472F1D888153486B7F15AEBD,Footwear,Running Shoes,H&M,Brown,10
EB987CB653881157FFF10775BCC2BB556232F0CBF664798992859A643B373B59,Footwear,Running Shoes,H&M,Brown,11
B27799CE54C59FA7306AA36FBA71359B7D32989860F7E2B5A01770D38CE056AA,Footwear,Running Shoes,H&M,Brown,6
C82B93708AC1D7D72065B61A5AFA0C36BE75A03D11251A72A1AEDAB790F6F07F,Footwear,Running Shoes,H&M,Green,10
0590BAAA4C394BFEFA7883C206EEE771BD0CF2C43D2CD3770F5F5BE153234C2B,Footwear,Running Shoes,H&M,Green,8
FC01B162DB9F260AA5421E81AE40695C19DB4908897362ED9FC58A9EDC7C2D10,Footwear,Running Shoes,H&M,Green,9
B773383BBD101224949785D2979530A6CAFEFF40024D149A050A7E76FE5AF3A4,Footwear,Running Shoes,H&M,Grey,11
791AE0BBD4E5917CA61E01CA26C4C158A1EF8AFC59393822EE2199D3BCE743F8,Footwear,Running Shoes,H&M,Grey,6
9710FE1FB269E5BC6421AC6D1179729E0287A5675672014A81046AF86880D6B4,Footwear,Running Shoes,H&M,Grey,7
421006FE73E170C82561D27F5EEA169BC80419C794D5D7D1BC76D46A7DB7529D,Footwear,Running Shoes,H&M,Grey,9
2D69F8DFC14A32663F8180A6CA22F982F5D9906BFA59F7E606D5B88E9B01890B,Footwear,Running Shoes,H&M,Navy,11
08B111272C0F147F8F49A608E60ADF5A831BBD72B49D00C47320A35CE4A812E0,Footwear,Running Shoes,H&M,Navy,8
F0C99B999E611D49535860BC823E113C3EEA5D215E719597961E59FDBC1101CF,Footwear,Running Shoes,H&M,Pink,10
9A5DBA2CC6F43DEDC7371E7A59D8B0D0D8EC82C7901D7F4476F72E057570BCB8,Footwear,Running Shoes,H&M,Pink,8
688AFE8A1CD9CA0B378EB2EFFC17C5BADEFD039BF4E53E52E060013B85D8DBB4,Footwear,Running Shoes,H&M,Red,10
5D49D7D63C2EA50434284E8E528BD78E48D789BACDB16467D63C8A4F12AFDD7E,Footwear,Running Shoes,H&M,Red,7
025937D427A3381FAC9884008863EDC61C00C5557DBEEB5CE6BDF22A5CF59E6C,Footwear,Running Shoes,H&M,White,10
ED32ACF09F17BD52E93AD75B4E64569110BB6445329857C950C3E858F8034CEE,Footwear,Running Shoes,H&M,White,7
2C5B8CABBE59833E0C675FB509D45AD593CB1348DCED24D511FCE96CFF1BFBFD,Footwear,Running Shoes,H&M,Yellow,8
E0AE42042CB62FB703A025239FE348826032D30CC761731CA3836C1779018E0A,Footwear,Running Shoes,H&M,Yellow,9
9F5D84F952FC644E4842DA8F756F3B8D85C381217517A024CD65EE7A5A351F7B,Footwear,Running Shoes,HRX,Beige,11
FB9237719F7AEAD4D3F8FBC09A7295C70D147A7612648670E22224733B5CFCDD,Footwear,Running Shoes,HRX,Beige,6
FA61E3E5C5EC2A0E3BA0EE950A4744122767A544905C5CE8D267795DEDD37BF2,Footwear,Running Shoes,HRX,Beige,7
5448984D77E8F895F61447630CF75BFBFE0C0F53F11243B81DB5CF9F53592F15,Footwear,Running Shoes,HRX,Black,10
9315CB05CBF448B0DD49FC3A4297459FE0DB0C1C634F7063547627753B4068DD,Footwear,Running Shoes,HRX,Black,6
84CB379950DC068B97EE89DDC01640DE39525BD329ADF8B9E66AB7F15DC8DEBF,Footwear,Running Shoes,HRX,Black,9
8E095EADF804EA93E8E6E41AC9F8A85B9338399F77B6CA41A6AC0D16C2CF2851,Footwear,Running Shoes,HRX,Blue,11
E30339788B5C3A95E8A5DE59B7D37FFF67B4C0947FB1AC7677E139F6DA414D7C,Footwear,Running Shoes,HRX,Blue,9
CC90EE2D3B6684FF72B794BDC1562E3B3BE41272D489011FA3ADBA35D3CCCB9B,Footwear,Running Shoes,HRX,Brown,7
73ECC831276CB99258C39C1A43DF3D0FE88A0FE313524D18C7CCEBB4B1F7EE8D,Footwear,Running Shoes,HRX,Brown,9
7E4E3B2F281CA0B76313786F83EC2A555BEA896B20D60789A7B954B20657714F,Footwear,Running Shoes,HRX,Green,10
BF1CFE5FFDDD0B3B3D88CE0036648D1C1FE23EC6415E62930A9EAE8917627C70,Footwear,Running Shoes,HRX,Green,11
82AFD47DAA5B6E283F95BA2071B7D691A72E296D784EB6D943486FBF59FF7474,Footwear,Running Shoes,HRX,Green,6
E57C407C1C5B2B2A83FC364799DE6C084D1FBAFB9F5A4D0DA862BB63BEAB73D0,Footwear,Running Shoes,HRX,Green,7
607438755EDA298950E708F1EF0D9887EA72E464F14041993A6D41283C9A3FC6,Footwear,Running Shoes,HRX,Green,8
B327143ED360FECC989C62287C629FCED99498A7ECBD16F3A76EDB4742E55751,Footwear,Running Shoes,HRX,Green,9
4B0854273C7FC257167A482B498612941FA263493520D3F1717FC4C6FC82117A,Footwear,Running Shoes,HRX,Grey,11
2675283140C28F6700D48D58B3F28A01090ABB6FB46CEB54360CB53B52E0CD84,Footwear,Running Shoes,HRX,Grey,6
0454FF88E078E5B9024EBCF41D8F1BB83104EF17319286E1169C0F1AF999350A,Footwear,Running Shoes,HRX,Grey,9
CE2740D2B8A7952ABCFAED468101B63E5256B1449041EF55F8BDE2392FDE9E89,Footwear,Running Shoes,HRX,Navy,11
62648007CD9808D6A92715B7A4723FB31C6E0F119211ABA63602FE25A58CE267,Footwear,Running Shoes,HRX,Navy,6
42FD8BCAE21D0117F3CED397E37F6B279268D80224F51A6AAFE043DFE7C7AD84,Footwear,Running Shoes,HRX,Navy,8
9612B1885FE74067D7C91ADB13797DDFBD0E6B6E9253250FE7844D4AE6C58369,Footwear,Running Shoes,HRX,Navy,9
1E2BEE8C95BFCEDD5B4E31691980D5B6094A37A48C6D204871718546EB589541,Footwear,Running Shoes,HRX,Pink,10
07C6DCA949112F2411BAF2A5276836D143FC74914F759EB5BEEE75CD675C6125,Footwear,Running Shoes,HRX,Pink,11
F4AF3A355252F3E9AF6BDACEAA78EDF13A58801035D12F2FEEA437FED656DA14,Footwear,Running Shoes,HRX,Pink,6
0665B8D1A3D0AEFA795C10BBA5FA27CA16728B6480B89A41B0CB0C7C402A71C7,Footwear,Running Shoes,HRX,Pink,8
AA729487D52719C3E1E9625080EE1DE96D3B09F592D758669AD269465349EC08,Footwear,Running Shoes,HRX,Red,10
E1594A786FCDAD0CF293C0E47EA87D65E6213A9595EB95AFB6F72C1BA9268DF0,Footwear,Running Shoes,HRX,Red,11
14F7B4D8E5A382A364BD32E6CFCBFE559099A39A7B4AA40B20EC68DD71CA7B19,Footwear,Running Shoes,HRX,White,11
265A350A8C6D84A2DEBDA9862AC7FC35117E70DDDB209C2E621EE8E84DB5FD0D,Footwear,Running Shoes,HRX,White,6
5D84C8048B5A9745DE36116971E676429B34BB6CCA3B6212DEB03877B507A959,Footwear,Running Shoes,HRX,White,8
6F9B8568DB9352C8D8A6802AB0100B4C2E17574557D253577AB1039E9EC3D67E,Footwear,Running Shoes,Max,Beige,10
C5D8BB5BA7253596957DF3064F056E7B1F050DB968EB8F83A7D968DBCD40B83F,Footwear,Running Shoes,Max,Beige,6
EA5D3863D81B3A4E2F74537892DEB2797F82DAC3C980AA828641E264579708F4,Footwear,Running Shoes,Max,Beige,8
1C55BB1FDE26FFB4CE33CC09E5D4661220DBE737432FF945FFF001C92E8810EA,Footwear,Running Shoes,Max,Beige,9
E2FED20056150567255CD434CB5768462189943D100FD7C70F64AEB34191F414,Footwear,Running Shoes,Max,Black,6
AD3AA83D26BA7D2024B41034C08195DF5FF9839528E5C0E6B664C58E02953B0A,Footwear,Running Shoes,Max,Blue,10
A5FDE3AE334C17F3638A23DE691FBA87DEB9BD2934291487A1B3CD0E3D8DDCCA,Footwear,Running Shoes,Max,Blue,11
B75953FE58DEB5EE22F688CDA1B9A75062FE971B9D82AF82BF9DBC7E1920D2DA,Footwear,Running Shoes,Max,Blue,6
6A33D4C1CA3844A65293A4D965C1B36E0FCF8FC9372EF9EAC19DAD85143F2AE1,Footwear,Running Shoes,Max,Blue,8
B0411278E5995DAF8AE47C88EDAB3529D163EC4F9C38F7591172D3756A5D1F72,Footwear,Running Shoes,Max,Blue,9
C41F2EEEAC35894BFD126F8DCD2A6E0FA49559C706E61996F46E965718731C39,Footwear,Running Shoes,Max,Brown,10
C4AF69EB2CB48C35C1286033FCEE12DABB50940BDABF527B1B0542DF7A0D1D9B,Footwear,Running Shoes,Max,Brown,7
C67E7139748E29068197F1E82468ED0183A87A05C897FAC1F5DB34E2338C24EA,Footwear,Running Shoes,Max,Brown,8
9F740C1AC5C37823E26BBDEF08D54232D5CCD8823156676543F44D9B0ACCD6EB,Footwear,Running Shoes,Max,Green,10
B1C2C1A6F23A0CDB0D22D516B66B2BB3758FC08731DCAD2174C482A9F1A20632,Footwear,Running Shoes,Max,Green,6
2BF739537C9E77B359F7D6E5D275D454AF52F49D71A4A2B3B31BB2CCD27E4BDF,Footwear,Running Shoes,Max,Green,7
D55DCEE2FFB9E0CAD7FCFD0D5E3ED34E676C35D9FEBCC397E4DD8D0DEA86E371,Footwear,Running Shoes,Max,Green,8
930D1FABD6C0431F5BE3E6F1AD1C2018214B0784A7A60C5F06F3F4453F7A77B2,Footwear,Running Shoes,Max,Green,9
CDF485FEAA447F94FD2F564CDA777B74041D0EF5B3E9D96839C0CFF723C55351,Footwear,Running Shoes,Max,Grey,11
8EC044D12776406B98C6F663DCC20419830A5A0CDAC0601CC34A3D3017D60041,Footwear,Running Shoes,Max,Grey,8
30B544789D96C558453A0080D1A12F87FEAA73CB7C1AC52757D404BB95AC82A5,Footwear,Running Shoes,Max,Navy,10
001705FD8F797C6EB93E105C0F281C119811A383A1225C2BD1A3D4038A101B4D,Footwear,Running Shoes,Max,Navy,6
9BB7D17B76F696DAC9776969CF76632BEBA5C667F2082F54774F0146406BF105,Footwear,Running Shoes,Max,Navy,7
379CDE66D881560DFF18844493FE415CEBEE828454706FC72C010250D9D2D91D,Footwear,Running Shoes,Max,Pink,10
3698DB0F709D5A447C8F38E235A56045510D0ADCEC15D5DAA15F6EBA2E72E626,Footwear,Running Shoes,Max,Pink,11
23A275EEA57CC621CA545D9B68EA9DB9482831F5305D134544DFBBA345D3C562,Footwear,Running Shoes,Max,Pink,7
991BA111A41A45E2845E1E9593430700CDCC09E9513BC8F3C81F7F39CCDF6EC6,Footwear,Running Shoes,Max,Red,7
3091A38E1CA3D796C47974562528EF2B6A5FA8848E97F7CF8FBCBB37BD7497FB,Footwear,Running Shoes,Max,White,11
B5C3BCCDB8D921CD62BD408F34AADB1D818A73627FCACE09DD48CBABDEDDFB0E,Footwear,Running Shoes,Max,White,7
BEB2CB2590A48288841374D378BBD2406B616A2B988DA175E7641BA06B5A0554,Footwear,Running Shoes,Max,White,8
2E8708BBA9FD3126CA0CD676A1DEFE6392BC53C0694E45ABDE9469ABE59AAC8D,Footwear,Running Shoes,Max,Yellow,10
836A5521881CE5EA8C3CDA4892D809B98522D2664E8DD4033B79321E5652F898,Footwear,Running Shoes,Max,Yellow,6
DE91223BF83C26A3E7E10AB2666BB39E614D5537A4E88E196D90B4DD2B9854FD,Footwear,Running Shoes,Max,Yellow,9
FF8DF870CA425A41C9809854080439EE2BECBD5D76330F2D514C9A087695A041,Footwear,Running Shoes,Nike,Beige,11
EE600040C22DB65B963CE0E693B24D53C86E997BE3A398B3695EC09D2558B2D0,Footwear,Running Shoes,Nike,Beige,6
44611BA3323FB67D4CA8F1A87FA88EC87125686076A20B914AE793C1CE39B82C,Footwear,Running Shoes,Nike,Beige,7
3478DC0B4352632BCDE16918EF9A3F0C820D9FAE10723E365BDE3C3A9BB30A0C,Footwear,Running Shoes,Nike,Beige,8
E407E060E336FAB4FE21B53A0693D418BFABD6F7049916758B4835DC7A0525D8,Footwear,Running Shoes,Nike,Black,10
8CD75904AC63533DD547DB60997F9AB96F086B198EFAD31BD9DE274AA9F1AA23,Footwear,Running Shoes,Nike,Black,11
ADD62AFAF4A2CEE91464468B188528122717EE8B19E338D4729C947A0337BE3E,Footwear,Running Shoes,Nike,Black,6
8FEA0401EB2A2B4C84371C4DF241C3EA18C62601FDA956E83E11E1B92EC27B2E,Footwear,Running Shoes,Nike,Black,9
81267338C4773E6FF60D92078FF0AF6F763791047301638E76B16EDE00871FCF,Footwear,Running Shoes,Nike,Blue,10
1FDB70BC4EA9F6494A02389D62F5594463B74C9D029996A1858C1F5AC0176FD7,Footwear,Running Shoes,Nike,Blue,11
32F228BCB03571EDE52BF3F261695D29702946B7F7BD9A56B9522BE8FFD32866,Footwear,Running Shoes,Nike,Blue,7
54DDBB930813BE68A03A396D86BE6EEF12C496C57A036B08090E20DB792935E4,Footwear,Running Shoes,Nike,Brown,10
0B3E583D82A16CFABE4C0B6D3B60744A91D49DA4BA3F465D7F27FF8B2D456F0D,Footwear,Running Shoes,Nike,Brown,6
E4974E2D6BC6CA09E398BAC46200DFCCAED4FBE87B4C7118EEEED86065FACE85,Footwear,Running Shoes,Nike,Brown,9
C28D4FE7170FAA6128868401FD301034BA2B51086277F3A9CDA9F792E31DA033,Footwear,Running Shoes,Nike,Green,10
EF85FC1C7575548F1F1DAA4361DDCF8B39DF9FCDCC36EBF48693D74B7BFE7B64,Footwear,Running Shoes,Nike,Green,6
42FF222CCA8CD8975A9CA62CD0C581341B8EEEC234C70BDFFF030A3B2F8535DB,Footwear,Running Shoes,Nike,Grey,10
12DA982100D487256F7D43AC96F1E6017651636FB37684729B16A95F1E221937,Footwear,Running Shoes,Nike,Grey,11
25D04485E682A419E58D8D9068ED73F60740E038682B8014DC137388DEB255C6,Footwear,Running Shoes,Nike,Grey,9
B8EA1CD1F85FD54985AE96667364F1AC6AF39D8F6ABF466B27A12D793BD79CA9,Footwear,Running Shoes,Nike,Navy,11
B0AA8D79F408BA257BD978EB23109C752E2189AF1274A54F6CA1EBDEEC47F54A,Footwear,Running Shoes,Nike,Navy,6
037B9B0EE114628963CF280E088D9E912CD92E7F61430E5E7E25E9522700155D,Footwear,Running Shoes,Nike,Navy,8
D640BE17CCE5D754D7D972A1847C4542725613F55FA16F214E173ED5622AF9E7,Footwear,Running Shoes,Nike,Pink,10
B84347BAF602E07AD20E52069CF164DB6F282615BC71FCD5D28DD5E4579E84BB,Footwear,Running Shoes,Nike,Pink,6
FD98BED3994B5B27AE6C56C66DD07C2CE029DD8D656026148E397771A2B6E21F,Footwear,Running Shoes,Nike,Pink,7
E204DBDC37476D615E4E4F5D8803EC4B6B73C9B71DEEED40EEB339EFEC81ABCB,Footwear,Running Shoes,Nike,Pink,8
FE03BEC707730A385713ABA6969672D10AF8A8E8EF7F49B950B77163683DF19E,Footwear,Running Shoes,Nike,Pink,9
37E713168C62CED195A1300474DB40B6A52E80D15EA7345F1701C172E91AB18E,Footwear,Running Shoes,Nike,Red,11
EF3CB73E9DE90903B4A02D97536D8AAE10E7355CA972A88AFE36A56E627A6A8C,Footwear,Running Shoes,Nike,White,10
57B8D6B470E0978BEA432D2AFCD3B11B4234F92838077220DFFC458D92105E8F,Footwear,Running Shoes,Nike,Yellow,10
52BED359F06F5CD8EF9C4F12ACA4630E8D34653EC92E2953C7AC001D3916C93C,Footwear,Running Shoes,Nike,Yellow,6
39F4C43B469EAA801ABDEB4D06588F7DB822352A22EBB79C8FAD3E9CFA994E9A,Footwear,Running Shoes,Nike,Yellow,7
EF35B0D8F80AA0E8EE373EC3E9EA2DDC169E923EFCD5B15E1DBFCF08CF890A79,Footwear,Running Shoes,Nike,Yellow,8
C203EE908936787304B7FDBB38788059CF2A2400FAD4ABD69453CC5A7475F46B,Footwear,Running Shoes,Puma,Beige,6
1E7A8D98846AB13BE056EC271AE5A3F0E9F41B93B77314D59B4C85C8AE37E5B4,Footwear,Running Shoes,Puma,Beige,8
9CFFCC3B403806818BF4AE5BD6A297A74A1870B620BDDB1D6F48F4D33AA84C27,Footwear,Running Shoes,Puma,Black,10
7BF13C0BF5EEA9215215EB2607F13ED329A3F11C4024B78180AEF8A9423B8C9C,Footwear,Running Shoes,Puma,Black,11
EE21C86054777CDC5D6F09777F7229945111D21BAB1229FBE2893EF69684335E,Footwear,Running Shoes,Puma,Black,6
EFDE276C7EC2D5A278BBB5C3D26AFB21018FD949540D15AB6033C1490C6D4D78,Footwear,Running Shoes,Puma,Black,7
03E498C12C2AD0FCCE6E696B79ACC42C753C9D37C31260E420244E2379603ED2,Footwear,Running Shoes,Puma,Black,8
DE2E3199F5BEDECCF14DC3FFD9CA83DAAFC9FCBACBC82DA88FBDE6221AD319E8,Footwear,Running Shoes,Puma,Blue,11
5885B47D0C5A35ED874234E7A650C40BFEEE5FBE84EAD42CF36E270EBDE7DCAC,Footwear,Running Shoes,Puma,Blue,7
FC64826212F6D427A0EFC7DCDFDB933671F94E939642CB02302529AA0A8B4A2D,Footwear,Running Shoes,Puma,Blue,9
4A0444619F383C6134A1C1EE3B932751EA7570D5107444579CD70A8D9DAC50AE,Footwear,Running Shoes,Puma,Brown,10
2535C1F320AEED12D89DD977D2761DAC21248AB6F7F09E8854C8C9CFD39E6AE3,Footwear,Running Shoes,Puma,Brown,11
F08C6E5AA9B4B1CE257340D7E9FE49A0FCD035D7F0ACF09136568EE2A4B83F7D,Footwear,Running Shoes,Puma,Brown,9
C69AE6DB128C7E0D859C089C3EBBC2729380F6331FCAEBA73F1FF83E01B0C05C,Footwear,Running Shoes,Puma,Green,9
E5767938C68639E1C21E82A3198C5F1C4EFF7BB834BF9E797C22B0B00DBA898C,Footwear,Running Shoes,Puma,Grey,6
85C29D1BD10DCB5D376A41024811B97D9C0E427E80045296B654E910AA0E5098,Footwear,Running Shoes,Puma,Grey,7
235EEAC7431AAE1D5852CA9240C4E1CB102373F179DCD5262B125CCDACF6B3E9,Footwear,Running Shoes,Puma,Grey,9
26A24C06E2F98F85B20AAF2C26C5D207231CA7A32341207CB4B52754A41CADEF,Footwear,Running Shoes,Puma,Navy,10
2138E238962A740088712DAEAC581EFAF8DF10C51358855EE6F06DF33119FEB8,Footwear,Running Shoes,Puma,Navy,7
1407C28A1B1801E53A6CCF176436F8DCF2D137124A37A653C971C320F2DF89E3,Footwear,Running Shoes,Puma,Pink,11
028FC8135148BC46B5C5774F8A9E7FB9761C7127A4A7E19F8BCB2B6F8DEC1289,Footwear,Running Shoes,Puma,Pink,8
8344ED13333ACB84AA8EC8C45F88451F7D15E0F9CEF56CA07A8CCFED117129F6,Footwear,Running Shoes,Puma,Pink,9
AD85EC9A150E6E18BC9CC3610749C17BB91906FEE5A6943FE4E39348C1726A7A,Footwear,Running Shoes,Puma,Red,10
0F11E95E81A4A3C7A37DF3DF782B0B687681667994A53BDCDC365B1918B4F30A,Footwear,Running Shoes,Puma,Red,11
B82AA79698FC5800AC52D5F6140247C7EAA038F59F2AF14BEAE8E8077E4F8EDA,Footwear,Running Shoes,Puma,Red,6
42CC019B65168B791A1F2FC3F4EA1ADD4757CA658AB1867C87BDCC7B6A343666,Footwear,Running Shoes,Puma,Red,7
2D08D97C6B1D99EAE971FFB63B163DAA093C69D35F15DA8D12320CD5A26D8244,Footwear,Running Shoes,Puma,Red,8
5404B265425536DDF702ADFAB754AE9D14FF9FB3BF6FA12EBF6D3FE51D149893,Footwear,Running Shoes,Puma,Red,9
20E954DEF1A5A9BD483145941AD02CC8C62F9A9F8DE0FBE720156DEF7B46E6B9,Footwear,Running Shoes,Puma,White,10
EC1EFCC19A631C222B373CFACC6F3385981EC020BEF653E3B5B9A1CA66D47F7A,Footwear,Running Shoes,Puma,White,6
FF033E148E53BAFC1E85F6EA2D61FCEA9F28F43F74C1664C7D2FA8E07944C301,Footwear,Running Shoes,Puma,White,7
D66C7578F30EF9B81D36436CD3C51FA6FA3C64A2CC56D0EE0CA856A4CEA8609C,Footwear,Running Shoes,Puma,White,8
979B534CFA3D193029330A3A77FBAEB98D7B60D0D31147BD380BE9E3885B6C36,Footwear,Running Shoes,Puma,White,9
785E909749244D215BDF4E61EBB1C4FB234B973841120F5517FA67E860FACD0D,Footwear,Running Shoes,Puma,Yellow,10
416918E5907FB21CDE9FBFFAC760C1E0D800B1C3C2F9FAAD7A60F628ABDE4254,Footwear,Running Shoes,Puma,Yellow,11
0D5F1680933FDDDE0D3095EDFA0ACCF5AB4887FF03448E9B5293019F410F0811,Footwear,Running Shoes,Puma,Yellow,7
024A54F2F35012223E45CAB8A67EF67F940047BB2A9E46CA48CEBCE371125A10,Footwear,Running Shoes,Puma,Yellow,8
CB8A8666914358F5FF4A36BB87323E689EEDC161D4B8BEE7B60F1323424A7ACF,Footwear,Running Shoes,Roadster,Beige,11
B6980205BDEDAF55CAE53CBCB98226B9D67AED999C3EF1FD7C458E2C5340A8B1,Footwear,Running Shoes,Roadster,Beige,6
7B60B2CB0BB943E15A11DE3661FC7FC5642EFE2F260404BA0382AF8BD44D3C6F,Footwear,Running Shoes,Roadster,Beige,7
B2E302F806B81E494FB610E664820B7FAB151113C99FE709366C4A0E061A2E9D,Footwear,Running Shoes,Roadster,Beige,8
B6DBAEB6B2A45B6A45BBD453E28CFDB9BB77C717B14A5443CA755926B427BFE9,Footwear,Running Shoes,Roadster,Black,6
EC6DFAAA85F37E5A2842B23E05D55325C36D688B3D18E07229E461141E959C6B,Footwear,Running Shoes,Roadster,Black,7
F2C76601C8E602510ACE8A683FFA3BB3371C908F5ADB89E2833755A12045FA63,Footwear,Running Shoes,Roadster,Black,9
AA7F2EAD6679A1DB08428F384557CDAA05198EF0C9BCC1D55A0A36A8AB69CA0D,Footwear,Running Shoes,Roadster,Blue,6
6765559ABFA64E2CA74359B9E30679F2A0CB91B780B1AAB0C5E0A7B4E5D8F8A1,Footwear,Running Shoes,Roadster,Blue,7
EB31A54A44B723E2605358A387F2F6E95638489599FBCCF237B298B5678E95B3,Footwear,Running Shoes,Roadster,Blue,8
7C03F2CD8BF558ADF30683C13D6A98427EF56C131E14389E6DD64F8491FD428F,Footwear,Running Shoes,Roadster,Brown,11
C6060A5B89B86A1BBD4DC59E208C43D186F6DED238DD362211D2A222FE548E00,Footwear,Running Shoes,Roadster,Brown,8
E60155506B8B811C0941382A309C5825B32FF06E1FB0181AF5430E286394B1CE,Footwear,Running Shoes,Roadster,Brown,9
54360B5EC13F35BA101852FE65D9A4B863DAF4CA04AF77777EACF65B54728C6C,Footwear,Running Shoes,Roadster,Green,10
3D3A6B6408B20BF1E27614559B5A631BAC4FF2FA68054FA88B75854B56D06620,Footwear,Running Shoes,Roadster,Green,6
0776631A689D199031A30751470FDF7F152D81C2289502AFC87909A2E2E70FBA,Footwear,Running Shoes,Roadster,Green,7
22B3066C6D4530C32103DCDADBF7A25F096EA58E025445B05B6333A62B20E7E7,Footwear,Running Shoes,Roadster,Green,9
4EAA8E787F9480E09D77B1C2CB9874BDC9E1EC9D88F1E1EFBD5F7340999EF390,Footwear,Running Shoes,Roadster,Grey,10
75CE334B00FF7F04B52D5A17CEB5FF177A6B35CDEA228AC794446217EC542137,Footwear,Running Shoes,Roadster,Grey,7
59B25303C64C5A952D1B7147ED7DC5423949B64B868AE537ACC56F4AF9F24BA0,Footwear,Running Shoes,Roadster,Pink,10
755BAF71F24772E1CEBC6EAE2EE2235CBE0B905D5A44A9DE280D090703084C2A,Footwear,Running Shoes,Roadster,Pink,11
9D1D570762A05171BC52E64AF8E9452FE9A11E59451DBA30F1A6789313DD131D,Footwear,Running Shoes,Roadster,Pink,6
331A09AC6399550028CE2AD683160CD4CCB8D38BB178F724CC13595ABEB1F428,Footwear,Running Shoes,Roadster,Pink,9
F4F1DFA5373A0E1C3FBE07C4FBDB0C836B1D569059CFD1329A8C7D46643A59D2,Footwear,Running Shoes,Roadster,Red,8
F77A90C5B2AC4F0E21DD9E697CD8860C3837A634F302DAA1594CA4FBEEF8802D,Footwear,Running Shoes,Roadster,Yellow,10
9B0D7B3942865C68D3BD52327FD71E40CE4270F2AE149D6585ACCE6BBDD66CA4,Footwear,Running Shoes,Roadster,Yellow,7
A674D1B9AA35667B3B4249A53E5F3B1C449C443BEF46C98FCB545768DCB06874,Footwear,Running Shoes,Roadster,Yellow,8
F18DAD2E55C656DA25965D4A33A7557ECCE7B0142C31B5930A7510A570753BAC,Footwear,Running Shoes,US Polo,Beige,10
25E7058A31F0BCB6773DE86AA524E60B28F12073DDF14A5713BCB64892C979F4,Footwear,Running Shoes,US Polo,Beige,6
A3051815FF3B4CDAF08B0B19317FD476D7EE8042186732648842E378A8D57D40,Footwear,Running Shoes,US Polo,Beige,9
615B3E5F7DD85520F38D23CF1A66CB04D2F848AC4239DB5A4F11C2E960743854,Footwear,Running Shoes,US Polo,Black,10
F9606BD6D392254B6B4D1C04E41D04FB71B9857046853C938D745C43142808BE,Footwear,Running Shoes,US Polo,Black,11
4254AC8AA59AD7A28ACA5431E03D987FBE6D4F6901299A8B5D39E6B0F8E7ABBC,Footwear,Running Shoes,US Polo,Black,7
BD17B124C495EAF24311C502C09FD1E9B2165F3AFB08AB822B7A7171DD740811,Footwear,Running Shoes,US Polo,Blue,10
90D5E4EE6E7B733B78B490F029953363B32AB07F048598D9C114D3754B4115D7,Footwear,Running Shoes,US Polo,Blue,11
F0E3D00236A8BF0136C1BC4FDE6638E24F059413F0FFAF6C9223303AF4F7268B,Footwear,Running Shoes,US Polo,Blue,6
BDE5088165DB70E158D8E4B48833967A5B89C84B35E8419D6037EC0D3DF5A269,Footwear,Running Shoes,US Polo,Blue,8
B4B05938793142318AAD9C9BE76CEA95184976258A412D065D71B541904FC65F,Footwear,Running Shoes,US Polo,Blue,9
D4873FD1E4225CF9A4DE290F3624BACA281243877EB77F4FDCB92E668547DC12,Footwear,Running Shoes,US Polo,Brown,11
02EEE4A60FCE90D8602790D8EEE37A227672C3860FA7F4506A7F62220E7F3F92,Footwear,Running Shoes,US Polo,Brown,7
EBAB757CBD56AE6813C61C7A52D1ECBAC3979420E2AB8B4C7A48C79C0BD83A36,Footwear,Running Shoes,US Polo,Brown,8
373B5057F8E6BA64E70BC11DDFA8D37F2329B122F122DDFBB8A3393A93D82C85,Footwear,Running Shoes,US Polo,Brown,9
06D5B19EBF70EDF9884B6109D0368BA4B546DDAE6A492133895E2C34E0142828,Footwear,Running Shoes,US Polo,Green,11
FE39BEB3CAF48108A8E8A326F3D0AD9F8A9078F7F7E0BCCA1D62607C70CAB752,Footwear,Running Shoes,US Polo,Green,6
A0C12F2A87E43C2CAA949CBA3FBAD32C61129877CF65F35047AB48DBFED14B22,Footwear,Running Shoes,US Polo,Green,7
29C4356617D0A59109353A43C0C374AB517E43710CD1A80B01A67D9A10E112FE,Footwear,Running Shoes,US Polo,Green,8
6B84EA328239BD34F7C717B6406EC01FED7DC6F6AF5ACCAEB1FC91662966D3A1,Footwear,Running Shoes,US Polo,Green,9
1E8B236178748DA16238D32CD9DF9E0087F290A62AC140FD3800ABBEAEF75E7E,Footwear,Running Shoes,US Polo,Grey,11
A7357761F9CAC456FA33CEB6CE7165DDA83C9B763F08E14B197F7F5AD69AC897,Footwear,Running Shoes,US Polo,Grey,6
ACC4D4F6C303943553207072C932253B269B995826801D021F5E119F95F44E24,Footwear,Running Shoes,US Polo,Grey,7
DAA3E69F7DEC1E5554F2E138123403C2375CE9BD06F27F61AC1187CD40D183BB,Footwear,Running Shoes,US Polo,Navy,6
D2E0B25B3157113C911234403FF094B606BA92540A417B693511339373B8771E,Footwear,Running Shoes,US Polo,Navy,7
956C7953BC575380BB0A859CD68E4E6ECFC6AD179C629B91854344BA88324ADE,Footwear,Running Shoes,US Polo,Pink,6
BE411743343EB97965CF7E0473AB25B30C97B0F1A3A69B750D4E8C2FB98AFF3F,Footwear,Running Shoes,US Polo,Pink,9
DD0DAA9F7484F2DF55B36909BF468E25C924209BAFAEF9BCF4F4954C28608EB1,Footwear,Running Shoes,US Polo,Red,11
CFCF28F428BCC9F549120CFA43C201C888C346372982C584B6291904B0801664,Footwear,Running Shoes,US Polo,Red,9
B99C450CA265E109F0878B27AB60A36B7B62C7E70B958DC1EE089CF562976FC5,Footwear,Running Shoes,US Polo,White,6
7A86DDE2AE6781736F57450C07FAD02BAED694A361D2236B080DC4174D7A19F6,Footwear,Running Shoes,US Polo,White,7
4BB4F18ED7A9BF5F233A4629F88D4C37C9F3DDD1F5165DF16B6A36F6610DCCE2,Footwear,Running Shoes,US Polo,White,8
393B0C7AFCD509F165210E305E2595AC8AC94442051DD65628B4ED93A6E71CCE,Footwear,Running Shoes,US Polo,Yellow,10
F22BDB8C62DB8BA08E13DBD33245CFF939D7BD4C470000296C9B85DE9683CC00,Footwear,Running Shoes,US Polo,Yellow,11
CF24E67ABD2561179D4D3573B6E76B45182AF4893E0602AC99FFEEC61EE89B2C,Footwear,Running Shoes,US Polo,Yellow,6
4EE4D0516E8FF714CFC7B35DB9AB9F9120039377D84EBE9CE4312CE97634F55B,Footwear,Running Shoes,US Polo,Yellow,8
A962D22F7659D86D41A39060CC444ABE1C4D024E64D6C53575E15D9584A34756,Footwear,Running Shoes,US Polo,Yellow,9
91049476C7C73E94E232FA1398D6804AF1B5F894C5BAF6CDF3D5A226E67BCD0A,Footwear,Running Shoes,Zara,Beige,10
DCFD3BAC82C9BCDDF0F518D1024D5A3F90D0393EFE4E6C51F5E0983F2E5114C4,Footwear,Running Shoes,Zara,Beige,11
AB882C2D3A325A481775B0E8800E1B7D0FE5EF9C0E5C1F04EC310BF8FE17A1FA,Footwear,Running Shoes,Zara,Beige,7
3DD10BB4FFEE47F0F39F9E517FD3B606BD8AEAF6C97D87D13C219E0FCC664AAF,Footwear,Running Shoes,Zara,Beige,8
CB6B08FCE5C52BD85A4F8B12506060ED6A6D3D0707FB47D34C4543F9CFE337A0,Footwear,Running Shoes,Zara,Beige,9
F0AE2BA1AE01434C082C1F9F8632F793CF3A72EE5A48D6813CFF7242676D5728,Footwear,Running Shoes,Zara,Black,11
3DFBA9D06B7CA294F39A13A9A2E81CB5DCD056A43746E7A22CE9B324BAEFAECD,Footwear,Running Shoes,Zara,Black,6
D883682AC9D8FF5ED0FC84CD3995ED849CB2C3CED8C0E69F9F4B0F7E51FC8ACC,Footwear,Running Shoes,Zara,Black,7
297DF5452A228C1CDA39601628CFEDE758B88F77A539F0F24EBBC6EF5A309E48,Footwear,Running Shoes,Zara,Black,8
6A0C47CEA31EFD2B25AEAF65E79F6574C621AEC99E9C6036FB25B48844D0400F,Footwear,Running Shoes,Zara,Black,9
5C15957FF0AA0B3C4F6F73ABEA6A2F441F983DF389850947DEC123C482D3441E,Footwear,Running Shoes,Zara,Blue,10
A61A18B78C91F6571A9112AE54B8B7CA413BCF54065DA8F72B0F4F656940F5EA,Footwear,Running Shoes,Zara,Blue,6
865A03ADF7FAC7433C897FF888EC724F230453511C5AECCC154EFFF6F2A9A8F6,Footwear,Running Shoes,Zara,Blue,8
B00D476649B9C0B7A368AD23420B1ED4F1EB08D35F19C405CF56F1B454715955,Footwear,Running Shoes,Zara,Blue,9
D8FF42DB63811405E70A9A81C3CEB7F311AD8B81A69B3428EA79E2932B436ABF,Footwear,Running Shoes,Zara,Brown,6
F0D4C2A8A804FC483523355C29CF3782640057CD17514A5C2FAD31C5116AE772,Footwear,Running Shoes,Zara,Brown,8
69F88902EB9DAEBE015115FAFB5572067E1F1F352ED481DFA3C4E546D75C4E25,Footwear,Running Shoes,Zara,Green,7
0374766CF856F7D3DBA553D58A2DE07B4FD18E13371C9393C354F384E50F8C47,Footwear,Running Shoes,Zara,Green,8
4777EC391D73D9097664AB70315284B210FC8D9AFA30AFDAACE7E3C597D80898,Footwear,Running Shoes,Zara,Green,9
0E26CB06B6CFA8A76B51B670EDFEDA776BDED0199E9A7990B79457BF435E7368,Footwear,Running Shoes,Zara,Grey,9
1E9EED86A5A5301D270300A21B87CB5C3A42DF31CC94E744699D82F8758DEDB3,Footwear,Running Shoes,Zara,Navy,10
28E57FC90C90879F6DB8EF2DFB65ACCFE1D9CF6340707BEC73711CC7E6939FC7,Footwear,Running Shoes,Zara,Navy,6
B7B07ED6E88C882523BF434BF98A3B29BBC6AD0D2DD8B57EF08B6DB427E67630,Footwear,Running Shoes,Zara,Navy,7
DC1E25598C2BD06ADAED899420F647BD3D4912519D37CFABF7099A870F50E384,Footwear,Running Shoes,Zara,Pink,11
1DBEC395B04263615331745AA33CF89924F288D2EA84A8EAD7B9EB539F19B896,Footwear,Running Shoes,Zara,Pink,6
A3DC2E43DDB95981E06D087B4378EF147D115A02117370D5B11A3EC65499FD07,Footwear,Running Shoes,Zara,Red,7
55F394F83E6BF4F8436E3AA5F6F8435FD864CEF9A806115DFEAA75FCE3F50EA7,Footwear,Running Shoes,Zara,White,11
D693B33926672333DF6C571AE07261D1F387AF75EA83CC549834CCC93E03C8A8,Footwear,Running Shoes,Zara,White,7
57489DFCA4E95A49422EBB9647F39DDBB4AC094A6A35EB3148617996C60DCE51,Footwear,Running Shoes,Zara,White,9
59F951F391261426022EA3E27B91140D7DB8B5CB55812BDE26B0566F4280A0AC,Footwear,Running Shoes,Zara,Yellow,10
E63B54E4D799013DAA38F603CF7CA6097DB17542462FB7BF381B761BB4B32B27,Footwear,Running Shoes,Zara,Yellow,7
82158082B9233763DFB8241D13D0D5E4453F20AAF5737518AD75AB8BD9BCF7E6,Footwear,Sandals,Bata,Beige,10
EDF2814CED48273E5BCC27B0DDD7392B7842C6C8FBCEBEE73E8A5EE808AB9AD3,Footwear,Sandals,Bata,Beige,11
3C485B4AA4A9B27714EA02237D85C9750F6BC5B91BDAC46CAAB7B6A4017ABE7A,Footwear,Sandals,Bata,Beige,7
98BE36D6FAED9096C3527373C98B5727F4D5CEBFC09A8891875C8FCF9EC3CA9F,Footwear,Sandals,Bata,Beige,9
7F6905C9892D3853F243E92961E1019FDCC1ACD36D1AA863D365A4D0278C4232,Footwear,Sandals,Bata,Black,10
8CC2C9CAFEABDC769F66542F27C000725CA14977DB0F51CA917002377AF4CC8A,Footwear,Sandals,Bata,Blue,10
75F624F3D8B4C64FBC7DB4E2442B9200CBD1D405DF5497C61376F9E41421DBE7,Footwear,Sandals,Bata,Blue,8
0EC570C3DD09325CBFC8613F3D992EB8C792D3FE47DB005A78FC30F1A3539D07,Footwear,Sandals,Bata,Blue,9
4567E00679F3DB761F2867AF4E732B9221D346500DF786CD29ED11FF4ECD2C2C,Footwear,Sandals,Bata,Brown,10
2D85160B972E865493A4635ED59B3EBB78CC100AF58EDB2EEA052F4F2C2AFE66,Footwear,Sandals,Bata,Brown,6
7B5FEA467D9894167E811BAF75605905300696E0E6CE1312198C2859B50D0C6B,Footwear,Sandals,Bata,Green,10
3905BCC64D8AB08F57964CEA321D471DBFE6889CFF9AF5BF4660592BDC6C37EF,Footwear,Sandals,Bata,Green,11
754E81C370F69D1E202BA50B02321EECA63CCF42820841DB7F8C111320519BDE,Footwear,Sandals,Bata,Green,6
7AF5A7F595917C627E316FBB54327D2FFF1C8098C84355090C4B0AB40F178C15,Footwear,Sandals,Bata,Green,9
36A819C06315F127135288BCC40A3DAF9F98542E8D7452EC2BAB94EF79933C01,Footwear,Sandals,Bata,Grey,10
58AC5ED7D8C9C661EEAB3E94939B05DB43DFF6445319F2540248E98A48DB09FB,Footwear,Sandals,Bata,Grey,7
758A441F326C265BF678F41332F46F520F8C9951315F82301474F6066EBD1DCC,Footwear,Sandals,Bata,Navy,10
952F45BB8CB141DBEBD2C9242AC9DAAC9FE2277F5C27AB588DDD8A3873E2D2EC,Footwear,Sandals,Bata,Navy,6
E665EED7529C2C4BAF708FBF6DC29A43121C89BC2D93EFBFE7FC91C9A3EE8327,Footwear,Sandals,Bata,Pink,11
40A345648BC26813FE765C65C592337D527601173AE7C877B32CA26142C01621,Footwear,Sandals,Bata,Pink,7
395FF971F5C122A6DC588CC1880FDFB66DCB945F7D30C5FC2261EE256EB73CE2,Footwear,Sandals,Bata,Pink,9
0107E3BA782E5512445EAAAA725B0B0990BBEF696C967A9F12F80DB215AB8B15,Footwear,Sandals,Bata,Red,10
0158AEFB3FAC4E6C776E9C9A41BF47C93FA4AD539CE3850CE0A99A02C67417C5,Footwear,Sandals,Bata,Red,6
90F7AEC18676B7714EF7E4638B7CEBAA9088228D26CE360E6262417F1F1AE3CD,Footwear,Sandals,Bata,Red,7
D1D2A8C8D06A901AF795A1EE5B147AFB929A1F92FCA4FFE7834126D6A3094958,Footwear,Sandals,Bata,Red,8
639C41BD105F88F9D22DA677D8A91AC2FE4DA63EBD524AE97A39D0495C1BF7D5,Footwear,Sandals,Bata,Red,9
0A36E08D0EB6D9FB701E387A2F64AB2CC42C01F64C41179FAA73E1F3ED2070A7,Footwear,Sandals,Bata,White,10
456E404A312084DFA6293C501BBCFB0D5F4858EBF085BA35EE51275352AA0A57,Footwear,Sandals,Bata,White,8
0E4D3499202BA7CCC8E050F282EDC97F58D4157DC3A94A6A860A916AD8BC249C,Footwear,Sandals,Bata,Yellow,10
63423AA5FD77C96397FA49CFD2577B8BBFDC4DE08B08FEE75FE99DBF89B42C34,Footwear,Sandals,Bata,Yellow,11
851093DD6285E0D2012242D133E291C90806AAE8222AE2F50DCDD800ED78AF33,Footwear,Sandals,Bata,Yellow,9
148215983E21190A7713309E3853E6171C8F1AA4F4A5D27E8496E58B33447809,Footwear,Sandals,Campus,Beige,10
B9C33D12E935061CB78DC330D081C8BEDB609099609037C800EFB98302251A78,Footwear,Sandals,Campus,Beige,6
31CF7BC66FA24EF313E13AA3D311AC125FA5FDFD199B98EFE0496C1EB9B06647,Footwear,Sandals,Campus,Beige,8
E3F99460ED8FE532000BEF75D90D389A488728EB819080C594CD12CD3D9D569A,Footwear,Sandals,Campus,Black,10
927B997660B37613AE68E31AACC4C50392565CE2DDE7D1AE147D5A1A6DF033F5,Footwear,Sandals,Campus,Black,7
37EE8D8D67CAB8A481D491448BAC5901DC86FFF54845749F41B1A9BB3DF6C6A9,Footwear,Sandals,Campus,Black,9
F24DC89F376274AAE48744C388E81AB5D5542F3546DDF31C2F3048B0D6E4700B,Footwear,Sandals,Campus,Blue,11
7A86E0EA001F0EDD89D548D92FD84A3F47934CF46D8EDF5EB4637466D265EA47,Footwear,Sandals,Campus,Blue,6
99B6F4A838E31050E4F2B8035E3D841C16ADA35787FDB1825EA3551CB990F608,Footwear,Sandals,Campus,Blue,7
4D1C8FDCBEBF59D678709E7C6010BF1D95752B6FBEB164546A41446A61293FA1,Footwear,Sandals,Campus,Blue,9
AEA4AC9EE84513492F49E97946339127C640E48670BCE8A4FD7A29A21EBBB5FA,Footwear,Sandals,Campus,Brown,10
1C293D6B77DF9764921C3924C4A240D3F8E1DAEA75C60E1EFBDF6648F6C5454B,Footwear,Sandals,Campus,Brown,6
CB9607B69FABDC0C553C55BAFBDD664CA32800E806DE33D66A8975FA772E30E4,Footwear,Sandals,Campus,Brown,8
1963FECBC95A1BC99D246D025E8B59AFAF5957CEC20D407F05C2DE4D8C4FC161,Footwear,Sandals,Campus,Brown,9
C2D1CD237489F68FF32A11C884851586D141C63B1EE47B3C9B29AC9D0C6C67E6,Footwear,Sandals,Campus,Green,6
7CD3C734826AFB6DF9D9AEB18E851AC48149B84F93212EFC94291DE2584C55FD,Footwear,Sandals,Campus,Green,7
6203CC2AB63C02DBD64F5A29C68F51B7ACB12B7896CC5045A6EC8BDAAA8984CA,Footwear,Sandals,Campus,Green,8
3A2D57DB69D2C56F620FDB6F4F93CFEAE212E43DFCE38E544EE9AA2BD001D7AF,Footwear,Sandals,Campus,Grey,11
6D2FA87A91766791B2E0486FECB7F47ABCC26E9B4FAF467C64FB4E667F7EDC0B,Footwear,Sandals,Campus,Grey,6
401D6B012A4DA3EF285D09DD4425177797C5C1CBFE663623B7A52136C4D35487,Footwear,Sandals,Campus,Grey,8
9AE6B2427F9D495AD1336CD54D9ABE1A20E0433D22AACE34CB762420ADAEB760,Footwear,Sandals,Campus,Grey,9
A3334641EDDCDBD0830E2DFB260440D940C91C3C92359C975B2EEB5DE68C074E,Footwear,Sandals,Campus,Navy,6
953A421B2FA7016F6A0334FEE65D28FF393CF983229E13F1ED3A061E147F3BE2,Footwear,Sandals,Campus,Navy,7
CFA9703459EE5BD84225B369D387D3E258C2A129AC3A9D3A94612DCC8B4AE6F3,Footwear,Sandals,Campus,Navy,8
C6DD5D26AF6D0D7769BACA04327FF7645EEF2249C5E1C29D5FA5DCF72773C94E,Footwear,Sandals,Campus,Pink,10
231EE843E17765A9A799DD693AFFC9EE4986C4E0AA0C63EE3486A9543DC639AB,Footwear,Sandals,Campus,Pink,11
0BE3F695526EA9B967D93C1F6E1EFACA5B248794410ED6F57C191798561381C5,Footwear,Sandals,Campus,Pink,6
DDD6FE1004C0134A06C0BFA9B3A5B2D3B534330C3DC44DDCBDFD21E6EB4899DF,Footwear,Sandals,Campus,Pink,7
8AEF4B16496D09CB059830B5FC83F627A53B4FE800E4E8BA06C057F2DC7787BF,Footwear,Sandals,Campus,Pink,9
211E2552647FD72357543AD7C3A520B76B55B304F2D1FA498BD7E0E4AA3D6D5D,Footwear,Sandals,Campus,Red,11
5085F728F3AC22B0115FA7E848DED3149719C6493F5605ECBEEB551BCBDF4E11,Footwear,Sandals,Campus,Red,7
75C68C14B83E11E52F347C61D5BF963E0AA705A903492C88328DD9DAC5D477CC,Footwear,Sandals,Campus,Red,8
CFCD9455DC111897F7FDBE415B913CB84967F2A2F57B9AD42282777043E3594A,Footwear,Sandals,Campus,White,11
08E4EF7D771C8FD3405FB95C748D8FF087F834D0D068733433149A30A084DFBD,Footwear,Sandals,Campus,White,8
3BC3624B1937450F0F821E224F58C3FFA3C5744DADFABDF5219DD19770824574,Footwear,Sandals,Campus,White,9
D6C863154EBC219B12E090E03BA4E2B8BE2F773FDCD8E17104EA660B048A0D51,Footwear,Sandals,Campus,Yellow,10
391D5A3A49CF6D0545F66741BEF4E5081C81DB61E5937046994EEF42D775D61C,Footwear,Sandals,Campus,Yellow,7
166EC46D6B5EC569A7EA0C6E27CC3500A61227960DC02A9E2E94451553992500,Footwear,Sandals,Campus,Yellow,9
4DDFF42B3DBD87552FB5901B8E65277A45AFDA5A376BE8888BE852A7A5CA4E6E,Footwear,Sandals,H&M,Beige,10
CAC7DD6AC465602DF967B5F22C47A1D891D84206DE7C3CF86FF828D2FEC3381B,Footwear,Sandals,H&M,Beige,6
B209DEB740F0B834D69EABCC49BD65D5F4E8386A5C70021AEF209DECF137B5B0,Footwear,Sandals,H&M,Beige,7
9CD3ADE2A3AEF82821328F0FAFD490A9B269D8924AAE5881F895D7178EE4B353,Footwear,Sandals,H&M,Beige,9
54131CDD03956B96C919461C072261DF9A8BB370DF7CE47F9721289854F95BDA,Footwear,Sandals,H&M,Black,8
63B21741657EA5669E5D746A828583842C47E16BA9CAFD02B1E9623F7BB1C415,Footwear,Sandals,H&M,Black,9
5031F8EA3EEFD71D25053A6EDB75785CF5EA6929A586662364CF28548594014E,Footwear,Sandals,H&M,Blue,11
C69DE552211C9EB41452EDACD2B80DED9E5DE6C89A1A1A3B7735C297A36F13C9,Footwear,Sandals,H&M,Blue,6
949E80D43371A9BDF831B6E94448FC6F18457BAAFE46F51680FC3EFB155B877B,Footwear,Sandals,H&M,Blue,8
78B49513846B5E7D8BB41B860ADD47A398597A6DFCFDB3A248381FE27ACE53FF,Footwear,Sandals,H&M,Blue,9
7DC0F433CFA7B54463926912F2849F5D1326EAEA82C007660613E2FAEE408B46,Footwear,Sandals,H&M,Brown,10
CB515D7D0D7E6C7F6C80D3FD6FA2E7717D62ED7F94B359785E10D4259F32361D,Footwear,Sandals,H&M,Brown,11
300C32B07E24DD37B71066BDDF9D5379A15E4910AAEF250AE20366FE1CCEB208,Footwear,Sandals,H&M,Green,6
19AD8B6577E18746659FD56931EFD97A52A0FE4965BB661E30DCCBCA6CE4A49B,Footwear,Sandals,H&M,Green,7
EC477B51C26E4EFCCD71751358B887BD3C0B4A0FD3CB848683DB957A6B4E46DC,Footwear,Sandals,H&M,Green,8
9FDE230531D8BDC79F323BB29E170905F7805EA13C7BA6A942D70A32F8F7BFEE,Footwear,Sandals,H&M,Green,9
51C6B0C34570518042ED99368630C849B24243E70D57F4635A3FDDBEC3F1166B,Footwear,Sandals,H&M,Grey,10
C06824992B717658387C73CC5E60B35EDDBA4E102457AD7BFDC66A6FA35F6A6C,Footwear,Sandals,H&M,Grey,6
9038658934B2FE8A148462E3EDF8497A6AF2E21BDD241041EDEDD754B382147B,Footwear,Sandals,H&M,Grey,7
32AF1933E9F52D976E679C11565081FD0EF64C9B703760D89FE3832D7EDB108E,Footwear,Sandals,H&M,Grey,9
2D39E26316272BA4855A79AE67B4E5182B4A976A078A34A709AEBFACAED35878,Footwear,Sandals,H&M,Navy,7
0FB59872B599360E774870AA158F9A21E5698C23D443E7A15D1B7C12A3FA16E0,Footwear,Sandals,H&M,Navy,8
7020F94830C83EA7828C542AADB29322FD6CC2DC4703825870863C043484CE57,Footwear,Sandals,H&M,Pink,11
358012320E1097518ECB48B80E83450E00FC862761987139E1A1A53D138F1CE1,Footwear,Sandals,H&M,Pink,6
4BFB69520E67A8C122AFDBBA70CC7AEFFD851E9DF1432E599AC6BCEC28B12884,Footwear,Sandals,H&M,Pink,8
1DB0AEEEC4CBA873EC998A4078A0C851214028EE736C846C692951D4B6376C2D,Footwear,Sandals,H&M,Red,10
294DB62E152E279E426AE3524C8EE8E684364B8CE61E728ED508C2041122AAD3,Footwear,Sandals,H&M,Red,8
1590DD4B8BB6C00EA476CB10139B0103777019A3851FAC5669A70257B61AEFD4,Footwear,Sandals,H&M,Red,9
23996E49089F34EC1B9B8CAE04D06ED30AEC657E8B3F4F1A15E9C62F89630E49,Footwear,Sandals,H&M,White,10
FAAA5F2AB6589BB2B8DC8847E7203C3E73B2E9E5F0EBD627A379C94A8C8D9596,Footwear,Sandals,H&M,White,11
1DFB42E46C2DA169A2A0F8D1D2251B6AA1B9390C17A106E49C9A35A8BFCAD6D8,Footwear,Sandals,H&M,White,7
608CFA5621AEB266B701B6C450C11B1EC2F2D3314509F8B727B5753A2A11C0DB,Footwear,Sandals,H&M,White,8
E3D103B8842B9C2725BDADF4F5E9DEB4F98D0D178A90F868CD664BDCB279A1AF,Footwear,Sandals,H&M,Yellow,10
A6B8CBDEA59542C9005718C51092947A6112E032FEAEE64AD639CC17B82324E7,Footwear,Sandals,H&M,Yellow,11
70D79CF81D9B1494BC64CF5B80309EC77B60D94A7C66570EA58A9F7AAE38613D,Footwear,Sandals,H&M,Yellow,6
CE70E7CB97F98F0BC03544597C881A8091BF03B9633C14598A98E8D0CB1D1EA9,Footwear,Sandals,H&M,Yellow,7
5B1512959C2318653B9E1DCEC928F38C407F1396E3EC96528AC6AD3FF8768F1C,Footwear,Sandals,H&M,Yellow,8
7E85BE86B5099E94DB6EF81B5D1A1EFB0A112DD24E40BA9508F52A085C028AAE,Footwear,Sandals,HRX,Beige,11
F91CEE421EBB65892B66803F95DCB2A8FF80838A55A16B2E23B1670A6B4738DA,Footwear,Sandals,HRX,Beige,6
308D09D342D94EAACE0E01BAF5067CB86654E21893501B28F1BF28CED793AE1C,Footwear,Sandals,HRX,Beige,7
685A671C77612F39C55DA50EBC62AAFA6D3F27FCD3493E7B0CE6BBB5E66B7F3B,Footwear,Sandals,HRX,Beige,8
715476B83A1AC9905719BA4E89984ACEF29AE3CA26A77FE08F8A3E7398F9A0A5,Footwear,Sandals,HRX,Beige,9
D837B9BE1B3D361DDA8483FC698DB5D611E94433CC6B26F5D146FD9CC450D1F4,Footwear,Sandals,HRX,Black,8
39ACD39DC82A30D61164C51F990E3CD848ACF6192E10D8849CAFB1DF30799FE3,Footwear,Sandals,HRX,Black,9
A24ABA51B13D459DC57B96600E33FD13C062DA6014FAED219D71C50F00E2C274,Footwear,Sandals,HRX,Blue,6
B56B1D9EF032FD8098EEFD602A5FD53E132577C07AED815D9562BA609764ADA1,Footwear,Sandals,HRX,Blue,8
A08F917B746363A170633F9BF4F8768C37E26A33CC09628F37491E8972FDC087,Footwear,Sandals,HRX,Blue,9
E8DAF02A7CD63DA515C9C8CC9CFD6FC6E168B3CD68FB843C15963A5BE31D47BE,Footwear,Sandals,HRX,Brown,10
D4ABD116F2AC21A46EEE2D459E3AB4DE0FB1CFC2DF3CDCCE50BCFC441141357E,Footwear,Sandals,HRX,Brown,11
F40E2499B3828E6A62983A2309356FC92C9B37DC26085D75DC57FA7AAF37A20B,Footwear,Sandals,HRX,Brown,6
41B884753B68FE4D8273701682D9BBE1A04EEE1209A8E9E8F557303DB7E7F8D3,Footwear,Sandals,HRX,Brown,7
9579C0498A0856DC43436395E290B5861AC66F251E780DA6A1EFF6498834C3EB,Footwear,Sandals,HRX,Brown,8
53A55D3C9226076E20866610825E23490B12D746C149EA81F7616E5CA8E26B53,Footwear,Sandals,HRX,Brown,9
CA7F72F4376E5591CA97DD2816E9B752F1C2337381080DFACABFD133A57C462D,Footwear,Sandals,HRX,Green,11
6BB20D8D102AD22B1FF2A5B8B2423920CC0B03F92DE007098C677C8C732D8B61,Footwear,Sandals,HRX,Green,7
59F4F313009CCBC4C9D201A80B30FA7DE7C73DCC4BCFE337D50E08CFEAB48AF2,Footwear,Sandals,HRX,Green,8
9A20B383D9AC9CB1EC283A487C54C90DD06D2BCA5FF432F4645062780139D1FA,Footwear,Sandals,HRX,Grey,6
0F5E8939E7800BA778A205021A040727050D0EF56451213BB61111EE24A411C0,Footwear,Sandals,HRX,Grey,8
E0AB1B0379CFB2E2002B6497D6EF0EA3707227E4AD9CA30DD46371D1E92428B7,Footwear,Sandals,HRX,Navy,11
7C35B826385DE95F0324CF4956ADF52CEEF21AEC2B78CB2C798CEEACDD3A7312,Footwear,Sandals,HRX,Navy,6
B76E3B28D80D6C1D8E66A83E8DA9A162607EE15B655FAA0F7EDB9B619938B30E,Footwear,Sandals,HRX,Navy,7
B237F7816043452CAF4C0D44BB6E57D4EEF16D9E4F9738A75B026D156B8672B2,Footwear,Sandals,HRX,Navy,9
B798DAF99C90C66FCC7B29F779199F4DC8B3902A665B257ED3ABB9465F816C4C,Footwear,Sandals,HRX,Pink,10
A274937C94506DFF789B6C8B9E693EDB1428594F8E88D0CD7CD8E7DF8A79130A,Footwear,Sandals,HRX,Pink,11
38E5F199EE3076F4EE06095169E68E635ADFBD9C0C06CE59B82E9F0BB93DED73,Footwear,Sandals,HRX,Pink,8
B0EA14F84A839C1A955110F8D86395EED0B85A59C26C598DAFE06DA4442810CD,Footwear,Sandals,HRX,Red,10
5F0024C3BC9A76250B74FE16BE8184BB94B5E53BB9F4FD4B9A7D077B58BF2FD6,Footwear,Sandals,HRX,Red,11
7375DE4BD6A7F23EFFA30619DA3AC6164244BA1B34E23A1393C109BA9592E698,Footwear,Sandals,HRX,Red,7
5AC2DAB868CE23325B35EF426C723C0D2B32862FA6506EB767A5179B9AA81F39,Footwear,Sandals,HRX,White,10
C7F29C6A32E6AB90E84BDBE847B517D76CE5DC926CE80081E9BF9B16B5CCFB2B,Footwear,Sandals,HRX,White,7
01412D901503F4F9EA80B70FF5D830CF31AE1A0BAC5F20E7D3F76B6B0EB3FC1A,Footwear,Sandals,HRX,White,8
4B368F9BB53FE54250866E6E7347F772AB136A70E966B58661C5C32DFC691111,Footwear,Sandals,HRX,Yellow,10
59DF2B06FC4EEABA74EE4D1370A34A36416C25FDBBAFD2295BC94CDFAA2C066C,Footwear,Sandals,HRX,Yellow,11
BC904F81672033CFA6509458565932EABE9764A3BB0DE62C2F9FA61B7F25491C,Footwear,Sandals,HRX,Yellow,8
BEE336B78858DCA0E36619621B1CB28D5A5EDE18F44D7F244360AF1EA9A51FB4,Footwear,Sandals,HRX,Yellow,9
FB7CC33316D1736D5DFEC7954BF095A43654BDC7FDAB389C2DD80739C5D26899,Footwear,Sandals,Max,Beige,6
2F3C4BAA6CB32A827E4A4F9A9DC4D40D2D56EBAACB80E03F5908374D3CB6C5EB,Footwear,Sandals,Max,Beige,7
223862E5DD8BF62D06714DA2E82A3BA9FCFD47CC17915B2F7A57AA36BB878E23,Footwear,Sandals,Max,Beige,8
4D71255DA5900A8F668DD2B1EC081CFBEC33E922AE38383EFF3C8791BE3F9EBB,Footwear,Sandals,Max,Beige,9
B69D36DB5C53FAED2C113324A3D6FDDA33025C2A75B347DD1F50ACC5AF2E0DAA,Footwear,Sandals,Max,Black,10
D7C188A5237FCD7232B94E22CCB8432A95CFF3BE90A552EAE255740AA2877CBC,Footwear,Sandals,Max,Black,7
DF07094448755FF644BEADF8D30C54E7E873C24F240B8DFF632A691181781A74,Footwear,Sandals,Max,Black,9
9C1F4ECBD83697C92D1D9736818A61947FDFDF34FD32336E140D5E935B3EDC23,Footwear,Sandals,Max,Blue,9
E26E45BAD71C9D7C63BC240EC9E00DED263C6D2E8EEBE3C63D3FD6C77B1F62BC,Footwear,Sandals,Max,Brown,10
366AB007921377B47CEF66DB419815C04F1C04F1D7D0B783F10D5F8BDABFD5F9,Footwear,Sandals,Max,Brown,11
BAA7D3F9501C35A1D127361CD94998B0DE2715960671D91D2BDF0EBFA89B443C,Footwear,Sandals,Max,Brown,8
3BFA27475B9EDC643AA56ED220DEBEA13F54416446D6CBCE7401ECAD8789B97B,Footwear,Sandals,Max,Brown,9
94EAC30BFB724C96C02D3EEE1E4749D96832E16B322B6B94B0571FA34327B008,Footwear,Sandals,Max,Green,11
3C8B04CD6DDDE7809557AE02F1293238646AEAC02E97525D304338FF835D6367,Footwear,Sandals,Max,Green,6
BF1EC79C86B744A8F1006A6C76A6C8433C92623A77E299BD88065000AE84823B,Footwear,Sandals,Max,Green,8
BE9A460797F8776E1C6292DD1175FA628B02BECE49430813F3D2946CDD3C897B,Footwear,Sandals,Max,Grey,10
BD8FF6459618949C5C5FD3284CDAE55ED8D0BCF3492A16569F5D1DD43452D74B,Footwear,Sandals,Max,Grey,6
77C55010E2D12EB4FA5BA526C3027D4319E634CD8CE36857C66540ED5C47166B,Footwear,Sandals,Max,Navy,11
BBBE0D8BA7F53DF6BA4EB7FF39324447E4D42A90EFC8AFDD38EF036D49F5EF0D,Footwear,Sandals,Max,Navy,7
6F3FB8FB8664C803E819CF379C5A7DE6C59556D9BCD98B0EEA35B53D35655BE9,Footwear,Sandals,Max,Pink,6
19E39F1EE8760051F34C2AD8FA181E8D4D04107D98E91F3465F472D39FB9F6EA,Footwear,Sandals,Max,Pink,7
28432B452BEFDD7B5DD2BEBA11F857A4E1DDDADB3DBFF9BCEBF408E50F047706,Footwear,Sandals,Max,Pink,8
974E3AE1C4AA31547ECD937F324926873383B6C02243BD298768BA18E26E1197,Footwear,Sandals,Max,Pink,9
C7CB4D516B08F051186A05CFB3B39231CBBA83E10FE73F49341D7BDF0B08352F,Footwear,Sandals,Max,Red,10
30FB398F61F5C3D58820401C90E8AC7B11775A4415CF92D19D87436E87AC74D7,Footwear,Sandals,Max,Red,6
7BE4AB15F87EB42DB3A05AA9EC5E846CF1D5C2F80B25964C5804ACBFDB9CAA6B,Footwear,Sandals,Max,Red,7
C8A2B8D08B5760DD8CEDEA637C41BBB5769A95E4D25A15C8DE72A95FACB8057B,Footwear,Sandals,Max,Red,8
A942C2E5BF56C29CD0E1B3F3BF20DD5A0904D3307CBD70A111C7F6C8C42301FB,Footwear,Sandals,Max,White,6
B44E7D7C615990CEA99957B45FE8FDDB602381969A2589DCE8163F6D99F8F8D1,Footwear,Sandals,Max,White,7
3E8BAC53B8E08490ED99F220334E694CC4A31B7D2AF7B434E4A541F6DDD1E520,Footwear,Sandals,Max,Yellow,6
DAFDE05FA22D0045BB4AAEE5EF736F1A467B9C67D7F0FA8203DF8E5B03EA271D,Footwear,Sandals,Max,Yellow,9
6E62C0ADED6E7F84051163FA24FC8D2D53DAC0B6CF03DD09F18A2FD887B52B63,Footwear,Sandals,Nike,Beige,11
8D5D6B808E82B1A666A01DB4120D944550A609AC4E9FCA4B6A87E7957D964D74,Footwear,Sandals,Nike,Beige,6
BC69044384577766540BD4A7B81E175B09507C2E79B943075E252C247F1A9159,Footwear,Sandals,Nike,Beige,8
ADEEBE3C828BD730E5F81F15E71CF1C970A8C8E8165072DBBCF85918B8E24C46,Footwear,Sandals,Nike,Beige,9
0C4CF498C1B81192A1ABA888667F04B15DBE676681B7C623E3BFD593036FA3B9,Footwear,Sandals,Nike,Black,10
62183FCDD9A24A7565D3EC3F95D76F8F8CC21DCCB251B841D4F8CE26D58B9DAA,Footwear,Sandals,Nike,Black,11
82B8F8997F29234B5B975DE5B46DDBFBC2AC87B2B334EE2696E3CC056D1A7BC7,Footwear,Sandals,Nike,Black,6
8A2B920A2B1EB9F3967EDF800D800598818FF8F75B67AE001D40B1584D54CE0D,Footwear,Sandals,Nike,Blue,10
B74D41FE02FFAE792DAD4E3501E2146237BDB15A59FE5BB2583F1E4EABE8C9F5,Footwear,Sandals,Nike,Blue,11
87124A36AFBEBB494728CBFD9A0F9CDD6139B49D131678BDDBC3E9AF3C3D47CC,Footwear,Sandals,Nike,Blue,6
CE7AE395C883C44B28FABB32C9447DEE6220445F6FD525D716E9F7C7C046BFAA,Footwear,Sandals,Nike,Blue,8
6111FE584AC8E4F1F95A9D74E8D4784E203B95F1D2EB169759100688B1A6C45F,Footwear,Sandals,Nike,Brown,11
6712CFD20456EA2198FD369F3042066760D1B35909A2FC2B0299AE9A155B0405,Footwear,Sandals,Nike,Brown,6
08F70B67D0B97151C740967E17F26A4A81080EDB3C4AB81C24BF6C44927958A7,Footwear,Sandals,Nike,Brown,9
ECC1C88F9E31799B0A97D78808C7783C29016907C8259A7D6AE3256F61EE8174,Footwear,Sandals,Nike,Green,10
FD4C99EEA7CC5CB77B876D381B3DAD2579437903359145F5FBEDA013E824358F,Footwear,Sandals,Nike,Green,9
09C7BBA95157ADFE7B9815F4DFEC3A2887475F56470ECAEEBEDF56457D8D23CE,Footwear,Sandals,Nike,Grey,10
D1DA31D9C1B63C3B99805AC659ADAB9636875E6A422FD0BEC3F7D4406E6CF356,Footwear,Sandals,Nike,Grey,8
02EBD394FF0F48898148D940D659B3DA27FCED1560267AAF35843AEAB9419FDB,Footwear,Sandals,Nike,Navy,10
ACBCD5A8F1EC00602692BC370BF16B9FE64A5E3BF7BD5D3C44DA2EE6942F3057,Footwear,Sandals,Nike,Navy,9
0C3521CC3B1AF58AD8A2349FA4534D70290D07033A499CF55A1D8BA2B7450B1D,Footwear,Sandals,Nike,Pink,10
6085B2E593EBD33DE71A8E762469AA38B4ED048E743DED9F1E31D25F6B118A6D,Footwear,Sandals,Nike,Pink,11
64F562E14C88EF590DBA821BC4F40514A8C36216D582347F0DDC9F3E516CC089,Footwear,Sandals,Nike,Pink,7
CA4A7B79BABA6D9E8CBF63D0A2A623BB132336D877881FF6606B59F3F04EC7A5,Footwear,Sandals,Nike,Pink,9
0F5FD776A7C5A67CBCB71CCBDC50BB854F307C9817BB903A1309A34FD2C78D09,Footwear,Sandals,Nike,Red,11
42608D21543CEDA703C55DCCD78486C85039D233D6202CAA02BAF8D79CD0E5DB,Footwear,Sandals,Nike,Red,7
A2C38191AC943F1DF52969784ABAB283A44D48493BCDB9D84B13F97CC5FA4916,Footwear,Sandals,Nike,White,10
E83CC762FA450346AD12C2C93FB3CFDC28A973327BA3B2BCDF91AFB90DC36C93,Footwear,Sandals,Nike,White,11
BDF0508899C5E22141A5E396B06ABE9AB90089527432C661AAACD83B2E3E2DDC,Footwear,Sandals,Nike,White,8
D5A81402D0EC32EBA4E0C4BB169CE7411E7F95FFF6C51F305B441F06BC15B265,Footwear,Sandals,Nike,Yellow,10
C0BFA9A11C121B86398CCB2F9C1D046B6001E825A1F072996947056EE050FAA6,Footwear,Sandals,Nike,Yellow,11
A6903F1914CE518140544947FE96C53016F31127DAD3DC89BB2F738813092A01,Footwear,Sandals,Nike,Yellow,9
02AB42776CF921084A125BE2ABE3BAFA2001477B68D6FFF35CF57E4C8D47F150,Footwear,Sandals,Puma,Beige,10
41D5EDD8A837B0EC81CAEEF0A7D1A680CEBA3E17E2A10810166A1EE58EC90EA5,Footwear,Sandals,Puma,Beige,6
ADE7B4AE94FA8ECD14E1ECD1C3DA0B392A39A9C740D797FD4F9AD61BA414C317,Footwear,Sandals,Puma,Black,11
93B08195DC772BC677B73ABA592829FD42AAA640D5AAE45284E85ECFE9461CB5,Footwear,Sandals,Puma,Black,6
38B4F3DAAE9D697139773320FF8C7C10052BE272CCB7E3D769AD5D0388F7AFB9,Footwear,Sandals,Puma,Black,9
A685A7C327E3090679483BD07B96FF85862459493A61FE3D31C416F8024721D1,Footwear,Sandals,Puma,Blue,10
2735E89C35F59211D71DE26669F56C219C1EC7A0CA55AE99F9264179179B7F46,Footwear,Sandals,Puma,Blue,6
32B718D7A197D8EF832DEC30F79AC9611400464C1F9ABC4DE02F57BCAEB90951,Footwear,Sandals,Puma,Blue,7
AB0CED615A34AEF1737124DC5B2CCB8DE1215D06BE9AF6E7A126C7B962D745B3,Footwear,Sandals,Puma,Blue,8
39E02C31C6F76F572E5E850B17292A4C560BF9F9308B52E4F25A0882A83D9512,Footwear,Sandals,Puma,Blue,9
BE882D72B9D4AD79091908C27421B222975FDBAB2CEAB61399E935836EDFB4BB,Footwear,Sandals,Puma,Brown,10
73201C52CACBA3487F845C50DA979CFF727BCDD8C76A0A2E91D3D501A9A5C148,Footwear,Sandals,Puma,Brown,11
8F7A0215CAD2A88CA328C431E7ECFF16D45ECB1BFB4C106D5B95B021034DD1F6,Footwear,Sandals,Puma,Brown,6
42E3EDD85200B4FEB1AF2FCD44AE9DB1D764D4A63287DC2B4EA128E7B08FFB70,Footwear,Sandals,Puma,Brown,8
C0037AF2E3568C1B91FCD234C2EC68F543E04F5158D7C82C521E30FFF4E6BB6F,Footwear,Sandals,Puma,Brown,9
871EB3DE2499AC9ABE05530883B76BB5459F8F32B1A82528AC3BC6FEF0DB1448,Footwear,Sandals,Puma,Green,10
DC0B3269FBB0C99359F7FB3C1BFC2824415C9D2F427E0D9B18DF511C863578E4,Footwear,Sandals,Puma,Green,11
F9FCBE49E10AAE85B988AAE7295462D41B8C145FCA229ACC1CC489D511E7A9F3,Footwear,Sandals,Puma,Green,8
70E3F4082CBF3F877B7A572B05885BD1AE57464AF087C44C878042AE7D6686BC,Footwear,Sandals,Puma,Green,9
A92ACB9DF820C5D0E1E05CA3F1D593C4481E00BDCEB21F744E542403D8C15897,Footwear,Sandals,Puma,Grey,10
E4D81D137093ECB9EA2FE77F6FDE3D87DC8EE8A82ED330F6F750B072AEF8194D,Footwear,Sandals,Puma,Grey,11
225FFA73BD0A894009DD141E2B0F4E03CDDC9A376917AE518E4515362FD82344,Footwear,Sandals,Puma,Grey,6
02FDD2161162CD70014F8034B5B7695CD90563F4C2D254928D7AC4448F25F689,Footwear,Sandals,Puma,Grey,8
D456DF3872F3B52DEF8DEA08B921273B55164599FFB710BC67CF32B3F2E5390C,Footwear,Sandals,Puma,Grey,9
1DB4D2E56259828E3ADFDAF630E7C9E5776E81E3224A2A1EBD3DDDB8A95ED113,Footwear,Sandals,Puma,Navy,9
98A21A1D59CBADAF285C8AA2C270A758D08E843BA6F946B334DD25BD8284693F,Footwear,Sandals,Puma,Pink,10
B73BD22DB30CDA19CB91A07C41E34D71CC55BED1D96306DAC0735E8D7B3D27C8,Footwear,Sandals,Puma,Pink,11
F69BCC7F7135E6091D896B1936E15D06B89E9ED052D7E83EF666EEFE76D74B69,Footwear,Sandals,Puma,Pink,6
1B2D56827C100912785371CAB64835351B76113BCA8FA9470D13051425EB643A,Footwear,Sandals,Puma,Pink,9
55A2916F1BF6C008ED978D8417F09948B8D71C3E0D14E1FE79A37894977BF80C,Footwear,Sandals,Puma,Red,11
C1EC4EA8AD929A686AFFA1A3A9DB3E8605E47423C0C33B6D76E6CF5782051B45,Footwear,Sandals,Puma,Red,6
11DF2A2DCEE1649C0B4BECB89BAE7ABCD766D296AA3C96B297F0C5E976C20219,Footwear,Sandals,Puma,White,10
9E58120F0A7DD0D9796769B31F7B75017FB5EB8F11BF4B69D9BD97E827612796,Footwear,Sandals,Puma,White,6
A64BD7DC6F43D1C64AFBA89CE48BBEB8AF66162D5C284E2C15E19735C821BC21,Footwear,Sandals,Puma,White,7
E4BA2B18AB4B1D77D76E41541492300460B72F26E4E8870AEAB3EB0109985951,Footwear,Sandals,Puma,White,8
D42BCC2155B3193DCED40251620CDC2BE23CEAC3F6AB3571381525165B6179A7,Footwear,Sandals,Puma,White,9
F886D61A3C309823529D307FF75DFBB9F777A1A8B335338BEC601896A5541A97,Footwear,Sandals,Puma,Yellow,10
FC6553DF14223F96E8F8E4D6AD4741B88DD6F3A3AADBBE2139DDB18ABECECE8B,Footwear,Sandals,Puma,Yellow,6
36B6E64B521C9041DBDF666C5864CA0A60D3D6899088C8743D6E0D8F44A3155F,Footwear,Sandals,Puma,Yellow,8
FB36CFBEED2A1A9813BB63EF07901866A03EE72B91D57B3FA183C9D47BC43F4C,Footwear,Sandals,Roadster,Beige,6
EF0DE7E778E56378FDFA0E6194EE385E302C323C4388F678C1BE0353B468353A,Footwear,Sandals,Roadster,Beige,7
654E00B9EF9B17C568E57749BF4EC17187E03F8217C6B189DDDC4F4A7484BCCF,Footwear,Sandals,Roadster,Beige,8
9C4A5FBD213CCB9C98B4176BB525EA633DB5F4741843E3AEF8362CA1EBB3A9A4,Footwear,Sandals,Roadster,Black,11
613127B0D64C31F1EAB4D336E62D024D297995093B7430AE68F950F7258640F2,Footwear,Sandals,Roadster,Black,6
25517EB0FBC1072C643C34B16C43869C3FADCB7D667C51FB45930730200C8A2B,Footwear,Sandals,Roadster,Black,7
9954B2E00308E6A4B1F6D32BD28301D46F70D5C7BA3016DAF69F3B292D087529,Footwear,Sandals,Roadster,Black,9
B4063A789A4AA35FC2484CF8B431FAD5FF12E98F30F3FE5C98860EF75B9340C2,Footwear,Sandals,Roadster,Blue,8
E07C63994E6141AF4CC722858F8C3CC5AC1053FC69DA4F1D3378621B4E28FA05,Footwear,Sandals,Roadster,Brown,6
22335875A6EA1EF9E426FD327BF0A4105CC4EE9E55AF76E6DACD4FF3EE09F009,Footwear,Sandals,Roadster,Brown,8
9FD74321B1CDCAD4A1C3CE81F8915DE33DCEF0281E4D918240EE93AA7F821E4E,Footwear,Sandals,Roadster,Brown,9
91806F3B5F30CA8C4620DEE4461972B3153DF218889E806C9BD07EACD37F6012,Footwear,Sandals,Roadster,Green,10
265C07EE67338098340291521378E1CF46BDB65DFC08A59FF6C0090F43209757,Footwear,Sandals,Roadster,Green,7
8900774F248D9926E7CB75DBFBA7D31673143B2C7B86F076FFAEE1E696E24205,Footwear,Sandals,Roadster,Green,8
C64FB2379BEEADE11C475D415F5E2A433818112970C084D6DAE3613F69D2A49C,Footwear,Sandals,Roadster,Green,9
FFC0B0101FFE7B11F4FF983EA6EA78F102DA4136F9D90153CB008CF41EA63097,Footwear,Sandals,Roadster,Grey,10
5ABF1C78FA0D41B97DD03AD098DE31EEA375BB51B324ED88E3D48B99F42481B8,Footwear,Sandals,Roadster,Grey,11
2005AA162CF33F9A0812765EEAFB0CD4E7D36178A51C51C93F0FBEAF72E21BA0,Footwear,Sandals,Roadster,Grey,9
BC46870915A9CEE27A875C7AF2FE4CEE8F33FCFE2F263BFF247B6245C67453F4,Footwear,Sandals,Roadster,Navy,11
0075B3DEFCD24B72F0BD283D683A84346EC414418C1A86CF82588FA05441CC99,Footwear,Sandals,Roadster,Navy,7
9963798B23B526183A618B00C58D57B70679F08856AB788976A14490D757D952,Footwear,Sandals,Roadster,Navy,9
65D8982CF7AA6F67AC747E009A5594757B777B59AC0A1224FE37D288D2966483,Footwear,Sandals,Roadster,Pink,10
E8A62D74675974C8293390D2CF98418400D72AD8F7BB5A82B2E9F0940E544C0B,Footwear,Sandals,Roadster,Pink,11
B43737EACABA57D4081B6A1047718004DDC07B2B0E01A850DFAFF5A9A17C6F18,Footwear,Sandals,Roadster,Pink,6
56EBB8B0D8476D8B8F80675B904B50833CB5562E5CF2B9EA8CA345D73BFC4C6A,Footwear,Sandals,Roadster,Pink,9
3A2428BA69C8F22D3778450BC1A0B237F4CE6C28676F88F86310DBBA6AFC5255,Footwear,Sandals,Roadster,Red,10
E7DFC36649D991E62BF4AE4AB1F94139BC31BD1AB3AF331EE10DAE72C1F68B2D,Footwear,Sandals,Roadster,Red,11
A749254BAE0A22E7AA737E471A9E4D267B14C881709EDCF82A99E5297362DE18,Footwear,Sandals,Roadster,Red,6
7EA92F9F76203C101D56B43BC241AB60D5380543B5CF1F8A29A6D9DC74E5C9C2,Footwear,Sandals,Roadster,Red,7
F664B8E85185092DF154F3FBEF091F0E9F0B563243C8E490ED79C9C4A2DFDAEC,Footwear,Sandals,Roadster,Red,9
1AB57C1EB40563B3DA1482EB488EB8A2C418012F52C83F605868530A606B723A,Footwear,Sandals,Roadster,White,11
6FD59B6B3B0A603F2DB8AD87D763783F3E00B801CB722DD485D24A4C6DD5E6A9,Footwear,Sandals,Roadster,White,6
9F4E215E174EFA684DA02B2C452723CE623D09E28883BCEAF5C070AFBC9AE3D0,Footwear,Sandals,Roadster,White,7
19E46468BA6D55F3DB14178461B5B890B9D716F338017DEF205F91AA6525756E,Footwear,Sandals,Roadster,White,9
83D4BF8BF91F7C104E3A53C399CA84E1C27B46D9F532CD76A73D9ECC9857F8A5,Footwear,Sandals,Roadster,Yellow,10
867CCDD08A2E60F4114F35134F6932D15353BBD446EB56419A6340DAF0D5B69F,Footwear,Sandals,Roadster,Yellow,7
679623B0E9828DD563FD1DB2C0FF872206F5059D5B2FB79D8BB00CC03CA2DD94,Footwear,Sandals,Roadster,Yellow,8
8BF0CE868EF7AE11AE869A9971F39C78704934BA528D18FFDA003FB6D7B2830F,Footwear,Sandals,US Polo,Beige,7
76E993C73EC088327EEB83B2D07E93E8323A802CF10ABD9BE4620BA2499DA42E,Footwear,Sandals,US Polo,Beige,8
C386D7CD9CD759F3C414E5C35766FC4F84930871FA9EB6366E0DE80E3ED82F9C,Footwear,Sandals,US Polo,Beige,9
6F91EC0B14249C7557C9478745EF2A154587AD0ADE6C4A9EB5208FE640B94A17,Footwear,Sandals,US Polo,Black,7
1DD7E4C07CC7AEB4CCAFA54DCAC6E24E69E090D02A1E2DFF519CD5E4CC72B5A8,Footwear,Sandals,US Polo,Black,9
7BD3246D393329582AD61F247CD08AC561A19EB210EDE40B869BE6F151B142AD,Footwear,Sandals,US Polo,Blue,6
88D161C42D6340DF2B834E2E92F58DA7207E92025195299452D704BC868EFBAF,Footwear,Sandals,US Polo,Blue,8
1D7403842E6C938920EC75AF90E3605C390D3CC54B952FCB6EC8E318E518F19B,Footwear,Sandals,US Polo,Blue,9
9775BAEABE97B6ACF66ABF14E18267E4223FCAC6FF889CF46977532C321C7675,Footwear,Sandals,US Polo,Brown,10
2A3F9241277D86DF7E3C619D358A983E2EEFF13BA3052AC9A0FA714F44803703,Footwear,Sandals,US Polo,Brown,11
BD27AEFCD84050A73F80D776A1A8C5F83F6D2B073C84EF0A0029DF51F292EF89,Footwear,Sandals,US Polo,Brown,7
F545A7368DD93D49F45CA8FE74FD5334A4862A874049F81C008FF633E70055B2,Footwear,Sandals,US Polo,Brown,8
59558C62963D2E08B3DF180E7AEC26C5D281858D1250F9FEF7495D8E2CB1212E,Footwear,Sandals,US Polo,Brown,9
17B88E7B108DD1FFB89A6F3084B41859DC95062F185CA5AE88050D23AF35DA73,Footwear,Sandals,US Polo,Green,10
EA94AB82F9D6DBE0A17C5A5123599F44C8C8186008FA684F87BA0E93A0176005,Footwear,Sandals,US Polo,Green,11
A2A2D5C547777ED20DF71BF05CC2E68970AB527C8BB25AFB10E6F8085E139F40,Footwear,Sandals,US Polo,Green,6
DEF49DABA29B2BB6AC9F2C98D04B3F8330621A7889966ECD0426ABC4408B7348,Footwear,Sandals,US Polo,Grey,11
4E9C395532150ABBA99DCC14799D06FCF0B2C30AD8D0FDEFD316FB8F3A238D61,Footwear,Sandals,US Polo,Grey,6
1A75F3724F4BA766840DB4E95FB8A1024EF0AE75035431BBCA29C7F4B2FDE3A1,Footwear,Sandals,US Polo,Grey,8
E3D611CFF8F6B71F876291486BC07DA160006DC3B99255BF565CB1187F956ED7,Footwear,Sandals,US Polo,Navy,11
C1EA0A52DF522B6C62039C221741CEE5267F1D381C0BF4A3E36C68EC2D4BE5C3,Footwear,Sandals,US Polo,Navy,7
C2E0388FE0BE03056879321EA0793D10CE0192D066694978A66E4606544A29A1,Footwear,Sandals,US Polo,Navy,8
AF0FB1D85485AA5BF3A6A36F182A3150AF81054A6C5E1171841E9F4A41902DF3,Footwear,Sandals,US Polo,Navy,9
BF9632B2B7280E0D3694826B9BDABBBAC7DD90BFAB64EA3B5519605BB4295190,Footwear,Sandals,US Polo,Pink,11
5E557CC2871B3F4AAB0AD449A7C3CC1E864331090DDAEC02B194F318DA2E6A5E,Footwear,Sandals,US Polo,Pink,7
89C0F58861FDF2BE2E2B51213628B712A942A7BB11D0B5830F5E394A7D5225ED,Footwear,Sandals,US Polo,Pink,8
1468A997686ACDCD6700A2667E0218E6351BEE17D12E467774614460533DF06C,Footwear,Sandals,US Polo,Pink,9
8F1D19191D10186D4BAA08C15F7EF004F284AA16057EE3BC331232EE557D662B,Footwear,Sandals,US Polo,Red,7
B27CF66DDA5D683F77D437D53A4DA7CC723061875A6521456E443F8483B51FA0,Footwear,Sandals,US Polo,White,11
C48C5E00208A083F6AE284ACA90493062BBAEDC171B38EBC3DC655E8F4100248,Footwear,Sandals,US Polo,White,6
F9EFF7ABF0B4881B153913E4B831270F6EF227684E5ECF2A8E1737BCBEF5F78A,Footwear,Sandals,US Polo,White,7
AA4BCD49F4C48A687FA78110ABD176B90DEA27B7C6875FD1D1C4691FF66D6650,Footwear,Sandals,US Polo,White,9
8A10FF3BCC223105F4266A57B04C68C066007B0394D73E5B2EA7314A674B4CD0,Footwear,Sandals,US Polo,Yellow,6
BD05DA6705C5E45A279AC3B472D16D3F5453CB0674F67AC2E6D3F436C32EBFDC,Footwear,Sandals,US Polo,Yellow,7
82170F68E4C976F3F56F990BD68265D667EA6A90C8689BDEBBEFB1EF467B7FE6,Footwear,Sandals,US Polo,Yellow,8
C98A39DAE6317462F392BD3021A42BED23ACBDEA84F7ABDA27F76EAEF38E08A0,Footwear,Sandals,US Polo,Yellow,9
221F05453DD89F0867A0979FEF5920D60B35BC95A7684E10AE71C5FD216027EB,Footwear,Sandals,Zara,Beige,10
781F2D6257246341A90EA203C8274861859649399253D3D2F6E7452760377C7F,Footwear,Sandals,Zara,Beige,6
FE666E8995BA2F00E7C1BD7119A9670074DF5D21B60CBD58B9F6F81BB9DE6C47,Footwear,Sandals,Zara,Beige,7
355F094135A22DEF0D43ECDDE7E8D191A5C38106FC16B81F0C8E1A6F5246BA14,Footwear,Sandals,Zara,Beige,8
49C895835731340239D83660548AFF5C90316D4AE391B99FEB490E0F3C72DD0D,Footwear,Sandals,Zara,Beige,9
C6482342E907E37BA74B6E57242CB8421DC48068296C57CA1E5D42F6A4A29251,Footwear,Sandals,Zara,Black,10
3921D718FD2847F7925163286EFBA0A9A3339391693DDFAA4804BBC77597BB3D,Footwear,Sandals,Zara,Black,9
EA5702DC75A498E7D5056739643370CDD6CAAA188FFC25049C23DAC6BA93A26D,Footwear,Sandals,Zara,Blue,10
B86673729799FF971F1AE8B15B537B08DC29F636D04B95FDAC3EAD980674EFAF,Footwear,Sandals,Zara,Blue,11
323EFB587BDC4318B8E4295154EEA6F576EED90EAB0CB4C48EE887F265873A88,Footwear,Sandals,Zara,Blue,6
E81D2B2BBC33F119AE7A0FECE0A9511C92C99BA8ED6BDE165510BE80F8C97537,Footwear,Sandals,Zara,Blue,7
E182B3DB4384116DFECC3679530175F757090BEA11356D2C5C96063F076DAB38,Footwear,Sandals,Zara,Blue,8
83A0B678CD8866DCE0B42E001922DB314A81B34D36EDC28884AFE4065DE7F4AA,Footwear,Sandals,Zara,Brown,10
439F28BB77EF7B014442B5965ABF513ECA4BFF6875539BD918B23CC962CAA3A0,Footwear,Sandals,Zara,Brown,11
6B65DED26FE46B9DC890823A4ADDA363807A03A515DECA019A8246B223CC3CEE,Footwear,Sandals,Zara,Brown,6
70F1FEF5C158B494E8BC71C15DA73041CD873B01042EA7298AE176AFF0351D17,Footwear,Sandals,Zara,Brown,8
9DA75100882AC5A478ADE1A1E0E19A7F5CF58293738F354498F7DFC1DB7D1CB2,Footwear,Sandals,Zara,Green,6
8F75EC0CA62D6DCD5BCC26AA990864F4B7AF878BAA8B98785DDE54788F265720,Footwear,Sandals,Zara,Green,8
D4CB39A6D92F98E38084C066C86DDC750AD06028E1A5A7FAFFA55870F813C997,Footwear,Sandals,Zara,Green,9
32B8779E65EBFFF4D5E93F9F991EC55D0CAA32853123D60F39FCFA3F25913600,Footwear,Sandals,Zara,Grey,6
F0310B11CFCBA15B2FA8189C4658894B67C949E03AAA786B5165747C141DFF9A,Footwear,Sandals,Zara,Grey,8
A5FD203861D7FF5D77FBD9DA6F357914CE1FECDEA0296293B9A244BD5BBBFD7F,Footwear,Sandals,Zara,Grey,9
B522B4E99E0E573B996EE05AD3E0539D954E3557AFABB5BCED4418E8FFFEFAFC,Footwear,Sandals,Zara,Navy,10
C5A93F399E2BE56A50082F6560E556E1B767445886F98A1996DDBF4D01EA35F7,Footwear,Sandals,Zara,Navy,11
EA22BBA9770023099AD05B7A1851A38EB0598C05159D7E9E51A757EAF8DEC70D,Footwear,Sandals,Zara,Navy,6
6AC021968C2DEDCE78C282D4F3F37AA9F9CD051FC7D2C7EEB2BB4B36ECD79627,Footwear,Sandals,Zara,Navy,7
95A887EF89F0287DE69888C81EA4947C646FF9AFBF52D9CD4689B58BFD84BCF6,Footwear,Sandals,Zara,Navy,8
2D5F9C7EFD9CB46E70D25A231D5A511984E591DEA55659035D983597504E9B25,Footwear,Sandals,Zara,Navy,9
4E634C194EED991E9ACF21042C408D3590E94A82DE1D6A4945BB9C0F79A6A70F,Footwear,Sandals,Zara,Red,10
6B39294D9BCF7FD9C17F87C276076B700C1FDCB599C7E7E6BD276BD116F67D47,Footwear,Sandals,Zara,Red,11
77E401C04697C7987155BE4248E2782AAF0C2F6951D2A90E4F0816E48EE7853C,Footwear,Sandals,Zara,Red,9
F8DBB2EEC5C44CFCFADE920C4A7ED913CA5229C325F84343A5F75CA46D464AB7,Footwear,Sandals,Zara,White,10
82B02C20CF11C1F1FFFEEA8188FD2EF7D96F26191FDE69D791CCE6BE0283F013,Footwear,Sandals,Zara,White,6
7D2F640D47A26A6E0072F58392BD3118145BE3EECD95549A5664BD91BBE484ED,Footwear,Sandals,Zara,White,7
5931E5498BD0B0D554BDFADE118097CA0E27688CA5594DBBE6F6ABFB79FC473F,Footwear,Sandals,Zara,White,8
2E1EE2AD1A5DBC719E7E5DA69DE1ED963B41D2CE9B95351F85787909BAB52A1B,Footwear,Sandals,Zara,White,9
D52BC6E111257A58224F81F495DBACEDE02BB8540DE4C79276C6CA7B54F2C6CF,Footwear,Sandals,Zara,Yellow,6
B9D112F176C9F394ABB691D8834880687FC6ABDC5E9B8C414C7BD55A1735D1BA,Footwear,Sandals,Zara,Yellow,8
909A5CD056D9D02B81C4015FF838721DC20E5120D923A840CBA2A43A038FD235,Footwear,Sandals,Zara,Yellow,9
021B130DA795AA291932CE19063D1685F4993139EEB139BBD6F3C7EB70F5ED61,Footwear,Slippers,Bata,Beige,11
CADAE77DCBE67DA9EA8198FE94CD037FBEEC10013DC6413ED41564A358B0A462,Footwear,Slippers,Bata,Beige,6
71B8F01E2A408ACCB1BA60159FDA3521BDAB3F5BC3184C1DECD52D6597E450FA,Footwear,Slippers,Bata,Beige,9
556E2DE4F979773EE7CB62A5B891B94FE21320EB11795C14D5FF2CC6163CBE4E,Footwear,Slippers,Bata,Black,11
66F49142D20BD920B34DD2CBB7A09589CBC5CD3DF27A14FE8DE8AB0B4FDD4973,Footwear,Slippers,Bata,Black,6
1E3A3334A23F51826CC4C5FC853757DA81F186D726DA1565718C50A3E21F22BD,Footwear,Slippers,Bata,Black,7
859446CF9A97F88D3002BED874B7CCE29B808B629FA2F6FB1776FB82E89845FD,Footwear,Slippers,Bata,Black,9
93D60395DC1DAAACDDBB447C1C16CB1303B92B0E95056099EB4B6D6D991261AC,Footwear,Slippers,Bata,Blue,11
CC049049D68D8E45C83E992A507BF72303E2A62526EE919A26F53ED3FD906484,Footwear,Slippers,Bata,Blue,6
FE382E149C1B2FCCE6E4E63FE0F26630CA5162D52BE51435EFCB185490CDC6CD,Footwear,Slippers,Bata,Blue,8
013BB79C15CBA250F6BE326CCAEA1C122399E8959914E170D155EC427384AD08,Footwear,Slippers,Bata,Brown,10
F4EA5D5D0086FE1AB76EDFEB9B04934AA962492ABCCDB7AD501C4C25C1C9B627,Footwear,Slippers,Bata,Brown,6
A0AC228FBCC3C23E5F1AD87A2B1284B92C0F1CB078E0F698EE17CD6B163BAB09,Footwear,Slippers,Bata,Brown,7
C78E8A5433177AC3AF0BB79F33574AFE2B4ECA50CC05ACFE84F28A963EB8E600,Footwear,Slippers,Bata,Green,10
7167A5256E0784DEFCA2FD0CC9C3E08FBAE16F9AA0714AA78A84D8B878C979BE,Footwear,Slippers,Bata,Green,11
B065CBC5E1358185FDB0BF0A4FD58C401CBD70929E3993B1258A2CC3F82248C7,Footwear,Slippers,Bata,Green,7
076D4DA25624FE289EAD3D782C4BCB2C6BF168F3F86E25AACDC3A154F61F5F95,Footwear,Slippers,Bata,Grey,11
09313AF3A6B310DD13809DDA199D6454B56BE0A4F1F5738F5396823FDB8F6235,Footwear,Slippers,Bata,Grey,6
89A99BADB52CB2004AF00ECDD49948F85D7705EFA3E01094CC231F01D6C7EE6A,Footwear,Slippers,Bata,Grey,7
69BADE0FEBD86784E88455E1A08D31556A50BC91FE14F723B5EAD597AAC95F94,Footwear,Slippers,Bata,Grey,8
73756B1824817E3F3816A9ED533D20DA574A7BE42C1130E18F47E7302C6E2C01,Footwear,Slippers,Bata,Navy,6
77C2308773D7C0C4B8806B11380811BB32C6C9C4B17B78773316FB98EA48E0D4,Footwear,Slippers,Bata,Navy,7
2BB75C47E5791820ACC248AA072CD510385CDCAE2E7043A536A3D5B0E645FABA,Footwear,Slippers,Bata,Navy,9
2C68959E245DE32033EBE991B8A0E06BBED416EF283E8B950A0CEF7EDAA2D5E4,Footwear,Slippers,Bata,Pink,10
9BD4B1BDFE6E67B7E6599259DB03D0936D453980CF149B3CD619C3FF6A77D3CD,Footwear,Slippers,Bata,Pink,8
28A316F601BC3DEF0C81CDC5B4A02460BFAAADC90E26844D10F8145495DC9B28,Footwear,Slippers,Bata,Pink,9
1064F0D44A20D23BEA048DB05ECCE4115E7F3016A60CD92C6C94BC035D0CEC53,Footwear,Slippers,Bata,Red,7
369C1EA854D9AFCCD753F82B635D4040D6CDE5FAC65A1598A7985C7898820B64,Footwear,Slippers,Bata,Red,8
C88F72B5C7738A9B9790B83930DC6C44CCC3D66F6149FB3B8903EB1A2491BC6A,Footwear,Slippers,Bata,White,10
BD1DFA1A2423BCB94DBDB4BE3B333036EF2A10156855D5440681824AA438F961,Footwear,Slippers,Bata,White,11
8E2E375D285CB7CD2FA313DFC213DF9E879AD2D845B1FE0B9F53B83DBF98442E,Footwear,Slippers,Bata,White,8
F847553DE11D3A04E043CE2450B032845A7460773B644335010B9C05DA3DF5A9,Footwear,Slippers,Bata,White,9
689A3FC299DC91E61A74D3D1D5FCD484CDF13FDABEF7BEAA04DD4DFA5A38F9D9,Footwear,Slippers,Bata,Yellow,11
85348F1C2AEEF5C95E093FB05AC4086D79B7F52FF7C8DDA1E2867BD1C214259C,Footwear,Slippers,Bata,Yellow,8
AD4CF53361BE19F850879173D7C905DA98D07EA33EC75CFAC18CC56FDA5DA557,Footwear,Slippers,Bata,Yellow,9
0539062F8CFD8EA5835232AC89826DFCA38765C5930B7BD867AFE6EA5DB0E94A,Footwear,Slippers,Campus,Beige,6
E0B0B4D36CEED09CA38EAFE44E97442351E483DDE59C0A04B1F5F09C5F45A3F2,Footwear,Slippers,Campus,Black,8
D52721778551F776FCF1A7A3594960D108C479FFBD2C118C508F03921041D499,Footwear,Slippers,Campus,Black,9
991641C41C4684890785007AB5E5D824E3299A944405056239087837FEF87DDB,Footwear,Slippers,Campus,Blue,10
7280C8860F42460F6DD5BEEF25175150D38A0D7E75061E72338C718378FE80F5,Footwear,Slippers,Campus,Blue,7
83F44ECE11F794B15CC950BFAE6A63C0976BEF61A34CB4C188EF0A3BBF757E05,Footwear,Slippers,Campus,Blue,8
77B745C289A93BF4FF9A3994A9BA4D2C4672CCB69D1783FEB8A2A8F8C0608A43,Footwear,Slippers,Campus,Blue,9
0F8410721714923C0D119581D37E649770F8EFD49AFC13859873A2EB7408B221,Footwear,Slippers,Campus,Brown,10
0814428744FA98EBB2AE1F151A3F762FDC30483CA864ABF6A3151481C0699459,Footwear,Slippers,Campus,Brown,9
945F64118F6E1E40AC2E06A951F867EF5876653E8D089D9A8540A4D095F3F669,Footwear,Slippers,Campus,Green,10
BD785DD8936363D464F5402BF466E8807272C1AC4A23CD288FD480122A70CD6E,Footwear,Slippers,Campus,Green,11
3958C9B4363990FBDF20FB4D94873BA5672D58F85B1C907DF8BFF2A934B870AD,Footwear,Slippers,Campus,Green,7
2005CAF400CD3D56CD744A800697778F3332CED48E1789B2E9F1CFD1FA4B2723,Footwear,Slippers,Campus,Green,8
53C513F5F9D95FA60307706B36B417969B7AD30893DB2F38330F508938348B9A,Footwear,Slippers,Campus,Grey,10
E5880972AEBC0B1327857868AC50800D54A2A53F0D431A003B92728B22C31E92,Footwear,Slippers,Campus,Grey,11
9B3AB4662C9D4AD2DBBC1A1DEF2D962A669BE63697865A407732ADFE0F49B411,Footwear,Slippers,Campus,Grey,7
F0BB93C28DD624FE5D06D9E4684E9C85FD9817E515249B10F43E22EAE6693E67,Footwear,Slippers,Campus,Grey,8
F03897BD29CB45B9E884B3A5DD49BA53062D93D8B80A1BD37BA3C34CC336CEC9,Footwear,Slippers,Campus,Grey,9
BB6BCB2D30CCE3D8B28B0CA333723A12F9445DF9138425BE099AB4A093D440B1,Footwear,Slippers,Campus,Navy,9
B5230ACE9E82752F1EB192CFD414CD80B1EF3A4622F3604CA28A358438A72584,Footwear,Slippers,Campus,Pink,11
4778EAD5DAFF4708DCB05A57700B4674C904B77B9B04601744E8B9A9E7C64242,Footwear,Slippers,Campus,Pink,8
8AA81C0C946B17924772AB9CD5E047EB1C97B7C0DA2F6B41653C1E0F6E7AEC70,Footwear,Slippers,Campus,Red,10
070A431B1272922402E253D3B96EABDCD3554C572E6BFD7B6D2FD5098EA1B0B1,Footwear,Slippers,Campus,Red,11
D9531650603129F58D7B31D5F22E7387CDB895C8BA70FB158D0237A821099B29,Footwear,Slippers,Campus,Red,6
1A28FB03D9FEF90319EB8B41D39CBDB75C748774CA9A8CABF451FADCAEC2898F,Footwear,Slippers,Campus,White,10
48B86391D03814CCBCC5F2D05A34F7F69D8BA01E369FABA68B7B46B0F2280511,Footwear,Slippers,Campus,White,7
6CDA4FA5E83B117E03D1C1BEAE7B6BCA519B10AF7AA3F482E4520DDAEC16BA57,Footwear,Slippers,Campus,White,8
E4A564C353C40800604E7AA1A48FD3132B232E09B92B5164FFDCC74F40F244C4,Footwear,Slippers,Campus,Yellow,10
5B39448EC6415488AF65FF948D4BA49D4308999FCA9B74E22D1C7F041AC39323,Footwear,Slippers,Campus,Yellow,11
934242DFB7F77093E0F1752DFDC19740D12D8BA5D878217306C9D2181EB2E6A3,Footwear,Slippers,Campus,Yellow,7
7CD4E6C1609A957158BD42D322673CBC6FA9A00941E808E1E889645265FD7FD0,Footwear,Slippers,Campus,Yellow,8
03551D86BAE2B934BCE56842317597C6DC8846AB2CDFC74F6C88F94D2756FF03,Footwear,Slippers,Campus,Yellow,9
AA37BC2DC0CF837AFA65D269810A39D4774DE60BA61C66C1BE0A58BA2A884D7D,Footwear,Slippers,H&M,Beige,10
5A677BCBE82F7D44A31EE5A01CA6945CCACFFF8A24896B7B28826B3078D8D250,Footwear,Slippers,H&M,Beige,11
AA0BEF9528EA01186EE88FA206E00E0752C3BD5E0827F6C46C28A7C4D8E06960,Footwear,Slippers,H&M,Beige,8
FE3B3CCF27593769943BFD574E4B4EFCBA60EB5EC34AAD2CDE1CD6A9454CD5EA,Footwear,Slippers,H&M,Black,10
A6F5BE69C4E5CDD4BFC1ABF26BE9ABB564F79D0A534338B5C5CBB779CC339C8C,Footwear,Slippers,H&M,Black,11
A0A9B8E55618471575D4A01CC2CAF5065E011E500F69169AF335A6794ACACC21,Footwear,Slippers,H&M,Black,7
8853E6FDA79625F596A5CC70B5FE6A943B2EEE8D12CA8DFA8D27AE6AF019CD54,Footwear,Slippers,H&M,Blue,6
61F8DDE02A4882823D66D65741EED23D9C647ED4521B13E5DCA653CF6B6CB8DA,Footwear,Slippers,H&M,Blue,7
850C8F0D18EA352EF4061981176C181752937D2E43C28856C2AF98D9A172F6E2,Footwear,Slippers,H&M,Brown,6
CA4BE6E0461CA1EFE6E44F168FFEDD0A7C19A0498141A9E4CC2BBD3FE166B28D,Footwear,Slippers,H&M,Brown,7
CA631A678C40774EFE8792A07B6EC8D269F33FA039373B752C35AD131F51E9AA,Footwear,Slippers,H&M,Green,10
087C59DF2BAF934E7BB57D4B0B550A4C5FBA5655FC430EB1224FCED8DDCBF481,Footwear,Slippers,H&M,Green,11
433E4E416E722730CE4A4EFF9EEBD50219081EC09EB309A26209B8B1B0FBBFE0,Footwear,Slippers,H&M,Green,6
2B331938B9E05DC310CFBC057B30E0EB03B0468E1B2D0DBD8D0446542BDEEEB2,Footwear,Slippers,H&M,Green,7
E6B732B60B059CAE750F80AE0C297DFD74BD3D192FFA4A584CE62B2857EF24AB,Footwear,Slippers,H&M,Grey,11
3DD3080AFAEAA1F949DB5CD36D10D6044186D322CF0C9B27DF9F5E72C4BAACA6,Footwear,Slippers,H&M,Navy,10
B0CE8D54A391B2CB2CF4A3A7D2FD3A229C75E5AC9EEF2305D5B77307E6A7A399,Footwear,Slippers,H&M,Navy,11
757C641C05D64781C55CD15E96C6B9C9E41F48DA7DA0A7EFCD6E298738CF3DB6,Footwear,Slippers,H&M,Navy,6
D874D8C7DF2655FD94FC6A531A5C800F1857C47B234F19051114FA2A5B9D6AEE,Footwear,Slippers,H&M,Navy,7
E2D262139A465F68374AB9BF5088EB6C22BBF9D28D22A1601DF0DBA04E2F331B,Footwear,Slippers,H&M,Pink,11
60DD893CD302AE5C0F6FEA419A2CCE9792A9EC884B12F41A082E656B1B1F8E6A,Footwear,Slippers,H&M,Pink,6
B654BFADC23ADD7FFAA83FA3A0D203AC87DAA6B14AD8596E2D02190DBAC4B668,Footwear,Slippers,H&M,Pink,7
4B1A8D870256C2197233FBC22D27D4C6B2A1A87ADD492406B7901CB9E6B5E97E,Footwear,Slippers,H&M,Red,10
EA291C04866ED5C5DB278E4DCAC5D32395086B31CEF3136439707036FB621112,Footwear,Slippers,H&M,Red,11
0DFF400C2284C93DDAEE1F7A18769B627AA952FF10A9E44D26F5598BDF876628,Footwear,Slippers,H&M,Red,7
AA68708152DB236DB70D734C9F435005482FA886F8D7B6634AEDCED5CD706A8E,Footwear,Slippers,H&M,Red,9
6E6C20ECFDA5B726A03956D7D3C973869D857432E81B9F98615BCD058BA31325,Footwear,Slippers,H&M,White,10
C35E8A4B0D3E3AB69478CD551AD2F9884A47E8356DFAF558CF014169F4A82E9E,Footwear,Slippers,H&M,White,9
746C74E209F8790C5D3CC7637BB25D2BC5EE6F19C708FC2F5AB4DB0C45389E0A,Footwear,Slippers,H&M,Yellow,11
C09F4DC8F7771D3395E09489BD17E903BA8B9A8BE59DC1EB4DA9E405F909D82F,Footwear,Slippers,H&M,Yellow,8
E9FD9B0BDD98A09FDD498DE7B2F09E43EF62784CB55E25249B8654E0BBF482E4,Footwear,Slippers,HRX,Beige,10
7C438163CA58BC660C7CEB092AE2F76CE1B1533D249899B3B68FE74DBEC0A23C,Footwear,Slippers,HRX,Beige,11
CC513DD115F35EA6050CAD471AC2BBA35DE7AC46EBEB17839D716D3D77C653B9,Footwear,Slippers,HRX,Beige,7
80347B39FC772B638FF2E6175EAAFB10EB81696A484552166CBA0E8403493BC3,Footwear,Slippers,HRX,Beige,9
2A1E4D68B931296CF2EE81F5A9F4FB17DC5BA7D22FFBED2B88A8DE2649585C27,Footwear,Slippers,HRX,Black,10
E2CD2AA7837E5A06170F917FC9AB844BC9D463080EEBA531A376C52C28AA1AAD,Footwear,Slippers,HRX,Black,7
13E7F3497731DD9104E5D1255011381979EC7DD84DA2AB47BA50BD74E272E997,Footwear,Slippers,HRX,Blue,6
AD5B738184D407EDC7A2DFF902E3FFBBEBD3CF93A19E3BAAEC6A9643FE58C1B8,Footwear,Slippers,HRX,Blue,9
BFCCA725EB529A91E4EF20A2C1379E6161118520E34EC01C3D4FCE0005147AAE,Footwear,Slippers,HRX,Brown,6
A04BCCDC7C7C6FFF35ADF2BB752A21F99D4EFB5433CF43559D7622FE0DF4D5F8,Footwear,Slippers,HRX,Brown,7
8D6A32004676676AE4A3AC3351AA42C312120B836AD978799C571BAC251BBF02,Footwear,Slippers,HRX,Brown,9
5ECC407C3EB6E17A03D833E9CA6B5CD250AFDFCACCF3A4E0069CA4AE86B8D98D,Footwear,Slippers,HRX,Green,11
4957A3819EBE07B33C4638D9AA583DF24B0D70BC4037233C1E7C5E75C11BF139,Footwear,Slippers,HRX,Green,6
60DB974BCEE9EC92C51567CEB540046FBC08E9AA143E57ECFCC509862EA20ED9,Footwear,Slippers,HRX,Green,7
337ACDD74B9D684BFD6D36F700758A2ACD33E6812212E4F5C19AA5496DC50A70,Footwear,Slippers,HRX,Grey,10
949BDB4F46156CDD4B17A9520737215CAEB0DCB936CD3E8B2C5A9A4F82663D97,Footwear,Slippers,HRX,Grey,7
4E33FF765F12A0EAEBAFBE0C26A73092289053B17171C3FA85165640ABE8FC59,Footwear,Slippers,HRX,Grey,9
B908403E4DA8C588404DCB1A31928F735CBD621CE1EB11C07FE73BB62832C09A,Footwear,Slippers,HRX,Navy,10
2CA2A74CAAD6F242078B5506B229122DA9FA96B6110BAF90B0F4292E468892AE,Footwear,Slippers,HRX,Navy,11
D5EF5146920133BB3EADE68FF6EEC13D26AE6DFBFAD05DE86F424E82B894CF52,Footwear,Slippers,HRX,Navy,6
F8FA9A54B0BE382A85D684379D5ED0F8D4565CD62BB50E88C9DE93000D2BA02D,Footwear,Slippers,HRX,Navy,7
39D69077926EA1BB50797BDFA93DEDC50A7D39F1D83E96EA6755B4AAF2A67292,Footwear,Slippers,HRX,Navy,8
0C138C5B89BDD3399AA404EED060EBB870946D9A4EB12080785F669557762FD3,Footwear,Slippers,HRX,Pink,10
4E6728A2F4988FE77E88DBFC0EB5B081BC763CC2539ACF1572BC2FFEACE1F8FA,Footwear,Slippers,HRX,Pink,6
B279D85D8CC6D0D8E3AD5FF887BE03971A416F10CF11ADEC5A624D7BD81D8354,Footwear,Slippers,HRX,Pink,7
70891D4B5BFBA2A9F51F2FED6E76CD232F19C6248DD8F210D93BA90DA330842A,Footwear,Slippers,HRX,Pink,9
138571E06A2BEF86174D82BDA25E58CA94DCE6BB8B5D78C9692D7AFD9B2AB777,Footwear,Slippers,HRX,Red,10
8297F77F9122AC5796EB66336E340AD319D77511D18D1FC474F8614F0BC72524,Footwear,Slippers,HRX,White,6
779A52432D30C8343CEFBF98DC6C4D6AEF4488D46E48ABA5127BDFB7F9F73CA4,Footwear,Slippers,HRX,White,7
1817EDD4A7AAFAADA2CD30F3FA054962127DE1D42DC2B53C0FB572E0F8BB5D7B,Footwear,Slippers,HRX,White,8
B1254BD29A8099CD3E2594388D19935082DEB0A950618C91AC384CF5BDA5BA7B,Footwear,Slippers,HRX,Yellow,10
BAECFAC3D7F0CCB6DBF51581E70C57B1412A1EDFCC7F896E80B1ADE157645E75,Footwear,Slippers,HRX,Yellow,11
3A0A3D75F9857FF1D34B81D0C3B90D8701009011F10ED644DAE8880338FE7FE1,Footwear,Slippers,HRX,Yellow,8
7570CC9BCDC7BBA84B4CA78BDD4D41A530AF500B0EF244923C4D675DBA4826CD,Footwear,Slippers,Max,Beige,10
872935C4C5B4F05C6AD59859553F5DAA4C15E380741F0FEC9848736AFBDC911F,Footwear,Slippers,Max,Beige,9
D12419546B78F8FE8A546FA2E94959821D0E76CA9C5237AD0F0D2E0C439AD270,Footwear,Slippers,Max,Black,11
F3D1373A208729377E320875C85C0B6A3867E8A43F55A02E3477D5D0A405F6C0,Footwear,Slippers,Max,Black,6
6A416A17458D6C7DAF6AF35BDEB57E814333EBBD2C8109A8C577067F07BCD297,Footwear,Slippers,Max,Black,7
03FCEA43DC52528CFC0740046FE792EAA63CE87F03D2CDA5B2CC3D18BA4B6A82,Footwear,Slippers,Max,Blue,8
23E205CCF891DF23982CC3C2FD1D50084B9A37D5690783E4C67F518E92BD2E7B,Footwear,Slippers,Max,Blue,9
BB8F1E597975AF4257E7F16C498CF59CDB56BBDCB2258B110E6A1BE7EBEC3199,Footwear,Slippers,Max,Brown,10
1BC66FDAD5B335C9111673E830223DA149715C2E3609EB317FA8568D1856C032,Footwear,Slippers,Max,Brown,11
13AE70AF17A7A2647D878BBC7FD4F1E14D76293E9E0BC4B15B2ADA053A79C327,Footwear,Slippers,Max,Green,8
837E5A6F23468CE99BD8E67D8AFCA44A821A43BFEA9536F2168486CD3790D3D8,Footwear,Slippers,Max,Grey,10
537B0E518ABD275571C7EB5E8AD6AAD3C42175EF6A5DA96B9525BA01B8D54EC3,Footwear,Slippers,Max,Grey,11
15803685BED9B66A2EF70A545962718B4926462ED1F6FB49E7F02A2B77FCB364,Footwear,Slippers,Max,Grey,6
D6932A78900844FD6F1FFD2D90C132DFF1192FAC635403AAEB528B2A65117BCC,Footwear,Slippers,Max,Grey,7
4CDE71CBA53560070A8090D6D68470063518B818E402A3549C9FBDBB5D841069,Footwear,Slippers,Max,Grey,8
4938FFE45920DBFA129DE5858A0F36455CB5C88FB2CA6F0F2C0957A0298F0B22,Footwear,Slippers,Max,Grey,9
5B671E88206E8B41F8C632729AE1F53FF9E39AD5C6C773AAF2C3C911D1531AA4,Footwear,Slippers,Max,Navy,7
40E459C7EA2650130B3D1A26BB2EF4FBAAD5EA859D287AA8F6FEE20EEE53544E,Footwear,Slippers,Max,Navy,9
E1C1BDED7B5C9F29BBED6200916E3B99DA47EA83840FA5BF523D63495541A753,Footwear,Slippers,Max,Pink,11
B0262897A81DA458DC12AB2C06819B721918FC940EF64776529B03DF275F4CF7,Footwear,Slippers,Max,Pink,8
807CC9DDB1B47BAC3C09B9F5AE0186DC325B87CD6D9F84E2F66FA555D308B036,Footwear,Slippers,Max,Pink,9
BDBBAE0F7314F87CD6A9DF2AFF4DC261A83B55485C51D99578D37F81C82FB731,Footwear,Slippers,Max,Red,6
BE956CAD8E39CC29641060E98D12D793C009798C18716A71B89CFC9601A7EBD7,Footwear,Slippers,Max,Red,9
3F78EFEE13EB5D2AB4BB697871D1A392B26E587A37AC399B0DF02CA0B9168E45,Footwear,Slippers,Max,White,11
76A559DA88B0FE2377583CC6B13BC126CC2C31B5583CBDD8E51E9117F550CE64,Footwear,Slippers,Max,White,6
80D0128ACDE23CE98EEE92984F0BF7B9BD4202012F9855497DA603BF309735EF,Footwear,Slippers,Max,White,8
235877BA696F6F146750A88B36882DA60B9AA4F1E280833C91D4714DA692C9C2,Footwear,Slippers,Max,White,9
B713806EC99EB4D9CB7D7728B225C11FD078CC95EADC32CCD31D73A438E2A445,Footwear,Slippers,Max,Yellow,11
3C6E75C2C660E73D3C9FA43207A7C276D128F2548C0CDB4374BA36506BDCF9B6,Footwear,Slippers,Max,Yellow,6
A8AB460DA5A15A89D2EBB2CE5D86C0B1DFF893BF1707DE9DDE85BCEFB9AF056E,Footwear,Slippers,Max,Yellow,7
F3FBAF8C5DE2FFFE79D60AE1F8C5E483ACBED9A8234317A24C71DB0C8B7BADC1,Footwear,Slippers,Max,Yellow,8
72FCA694E55EB58F4862F972A5889727A76AB197F706059E76669466372620C9,Footwear,Slippers,Max,Yellow,9
CE57A1A54918FCCE82BCC0F1B5A61C3351FB28683B563549F5F0895EB9C2E7A6,Footwear,Slippers,Nike,Beige,7
C99BA1AAE125BF577EABFE96AE7D550982970EF9A2D858D4BCEC23CF54E492DA,Footwear,Slippers,Nike,Beige,8
5869471157474E7E2C1CE09EF340EC381E013FD27B2C1218B41DA0C5048985F3,Footwear,Slippers,Nike,Black,11
E413E2F0B48500ED8811B036DC8A6E1FE0B47003C5726BE62175C278AA293626,Footwear,Slippers,Nike,Black,6
9DE95B52217F9BF89CBE6584ADD2A3C8AA7ED9CBA873A9A27654FA9CCC076CE6,Footwear,Slippers,Nike,Black,7
16CCF88F7D17E95BF2DD9610FD6F1726B94AAFDB60715204DE447779A75FAB6A,Footwear,Slippers,Nike,Blue,10
578408EB41BE437882CD321AD8749ECF4C738E6EFFBE1C9DBFA6DAEB9BD44575,Footwear,Slippers,Nike,Blue,11
983C9270691470F1033EEF8C1BCA581C167D0E1D8258F7E1F7904584AE89441C,Footwear,Slippers,Nike,Blue,6
2E4190927A7019BCBD91C5E929A9813B023E8AF9631BDFB4579CE18B8CE2239D,Footwear,Slippers,Nike,Blue,7
FD7AAAF194B0EB45ED11070F42852461669AB8062E54472385A7BBCEFCDD4658,Footwear,Slippers,Nike,Brown,11
FBBCB06F7493FFB05E80F5EFF0D7DCAFBDF604B5AE7207606624ED5278228C86,Footwear,Slippers,Nike,Brown,6
E8E01931CE444E30AC1C5E8977E745C5E11668301489762207A5E02E6AE77514,Footwear,Slippers,Nike,Brown,9
44918B5B20F0F60A10719445C8DB9D38602495B4C205956B39C641A633739757,Footwear,Slippers,Nike,Green,7
5D87F733D6EA1FF1095B4C3FE145DDE372FC915D02D84855818F8868B8A8128C,Footwear,Slippers,Nike,Green,9
6089D9FD974C85FEE1FED2E337E88594C4EC4981DCB537BCAFFE2EFDA9436ED5,Footwear,Slippers,Nike,Grey,8
F1F88094DC29C5FA3209D7CBBC139F7D1484B6E5DF5BA2183AC500E451478E98,Footwear,Slippers,Nike,Navy,11
37E5A49764F46186BE4DE6DDC2FFD0571735D061A4ED5E4BC7A4F60CE6820068,Footwear,Slippers,Nike,Navy,6
D8A53FBE82A42F8117173567D053ECC1A6D1B2E4BC338AB9A42BA21FF6EFF28D,Footwear,Slippers,Nike,Navy,8
DD711E6DCB9448D1728856C9C05E482C51BA8CE47CE757E1C01A2146377C47A5,Footwear,Slippers,Nike,Pink,10
7887C6A70CDDF544968C405805860FF5AF9D93D3A8099A255891A9340C7E2928,Footwear,Slippers,Nike,Pink,11
ACD23A54D66E2320228451A544C3C7C5ECC7690CA44324B9F185D7A5927345C5,Footwear,Slippers,Nike,Pink,6
03594B9016957285C9A7847554E09AAF1DD431E7589BB16E000AEDC0FDAFEFB8,Footwear,Slippers,Nike,Pink,7
52B7730C517CF1EF07CE9738958A39E4AC6F6FEA0B12A5035B47C46E6F1124EF,Footwear,Slippers,Nike,Pink,8
289A7DD4AE64EF4760359D785A72D77BDDAF31FFF55F4E312C03C2BB0B4DB63B,Footwear,Slippers,Nike,Pink,9
9FE02FC57548D533AEC694D3F59DA31FEDDA99E9791EE7E1AAFC91F32BBE678F,Footwear,Slippers,Nike,Red,10
60AD05D5182A66E33AB5A7C2A507CA805EA9A476C8A43AE6B83C936D74488994,Footwear,Slippers,Nike,Red,6
0F80DB6ED8D97DCD95A382BABBF694F71FC3579C95DD42B06257884E4DF3F532,Footwear,Slippers,Nike,Red,7
3D1A68BE88736DCC7F1F9726ECCC90F411BBBD8BFA8EF8B29F67D9CC63C875E6,Footwear,Slippers,Nike,Red,9
4B271D325629D257A55840E144071FEC9859A7A36497197320F61EF4FC64CC52,Footwear,Slippers,Nike,White,10
9537112D69F99F9C809F643E385EB8D5DBA137B00F2555E803FF9CD19BD1731C,Footwear,Slippers,Nike,White,11
0FA837181893031B5AE0D0BD33EF3F8246A2198FC260A21EF7027EAE2A550010,Footwear,Slippers,Nike,White,6
EE4FF3B85AB4F7ED1F702EF5912AB92F6099AF319D1E0FC4A5BE2F49D5A15BD1,Footwear,Slippers,Nike,White,7
60AB111412334D6491B7BD1DAAD0208D28D77E62979136D7281A45A33FA6ACE6,Footwear,Slippers,Nike,Yellow,11
C9B92E4903938D145E2DC140C7D5A91ECCFC48BCB94198C4985C590E79D96EC6,Footwear,Slippers,Nike,Yellow,7
D5152CE08B493D4E1558FC8573C341023F9B2975B57195A201C1095BF819C393,Footwear,Slippers,Nike,Yellow,8
99898EEC82531074927AD41A4A7CA3B6975193100572DEE9C10A52A8E226989D,Footwear,Slippers,Nike,Yellow,9
34974C763BD25E13C82231CE53CF124ADE9196712085A43B7D0E4E9D1A99E0A6,Footwear,Slippers,Puma,Beige,11
131C3E81B53671DB4F7EF6DD613EDD2AA0B9D79ABD6D9E89B1E0B01F68D939AB,Footwear,Slippers,Puma,Black,10
50A236B755DDE55E207518E7152D42DBA468E76058F37FA75A0B62BB82F04A80,Footwear,Slippers,Puma,Black,6
9F527DA94FC50E6260AA5FD1F00C3976C920D64592D24D46464B990622D50D83,Footwear,Slippers,Puma,Blue,10
0DF4F400D3B879EA8573E7232135D09D6186925C6848C3F01075C263E423AF84,Footwear,Slippers,Puma,Blue,11
8EB3EF7DF7F37C9243BD3DC2852EA136CA231587229B704A7CE2CC99647D90A5,Footwear,Slippers,Puma,Blue,7
303D725AAC823CC7472DAECE990CA9569535964635C3061C8C58D35955C3AF18,Footwear,Slippers,Puma,Blue,8
F7558D2676872063EACC5F7A37CA5E3D373336C8C77797C8D3C7F3E3259F872A,Footwear,Slippers,Puma,Brown,11
0B807B940B807D29649A439BA192D0121B2D3E716F938D86BACEC9699502FFFF,Footwear,Slippers,Puma,Brown,7
18B4D8F267C9829B6FF67C05436B9B47BDF9A24322F7CDF02649D8786A003847,Footwear,Slippers,Puma,Brown,8
3BB34ABDC096BAA65F0CF7722F6ABCAD629EDD04C514C421341AE0D657373154,Footwear,Slippers,Puma,Green,10
5A7F5371CA15880352E94FA2C73A308766A0D9B69BE0F326CF6D876FEAB91ECF,Footwear,Slippers,Puma,Green,11
12F14A6D22D69808504B2C85D96B54C4E2E2E4F6CCABE2ADB40A5F504DBC8505,Footwear,Slippers,Puma,Green,7
C72A2F5AB9470FF9F9966ED7A6B60BD525C753B0DD5921DD9346BFCDB284490F,Footwear,Slippers,Puma,Green,8
0D4B7519CCDAFC58AB127CC9FC5D872D0C623AC080F68BBBABA699DA5F51466C,Footwear,Slippers,Puma,Grey,6
313DE081021910132D853121A2E115C27AFCCB93CEDA7EA07B517BC2E6CD3184,Footwear,Slippers,Puma,Grey,7
5B346965BC56DC65AF2E93DCBC0206BFC2E79D6BB1378D942383940790B8631B,Footwear,Slippers,Puma,Navy,8
6D92A949D76F85C5166B1FDE48D7C4BEF5D4173ED58D421E42B861AB368F2D59,Footwear,Slippers,Puma,Pink,10
534ED01B366C64B925B10991D9DB5845F85342399044B44C08D1468E1C30EA5C,Footwear,Slippers,Puma,Pink,11
8B22002D8EAB690AB0E17837A0BD460842E53960A8C1999BA714329DFD3C67C6,Footwear,Slippers,Puma,Pink,6
88CF411A67EB0BE2EB653D2BCBCA5EEE38FA865FCA720958D05BDCDAFF01FEA8,Footwear,Slippers,Puma,Pink,7
1943F63E49FC05A150B9931A63C55EC680EA414F16C0F8833EED888B86563503,Footwear,Slippers,Puma,Pink,9
C35BF27CBDC8B9DBCF3A94658BCA60C9A55E792FABF5450551CE3014511F60F5,Footwear,Slippers,Puma,Red,10
88D1D5290A5A59DA2CECD57466BBD8B56CB7CCA127F99FCA98F58C38FAAAA428,Footwear,Slippers,Puma,Red,7
256125E652BADAB129C30973923F37B033742EAC77BD28B6DE524AE3A6FA8996,Footwear,Slippers,Puma,White,10
351F0CFD2C8959AE57DEF09E3037A87C3FDAF7835FE903D2BEAD40A600D9D170,Footwear,Slippers,Puma,White,9
F93BF61E3D0402EAB82596E4F994F845B1671BADA923E79045F8F9A5CA302564,Footwear,Slippers,Puma,Yellow,10
0C0F7A48E7B74DEC1B9A72A08921FABCBB35C066BD245B651759F16DE2BEE397,Footwear,Slippers,Puma,Yellow,6
4E9D69F0EBB9D1D5405F6A9F8EAC34C1DB86F8703A5C8B404DFFC66A2500B47A,Footwear,Slippers,Puma,Yellow,7
E45C214A64C8A59C17F17DC1A583ED3D88AC3EF303BE4D2D73FAAE82B29A79B8,Footwear,Slippers,Puma,Yellow,9
320CAA52DA9645DC1C4205560CABDEE1906727C1AE75C36DD7478A9179A8759F,Footwear,Slippers,Roadster,Beige,10
D92FD767EA71DF02310373EB86CB97ED49A46B53FDF453D71BC89B62603C69C9,Footwear,Slippers,Roadster,Beige,7
04A1EEC3470E7632DC07DBB868190B3F53EA411924EFB14091A4CA7FD9A1ECC4,Footwear,Slippers,Roadster,Beige,9
82A2B026C02B2D38A658CC4C55628F79DA9903E33CFFE97F020E533E0CF0F794,Footwear,Slippers,Roadster,Black,10
EAAD080277F8115FA38107FAFB221F75049954939E32C238C799ED9C9262DBFD,Footwear,Slippers,Roadster,Black,11
F73BDA4D54E1A65DF8FE54E653CD9BB15627DE2DF508CFABED9974BF5211A7B5,Footwear,Slippers,Roadster,Black,6
3650F2298715E6FC8298400B2F20CF24A49C1DE964F1DD6F2B827B72F6226F3F,Footwear,Slippers,Roadster,Black,8
79CCF5D4A334046BB4A0AC6CB9078C1263A6B89EE6A99C576E62B3C81D5589A7,Footwear,Slippers,Roadster,Black,9
845CF72DD7B52CF30A63EAF5C4387E5D7E3C13CC2E865B2A36B8963C6D8B5730,Footwear,Slippers,Roadster,Blue,6
6530962E92147DC4DBA618F215F37AD076AF75F0F5B4E7C5A64763406EF56715,Footwear,Slippers,Roadster,Blue,8
CD4D101810F02F78B0A96E15E2A862CBCA65208995DA985B9BDC64E2A8F6C4BC,Footwear,Slippers,Roadster,Brown,10
CAF5645CB01E5123F8544C334E0B60EBCB78F425949886235B5C930FB582EEDA,Footwear,Slippers,Roadster,Brown,11
B54A643225D075828B0194F917B96710017B9F97D2B7E8D5A2ED176F8979B6FB,Footwear,Slippers,Roadster,Brown,6
450E562C69887C88A690E69608AF637E81E08F335BEA8F50414C093DC4A06673,Footwear,Slippers,Roadster,Green,10
14D17017F5AED1B0A59FEA302B4A0F9305B57D93FBE7903570683CE11F743FF4,Footwear,Slippers,Roadster,Green,6
69809BE4D4697E0BBFF50DF3A74458A061CA51E2199756E26E17194C15A0627D,Footwear,Slippers,Roadster,Green,7
9C080C9BE50DEAF1525C6C9445E5AA92877511AD07019BF1B5973009DB18C8DB,Footwear,Slippers,Roadster,Green,9
633205EDF4B31BFCA43E310B8E0DA6E5929D0596951E235EC8F9DA3CAF92C050,Footwear,Slippers,Roadster,Grey,10
E711BF73EEF857D300B714F156C5C14736032EA747748EC24E0F8AA5042D6E0A,Footwear,Slippers,Roadster,Grey,6
85E430643EB582C6620341DCDCFF5203013E324B0E29A806C8C2C1B6F7F7399A,Footwear,Slippers,Roadster,Grey,7
FAF229190F32CBE227A44258AF9BB2EE392524FC46D59A57262B45AF0770ADBA,Footwear,Slippers,Roadster,Grey,8
C1ECF9D980DAF556ED91584D86FCADAB6AA5447829CD4805A4CFE945D8A7E38C,Footwear,Slippers,Roadster,Navy,7
4676D84D656FEA7297E30BB0F3D47D863CB9290625C3DE2FA4734B2E88612CBC,Footwear,Slippers,Roadster,Navy,8
DD06E2097D5815E4E3086ADC4872533593F44B2D9CCE323228220FFE484A1885,Footwear,Slippers,Roadster,Navy,9
3A05137E6CBEB20F24A4C5D0CB4D2A0CC46D0BA3FA6C02E7DFFB4E0CF95D62D1,Footwear,Slippers,Roadster,Pink,10
DE1BA097CDF5E76078F83FB267D20674D1A9BFBC8EC4BE7613447BA502CA073A,Footwear,Slippers,Roadster,Pink,11
05784170E26B1E01B01D6A03DC89ECFFB1A7AC60DC828F6A0B171212A6294F91,Footwear,Slippers,Roadster,Pink,9
C3AF169CE63DDC8B10F60D3AF44F239A170AA0E6B9A358EF5B601EA5BA504C1A,Footwear,Slippers,Roadster,Red,10
9E30B9032D1CB59E0FF3FE2A6AAC21128FFDA05E2BE5B3B4AAFA30BD00A5F832,Footwear,Slippers,Roadster,Red,11
AF4D085EA0D4632C66A6D528FB2707AD5451572C44635F63059B51E15DF67EAA,Footwear,Slippers,Roadster,Red,8
F1C0B5EE727CF25D04FD7177F7CD0CD95F8BDB42805B7CF8C8FEADDE59FC1096,Footwear,Slippers,Roadster,White,6
4B40C3C2D4F95624E3AAA78026817A56FFCE458D7C1D07CEF07A071D1923C362,Footwear,Slippers,Roadster,White,7
F46199C150C62865862BC618F87241733E7F6EE51D0E97706441D95D3BE9DD07,Footwear,Slippers,Roadster,White,8
36E550CE39E765D6C83C1B87F3E71233F64D57EEE683A59DFB6C3D6DBEA4ACA3,Footwear,Slippers,Roadster,White,9
AE9D13C013922FCE4816B8242EF321D9D6E6F5AAD1ECB1B496D4EF77CA38EECD,Footwear,Slippers,Roadster,Yellow,10
ACC4C3AA6BD4489F54BA53E4EB31F9BD49024C90B092F5D6EBCCB4D10F95ABFB,Footwear,Slippers,Roadster,Yellow,11
1A420FA1FF76A9F5661A3B141547ADDD4025B8DFFDA1D25327A1A66DFF382E84,Footwear,Slippers,Roadster,Yellow,7
5F1CDEEF0FE84DF591C53F01F2E302B6223A2F649006AF69934F3ADC87A9AA5F,Footwear,Slippers,Roadster,Yellow,9
B0DB54AA1D1460ACDCB8B3758624E2904844296FEE43C5110D74E93C45A089A9,Footwear,Slippers,US Polo,Beige,6
DBBAFF9CA3CEEA3FD5B81A930C87187A27F1CD795297D26D784B9BE2FABE87A2,Footwear,Slippers,US Polo,Beige,8
7D2045A81621F4902CAA709EA780094799C98E442836F1AE01378D794064F3D7,Footwear,Slippers,US Polo,Beige,9
07B446B421B633C35B0F071DC4D077793A4D31B0E04382719EE7E801B28BB1D4,Footwear,Slippers,US Polo,Black,10
5753DC8882A3925AA053C7A1566708A85A4BE6A70163B941ABD320C00652FBCD,Footwear,Slippers,US Polo,Black,11
51711586F91799625256560026CC481F914916FE09F21F230F1459B3BBC6F97A,Footwear,Slippers,US Polo,Black,7
74D836C8F05D8255A8040F7D48E1814AC856953107F937E2653A960B7F02A533,Footwear,Slippers,US Polo,Black,8
EE27334BFFE8069ADD30DA878D25B350C8C55C861943F7D2E92AEEC0386613BC,Footwear,Slippers,US Polo,Blue,10
4785D15F005BFF6E03C05D99C4030C4AECBAE844107088A57FB72DA726C05B9F,Footwear,Slippers,US Polo,Blue,9
C3E3B1E03F8D59C3F2FE1278BA6E7323C518CC53CA4C3123978341949CE4920F,Footwear,Slippers,US Polo,Brown,11
C571D72170323E67E20B9CF7123BFAAE3A7F055764886F649AA3904964237DA7,Footwear,Slippers,US Polo,Brown,6
805222A39E9B990FA443ECF1341DA5A1DEF9C05FDEEBA4D144113791C934BDBA,Footwear,Slippers,US Polo,Brown,8
A1B60D4B1D1934F778A820D30C904D2BA61A5F484B823BC7CCFB0D0771F9DFE5,Footwear,Slippers,US Polo,Brown,9
9701D040F652C85D7634EE6EAB0DB8E426D0EDD177EA50FDACB51E128037196B,Footwear,Slippers,US Polo,Green,11
29F84227BA84227CF428F62233364D8DAE57E6AF08D8588CDAC329D074A6B19A,Footwear,Slippers,US Polo,Green,9
D71FADBB71B2CA14DE224BFEB09C09BDA4F15AE0E615347DAB50C7D4298CF9CA,Footwear,Slippers,US Polo,Grey,10
9546CB14DD450BC8B4D09C922040BFB0BFE53888C3D476CA5BBB1F802B43CFE4,Footwear,Slippers,US Polo,Grey,8
4AAF0B280BC6B87F69F49184CA00705A00EFFC85949C5A913FE4A18F1D04D558,Footwear,Slippers,US Polo,Grey,9
6404684EF38049130574D8D4A464C79B43FB3C28CA88171A5B55482B96A13BE9,Footwear,Slippers,US Polo,Navy,10
35F448325562F179475688C94D24F84A78B4391C280DCEC0F3AC4C8D256B9629,Footwear,Slippers,US Polo,Navy,11
3D24FEB864438AAE3638A2DF04AB9A771ABB66A513729E5AA5B9B7A0AFC0355C,Footwear,Slippers,US Polo,Navy,9
5CDC39D7F53D62A544D400D865E4B0FD4E697C82A8491EC4F716CB45636092E8,Footwear,Slippers,US Polo,Pink,7
926AB9D249678CE1D718EF3ED68FC5E0AD31B88DB9D17951B104F6631377D13D,Footwear,Slippers,US Polo,Pink,9
0B5778333FE9CD371122AE7DFE8D84FF9BE7063C8F79ECAC8707DF7FDE7896DC,Footwear,Slippers,US Polo,Red,10
19115686A59198AD1C2C3C012D8CD04CBD879D27AE64A5FED10FBA165EA8EDD0,Footwear,Slippers,US Polo,Red,11
90DDD1C1BB99919262D0862FECA345CEA4C75F8E4A0E624E2B85F33B6C57165B,Footwear,Slippers,US Polo,Red,6
0EF7740B6E7A6177EA6AA95E842220B691A9AD8E297D4334021D08566B062C85,Footwear,Slippers,US Polo,Red,9
2003526BBB7BE924D514CDD7BC179464E9B84ECAE5E946178D75DA4546E188C4,Footwear,Slippers,US Polo,White,11
0059AB5B3941780CDBAA4930C3D1B4E5C151F05F449D338138FCA58B5D2DD44F,Footwear,Slippers,US Polo,White,7
BB94B4630C9282A6C14DD9BFA2859F7D31CE9D46FA57D67F8E189C22E8F3164B,Footwear,Slippers,US Polo,White,8
D219AAB2BE60094AA2E70C338DEDD285157B570612710A2598AB7849752D200D,Footwear,Slippers,US Polo,White,9
C2D586F2B7F64CD34CCED13B2A15E0B6B4B129AA1C945CF3D2C8AE04745F1B6D,Footwear,Slippers,US Polo,Yellow,10
6BD0F9E9852FD6E10A90BDAAC11E81B672C1D3BE816EE55F66BD2886E532F41F,Footwear,Slippers,US Polo,Yellow,11
27DA2D0AEA7141A62F59F6D5F8E9B2C2045A33FE1E0787637EF743E0D1507C48,Footwear,Slippers,US Polo,Yellow,6
65ECA26A819A7B086049BD8538AFA782ADD4FD017EEAFCAE1253153B0DCAFDEF,Footwear,Slippers,US Polo,Yellow,7
2BE750F00478049AC2B2472CB397CA3C8C8E68D9922185B8D2A5EC5941FDB6D3,Footwear,Slippers,Zara,Beige,11
A633CAAF3355AF1B66CB8CAF5B92F51B31773932BBCD50A3E6B474D0692E960D,Footwear,Slippers,Zara,Beige,6
4C4E66750BB462F10EC8DE992A9DF898B34FF4D6C31073A931CA349E57092DD9,Footwear,Slippers,Zara,Beige,7
8DB228A4ECE0A25BA83182FEF41A545BAC99EEA043582BABC84B9691AA80559C,Footwear,Slippers,Zara,Beige,8
195880124BF03576D6FD431D234911FA4B78AEDC8960D3461B3044CA67D15DC4,Footwear,Slippers,Zara,Beige,9
688445A90B20C8B2BB151BF29B05BF0A336417652090C0EDEDC0F6161E97F1E2,Footwear,Slippers,Zara,Black,6
83D928CD34766755EF281A26F6360E709AEC6CF5A7C9827F50D0396A8592B973,Footwear,Slippers,Zara,Black,7
FD42E8D35268D15F916AC71B6DFD361651772F32166FB81DAF67AA3A1409BC55,Footwear,Slippers,Zara,Black,9
316486F3F23E5F03C5F5A1F2116E85D2462E81B8EE0E258EDC0A847434E78C99,Footwear,Slippers,Zara,Blue,11
B14C9280B068D23BB6D0AE1925736CCB6626A14C60D72B8B79C09178220CCF05,Footwear,Slippers,Zara,Blue,6
15120F4E37C044C383389D59AF1459BA5AE6C67CCC90D63E7C4441825CA4F538,Footwear,Slippers,Zara,Blue,7
F4DAB65FF081B99148DBB853B2C3E46B49D47CF4A69E94A3199A63602698A1B4,Footwear,Slippers,Zara,Brown,6
6B7B9B71914B5586FDD99E260031D2B3B6E98448538B05C5CA422E5D2F55B00D,Footwear,Slippers,Zara,Brown,8
D63A30161D6773C61EDAEF661214F684578BCC9EA1EDD60A1F9380FE50791ED3,Footwear,Slippers,Zara,Green,10
0A9AE6A0980D8CD6D4542C909A7BB482C6C06C899DDE0FF967056A00EC785446,Footwear,Slippers,Zara,Green,8
A02A918C7DF077B19DDFC63912610DD6176C9E2B92DC016C28758C06B705B3F4,Footwear,Slippers,Zara,Grey,10
8C2B772D5AC625116120873E0A05140F3470306F8342DCFD23B9B84F41EB24F3,Footwear,Slippers,Zara,Grey,11
7607573863E6185E014687FE5D0B687B22B57357F06B2866DA922411F40A919D,Footwear,Slippers,Zara,Grey,8
E61A4C5DBDE6C115C139DC810B7D5F1919C3786248FFDA2873020B3420DA36A6,Footwear,Slippers,Zara,Grey,9
BD62407376ED83AF886968EA0E1F38A5AAEEA727572569BBEF8F5AF814D3A4E1,Footwear,Slippers,Zara,Navy,6
31A2F80FD94CB939633302B2FC84110DCCE4068E44B708B08380158DB7EEE2EE,Footwear,Slippers,Zara,Navy,7
7B575E22DFCA601F1442F537B0F328C5F884449C5495166B9021C0D80D72A09D,Footwear,Slippers,Zara,Pink,10
3A5920B97EC1F1253FF924C612FDF713188AC0346660A7637DAEF66A7A453C9D,Footwear,Slippers,Zara,Pink,11
2A3F273BE6B1E174B8EE2A26CE01AACAFB689F98EEE6E328D7DFF6EEAB77F868,Footwear,Slippers,Zara,Pink,6
E3F95F6CD4B19030381E31F7361D87CE2692D3B50929C51F81D20CDC01976441,Footwear,Slippers,Zara,Red,10
73FA5A0E89A6251D99906CB00F26897BBE9F652CF43FEF2E8AFAEAB5EFC34C62,Footwear,Slippers,Zara,Red,11
7B0B3A1D02F80E14C3E83707E086D3667C345879F87F4B5007A177AEFA977DCA,Footwear,Slippers,Zara,Red,8
5B3B255057D20A0413FF6FC5DD1C1DF907D10AF8A1A4B6E69C2B9E2DB12C3D94,Footwear,Slippers,Zara,White,10
5ECB3A6D0884871743AAD6F8C82435D716126B946B55B736A241B2CFA890B7D0,Footwear,Slippers,Zara,White,11
55A809E4D1DF9652747BC040D055DF1A146999FC447BC9380C785E7943AD3EF8,Footwear,Slippers,Zara,White,8
28FBAF2D7052986A2624431DDB0CF1B5CB9B45793BED563698E959EDFBBAACD3,Footwear,Slippers,Zara,White,9
40D442F2E2AB904500A91AEB36F1455C4C29229DF1AB3732624388BD5BF50018,Footwear,Slippers,Zara,Yellow,10
F572F00FB0AE805817D1628A3C368EADB86AE03BAE4A0396E9E2BCC832517EED,Footwear,Slippers,Zara,Yellow,6
A86AF028DC090D5A85E8A48A469E6A3341FCAF5D5662CCD5A5AFA0822D624B4B,Footwear,Slippers,Zara,Yellow,7
281B8D6EED1C7F7B8617BA841540F9D3396A2A51F897A9958E23CA13296C699A,Footwear,Sneakers,Bata,Beige,10
3DADE329CEE0DFAF3D35820AF0DDCDDE245E323E43153C82E217942452D6C8F7,Footwear,Sneakers,Bata,Beige,11
FA8006BE2878D54D062FB1704BC2961336BFD4E18546711C99302AE69F82F3FE,Footwear,Sneakers,Bata,Beige,6
F8B8F1132BEE1313652A21029D0D2FAAF844FE3C82A447939AF279EA9F2F565B,Footwear,Sneakers,Bata,Beige,9
49EF3AF7B6B1388621DF2AB7BC89DFEA043365B829315D34350943B0CF8F3861,Footwear,Sneakers,Bata,Black,8
46266346EE114B7318834F4DAFC8421DEF579C0CC22B2BE1E3537457AA16D46E,Footwear,Sneakers,Bata,Blue,10
274FD03A34454C5B271E0D1618AF1F3EA807342FDD6A87BD4F6A234F54E967CB,Footwear,Sneakers,Bata,Blue,6
6B00D423E2CF809D4CE45160DBD5B34A372DF531E4675F3D016D8BFD3AD5BEA8,Footwear,Sneakers,Bata,Blue,7
10239291868B16334EC653034320083D20CF5555471238A5CE81BF4B84CBBE02,Footwear,Sneakers,Bata,Blue,8
793D29AFCD7240AE80C1D6C42515CAB374A73C710CAB08FB1CFD9D5E74D03E97,Footwear,Sneakers,Bata,Blue,9
50A11053F238E1E4264B41971676707EF420E718BA64F00FDDB15713D6FDBB9F,Footwear,Sneakers,Bata,Brown,11
89E2F55FB7DACF547CCDF90A56690FF6919918C04A7B7EF5FBC84F7469E2AAAB,Footwear,Sneakers,Bata,Brown,6
822B1D60601B7890F2980B02291AD43278981028F3C79C28442468075604F6C2,Footwear,Sneakers,Bata,Brown,7
401A9B65A7F23E4D8E75FE948022F880D0E3A0546A6B47C3DA98503817ADEC73,Footwear,Sneakers,Bata,Brown,9
FA0AF79455802399E18A76E887C5D909C361FCB966912CA4C7261491A32D5EAA,Footwear,Sneakers,Bata,Green,10
5BFE2F093976BBB069FCE60E8B8782ACC843FB8822289566795AEFF11849525F,Footwear,Sneakers,Bata,Green,11
12002D3E59A1603A44B3630213844A23AF0A0788AD74E23327FFDA442D7547D3,Footwear,Sneakers,Bata,Green,6
6E17A991C406A5DE2A67E6B83BA10F22AADF69EE53F94A49E01581706CC8E982,Footwear,Sneakers,Bata,Green,7
64A1963A99C7E1ED915C193F997208847B20D24819233DFE172319B71BCB37AB,Footwear,Sneakers,Bata,Grey,11
860FEFC9F3964CF1F278C46F66995B64C1066850482117DC9956079702F7595B,Footwear,Sneakers,Bata,Grey,7
742F542DCB04630DC5094AB6D708D9A1D58270DFBE162380070DAF3558097E28,Footwear,Sneakers,Bata,Navy,11
B2C3304D5328CAD08F521A24F93A9FD5C5C75024BD5A1A68AF8738558CDFCC10,Footwear,Sneakers,Bata,Navy,6
7C0AD80FF4FE428D3C0153C1920F339AFFA57720F7CB6B7A339793A34D0043B1,Footwear,Sneakers,Bata,Navy,8
BE1C7B1C45406B30775EE19C14C917651B21A625AC54E5A5AA48FB77CACC1074,Footwear,Sneakers,Bata,Pink,10
70A3087079D9F5214B7075FB73F14F15F6BABA56B45E26BEFA428E7E5A034B5E,Footwear,Sneakers,Bata,Pink,11
17727DD4E9BB4FC08555AE66E624AFF1FFFB75FDCF6CAF81A5C6D1E10B4EFBE7,Footwear,Sneakers,Bata,Pink,8
6F918E0EDA59A038AE3837AB9BA0238642C74DFE47BD2B4AE7EE8EAAFB027BB7,Footwear,Sneakers,Bata,Red,10
91A2C306BACD0045483562C9F6A80CD9111AD75A6D7B07AE2860D8974774A004,Footwear,Sneakers,Bata,Red,11
84274C1D60A41D1DFF85FCFE13F2BB46A07CBA4813932736D42547E2315AA5AB,Footwear,Sneakers,Bata,Red,6
C3970AF553780645184083CCEE1450CB55F950CAE8E11C6057E697A1BE138785,Footwear,Sneakers,Bata,White,7
009A570F1BDCD62B006D1AB871FB71B3D023C2FD91A934C6CA9F00A8501BF322,Footwear,Sneakers,Bata,White,8
EF1ECA25F511D4DA78EA038C0591682AB54CF231C04E3F38305091F9879A1CC8,Footwear,Sneakers,Bata,White,9
ED5902B855B2AF75A7D877D9EEA4C675744C6FDCE2FA4CC3F787C0E857357C9B,Footwear,Sneakers,Bata,Yellow,6
455E5E1BE1C773D81F99234874BA7CCE1C23ED65D5860044B6B5ACA529D809EA,Footwear,Sneakers,Bata,Yellow,7
603945803E1EDE7EB849B2BB2D65F44A07242F6D5836264AE8AF4306C5C4A835,Footwear,Sneakers,Campus,Beige,8
15B9FFA94E7F992AA35AE045000D5C4273391476E7477BADD203EFBAD6BEB87B,Footwear,Sneakers,Campus,Beige,9
01F09218F8EEF266B9C7B8406E0B510ABDEA3AD5C487078C16BF4FC6C1370D9D,Footwear,Sneakers,Campus,Black,11
271A365B70A24D2CB61E81CB40E79F0C6392EEBBC6F0C67B095A836F6D2ED1D8,Footwear,Sneakers,Campus,Black,6
80F25FBCB995DDAAE46AA30132E2BABBFB6B5FBBF67AB8F607B2D6BE9D3072FE,Footwear,Sneakers,Campus,Black,7
5EF59CC4038A4E9867927DA204B6F8CF81593C18E655F90AEB200111069D4A1B,Footwear,Sneakers,Campus,Black,8
64095BDB80B129193A052485DC1931A8B9AE72DBA2BD3364554D2B946EEE6FB2,Footwear,Sneakers,Campus,Black,9
C63FECCDEFE12B8C88817BD4BBEF64E8B70FE20FD23A32818547206BD0833F8D,Footwear,Sneakers,Campus,Blue,10
20C12408036C864E57D262E81A480E360DA5DCB924C87FA72E6BBE807EA1F8EC,Footwear,Sneakers,Campus,Blue,8
742C1EB0832C1ECF64D15697506F74B4B9D7FFCF7D76161E7460468AE17A6631,Footwear,Sneakers,Campus,Blue,9
B75D52634437F331F5E64682187E1D1F7F418B64E36E2DD99F7E5AE897148A54,Footwear,Sneakers,Campus,Brown,10
9FF3D5CA9C107DF0EEDC1993FCB5A580EF08BEC6E3D7296E7EAE002E915D66D6,Footwear,Sneakers,Campus,Green,11
ED329BC2BBF23DEE63167A002CE31F8F148FCB86677939752ED4AC6892517AC4,Footwear,Sneakers,Campus,Green,8
6ECF8C3204C683BCC3D3886227AAD6A4E45BDF1EE31383CB40CEF30BE66B0DD7,Footwear,Sneakers,Campus,Grey,6
0E6270F6AA59260D04AF4B6ACBC16B49EFCDD56D169B5FE5839DC197BC825313,Footwear,Sneakers,Campus,Grey,7
663C81C9F156E21B0ECE76EE3EA4B4167B0EA3866C8D5155F79BB4C7940AF20C,Footwear,Sneakers,Campus,Grey,8
833C6D556C8C7E1923FA090BCD937BB0F4833A81BAA6B5E3B764DE9DCA1C110F,Footwear,Sneakers,Campus,Navy,10
3ED3C133E6986C44AED9937634EA29263D4685035F2164DC60D5EF09F60790B9,Footwear,Sneakers,Campus,Navy,6
36735AC4675FA851D8180527BCC270F4AE09645F0C7F5076811D12EE2AA36B31,Footwear,Sneakers,Campus,Pink,10
09613F4FC060D421383827BE1927B6A2B10186351395461C5A77E18AECB29149,Footwear,Sneakers,Campus,Pink,11
BC35FD983AA2799EE9B898DAC7326CC2B0F2D880EBA2D549451EAFBEEFC54C55,Footwear,Sneakers,Campus,Pink,7
2EAA2E6DAC9E47429C58C00C1FF59D8C1D0C02AA25B3D78B69CCF679394119DE,Footwear,Sneakers,Campus,Pink,9
52ABDBF7C9FE091E73D218E4CA58790C852FA1E087843639445F4B97FEE0FE0F,Footwear,Sneakers,Campus,Red,11
67B099F7DD76619E0B617B2CAC3C0133EFC34115DB86211097EBEF86F8F6FEBE,Footwear,Sneakers,Campus,Red,8
5534E2335401541003C7D8D41FEDDDA8E7F3573CD26F52C8689354E33CDB8BF1,Footwear,Sneakers,Campus,Red,9
8B959667385A347F783FD6DE05FE55233D85523C9FD2F89C9CA2A9CE57AA3F62,Footwear,Sneakers,Campus,White,11
C9CC653E38C55505BA586F8348553804ECFBF533149A4D86C58F5E382018BA76,Footwear,Sneakers,Campus,White,7
EFE31D4F7357A69881775F545D6A63788C8A8E04E0A351C69A298F6C62B1327E,Footwear,Sneakers,Campus,Yellow,10
F9D0EA65BAD8EECC850547A5B6BF74437A52495AC012ED6171A4E7DD0755AA22,Footwear,Sneakers,Campus,Yellow,11
3042CAD55284C57EF658C99E03FCE5185AC35A16885FD0C4E5C3737370A61950,Footwear,Sneakers,Campus,Yellow,6
EF4FC0605E26721E6A1C0EA4E0C36C3E93273ECBE5612832A75D5427CF0C4AE8,Footwear,Sneakers,Campus,Yellow,8
EBD2B132EB309F986CC68FF77EB99D2AC3723BD4BB07329EA78A50DAD393A8A9,Footwear,Sneakers,Campus,Yellow,9
A1788B187D4BAB9BBEC179B69AF186BD796E458B03BBEFA916F5AFEDCC096331,Footwear,Sneakers,H&M,Beige,10
EC5F3612BDDB5BFE84F83164613AE158FA3FF8BF02F01A93919BC81BB9A1EA9C,Footwear,Sneakers,H&M,Beige,11
3FDA8CDE12D3DBB8F5FD587B3A178310E9BBCC13707E03B3248C39EBFA1100D1,Footwear,Sneakers,H&M,Beige,6
4FBD98EE25414B9FDC0081E0BCAAF50EB7D98FC010EDC2DDBE0929941B89289C,Footwear,Sneakers,H&M,Beige,7
62B78BAB0E214E56EB7863F1A5803913E86AD76619A1311E2395BEDB11FB064D,Footwear,Sneakers,H&M,Beige,9
620061B1BCD5C99A15BEBADC6D2110B1C7C76763E0038DDDB55618EC95F7FC77,Footwear,Sneakers,H&M,Black,11
857177E169ED29D8338871014AAA1545F09B32C490A482C09730ED443618860A,Footwear,Sneakers,H&M,Black,6
DA93B5D323A4BDB45DE9A02A3C4D38899EB2C8FF299CF05E9A61605AC070E8C8,Footwear,Sneakers,H&M,Black,9
26CFAD3099FB3D06F68C9EA69E2DB6B67EB0470F7666D85F90E133D6F1E4575C,Footwear,Sneakers,H&M,Blue,10
037132BB638858E3A652B4AF5B1FE7FD1BEC955B804491DAFDC0EEE84CE01057,Footwear,Sneakers,H&M,Blue,11
4D379962ABD18FFF506F1F8FB632663AC8C3DBA6AC2345626953FF880B1CC8C8,Footwear,Sneakers,H&M,Blue,8
AD50DE4D263B9EB455BF20D7D3BB97F93FE3289E6BEC8AF25573B72AB858A4FE,Footwear,Sneakers,H&M,Blue,9
8BC4BCEFFE895977E4DE47BB8E60A7D4670449B15EC692B68FBBBB3186BE9D35,Footwear,Sneakers,H&M,Brown,6
B4CB88EA8D7BDE198ACC19BB37679D136547C126D884795CB0C211447CF9AF48,Footwear,Sneakers,H&M,Brown,7
A6F6C6E8379711675304AA22F65571C0717AA7957AD9EDE3DD8A4690A58B59B2,Footwear,Sneakers,H&M,Green,11
679EDD7487BD11DAA58EF56896E5CEA38B126CF95E67536372A630462BB030EA,Footwear,Sneakers,H&M,Green,8
E38CBDADC24A04A8385A0A331E2FC8FDB18EB81FF00338F0EDC3351CC271916E,Footwear,Sneakers,H&M,Grey,10
7BDBDE766D2B012F9E6A56F0DD8EE8F418123408380A7AE4A0DD094EAABAC3A2,Footwear,Sneakers,H&M,Grey,7
1472F62AABD67028475FFCEA6162745E82F206E921359D3B11C403977C8ACF49,Footwear,Sneakers,H&M,Grey,8
97B4AFCE5253AA69024E7C4854D2B0994D61BBAF200F2503DA2E78CDE2DF8A06,Footwear,Sneakers,H&M,Navy,9
ABD426D07B8AEA91F20CF2F820206FDFA2FF356B9BCD59F00C43CDDF673BA323,Footwear,Sneakers,H&M,Pink,7
52CBDAF3E1A89CDEA6E3872A85135D592B6B03D76D24C2A67475452AE78E774E,Footwear,Sneakers,H&M,Pink,8
9AB7057B040BB1D8819A9DA8C0C519904EDBE21EC87CFF4EF14BAC74CE42F653,Footwear,Sneakers,H&M,Red,10
0A2B57582206E4FE35AD14ADDFEBD8D095EEF6BE7F2CFBC2C9353622D830D306,Footwear,Sneakers,H&M,Red,11
832BBD78E5D383B69EB85F6AD3C0A23CEA60220CF42EDCC840EC0C5A9AEB17B1,Footwear,Sneakers,H&M,Red,7
428649BAB6546414D934B52F002AD5B75813FE10319BF503A2F9D7A9665674D2,Footwear,Sneakers,H&M,Red,8
20A10869253D9CCECAFC2D6B331AE675D6FDCAB07682A5644F3B8D8B3A7274D3,Footwear,Sneakers,H&M,White,10
2DB6A283705A8DFFBB906AC67C4624348A6869748DCEF6FFB7A88A0E6D3F3F92,Footwear,Sneakers,H&M,White,6
E652FFDBC14CB01864F22EF0BBE1925BEF180FDC90F064EE5373B095ED2BC8D8,Footwear,Sneakers,H&M,White,7
444DF8A717B475162429027103ECE1E245F85B2DC45C5D06DBBD552F5A0DF8E4,Footwear,Sneakers,H&M,White,8
A00B91EE8F5DB832047803F6FD3178023C39E6CC37A82FF3A180684407E1D58A,Footwear,Sneakers,H&M,Yellow,11
DCBA898DEAFB4E79B91B4D6627AA083DA4173F5CFD4E84AADC457A636B9EB9C6,Footwear,Sneakers,HRX,Beige,10
12F5610D1980AF0174DC930116236FB34ABD4D642AD5DA8657C74850596FA4F6,Footwear,Sneakers,HRX,Beige,6
A9A7033E637F171316DB38ADDEF01C7B62CC6B80ABCF78D8325C14B5C6AD4EF5,Footwear,Sneakers,HRX,Beige,8
42D8984889237C48A733D1BBF41FE1365C4B346B90086298ABDAAD72DE1C7044,Footwear,Sneakers,HRX,Beige,9
2BBE8CC1871744CCB226D07C6240A075922DBC3A2A73B76799446D48BED4E49E,Footwear,Sneakers,HRX,Black,11
A6E0CD4264CFE0017E579176CBF670C5994AF5933EA52203D3A8A3192C354EAD,Footwear,Sneakers,HRX,Black,6
8D98EDF7F05649FE9D8447A5C39614D633F0F0F89985C75AC669F1E8EF1E65AE,Footwear,Sneakers,HRX,Black,8
B923A459E913BBD54F20C4A790E047DE4C38716B288E400063C4800EC615C985,Footwear,Sneakers,HRX,Blue,6
82F65D4584414F6F25FDCDDED4D96883A7525F4111F969227639C0F77D8CE665,Footwear,Sneakers,HRX,Blue,7
F6D35871B7676CCFA84D1C18B2A70C0CA76FC0CE0A4743E50801333E99220F08,Footwear,Sneakers,HRX,Blue,8
0EC4AC8035864ABB5953217453ABA71DA3D9DDEEA337F406B66C2ECA2FAD5473,Footwear,Sneakers,HRX,Blue,9
DDA0D550F6439A3F291208404C67BCDFBB3155A926B49B5B7580220D1EF5D922,Footwear,Sneakers,HRX,Brown,10
1A1E9E166027ED92712FBB7148E1F9AF66F57C3D602A89F77E9FE65FCAB391A0,Footwear,Sneakers,HRX,Brown,11
500535326E2FD5F4A53F4235121C24D384169DB60115B4890B29E7C6A9F32302,Footwear,Sneakers,HRX,Brown,6
23757CA88A0E3CA3A75147A5A436BB998E3D8DE6EA8FADB19DE5ED4FCC77FE14,Footwear,Sneakers,HRX,Brown,8
75E7240489B6C64E33770F6BC494A7F1C0C7FE9EE1C755911C0CC0C712D7DF9B,Footwear,Sneakers,HRX,Brown,9
7F1AA48C777AA551D2F1EF4BC11918F402D87A37AC55E662B3764329A3715DC5,Footwear,Sneakers,HRX,Green,11
5D6B69B6733D02EB172CA8A8EA9A74CB6D3C915C0790200AF0388414382687FB,Footwear,Sneakers,HRX,Green,7
E0412F424E75FC93ABE2E94880B5585CF27DD1D457FA9F48765B4192453E4F31,Footwear,Sneakers,HRX,Green,8
0B0AC749FCA190D224AF1DE521502C9E7BFC6B7C816BBF214110C94F726C7DC0,Footwear,Sneakers,HRX,Green,9
6FDBAD94D996FE2EABC41994558B9837EA038366C9792A4D769FA38D9A4E00AB,Footwear,Sneakers,HRX,Grey,10
018679CB7783F1CC1C8BF7C7F85295DEB43AB18C1DC6483DC619707D5A54EDB0,Footwear,Sneakers,HRX,Grey,11
BEC94A96830D1144A8C1FFE624619BF46F29F795AD58CCF2F37828D45227154C,Footwear,Sneakers,HRX,Grey,6
09C668BA396B17B20896B31593B0E6AC5E2B8C10BF691414B5B8E8222BE318E0,Footwear,Sneakers,HRX,Grey,8
1F502BE068F2D801795AF56AF61B80D539AACFF94508D141896048C1061EEFC0,Footwear,Sneakers,HRX,Grey,9
AA4EFFF6A05305D23B531F7BAA575F053401F1F8C49CD0EA65208403C92C42A2,Footwear,Sneakers,HRX,Navy,11
C2F63D637E6ADAF865B894F2C95537650095652AAF49FC1722A87A897718D70E,Footwear,Sneakers,HRX,Navy,6
AA9ADBA0ADD9D412B3F7E0963075186AB9A9F4F34F787EA14858B53284D0965A,Footwear,Sneakers,HRX,Navy,8
B8C94C97F9BACFCF8DACC1D557F469C33DC39759107898932C5E74E266FC2FCA,Footwear,Sneakers,HRX,Navy,9
22E13F89B355DBD22D0AB4477F5ACA63A8FCD4D67A394AC5CC136E56337C60F6,Footwear,Sneakers,HRX,Pink,10
E707238D80373041E4ECE2DCA50425D892617FB144E5027632446894BF732D60,Footwear,Sneakers,HRX,Pink,6
E6A53B3D02D98981B91FEFF6F95A427343B0BB55CC5BF13B12D8718280002C5F,Footwear,Sneakers,HRX,Pink,9
F711AEF647B7A11B52C35AD11B0B5B53FB8F7EEA1FA2A3F4041DDE122442E171,Footwear,Sneakers,HRX,Red,10
265B66D29652B20D638FB8F05AEEFB36D7DD3F35FEE8796F94095BB79264FAD7,Footwear,Sneakers,HRX,Red,11
7C388B9898EAB039BE4E1122A2FBFF94BE7CFA97C8F3BC1B570ECE8FF74A2FF2,Footwear,Sneakers,HRX,Red,7
CF4EAB9F2129317A38F08C35C52188BD761DECED929247B470A4935A38F38DB7,Footwear,Sneakers,HRX,White,6
C1750FFD34936E5A506EA5081AD489E5CD8A462229A76330B8F84B7224A2667C,Footwear,Sneakers,HRX,Yellow,10
29AC38BA7564EA876D0FB470F5FDD5269B70317AE4BE584C5D06A0687B74D8D6,Footwear,Sneakers,HRX,Yellow,8
3D1AED30EB4D000935283A8EA6B1E24581CB8592D01943F4AF98391D42C3CF6D,Footwear,Sneakers,HRX,Yellow,9
F75AAA39A36D85549AEACB5A7F4A24E083C0687B97A3739161DA80CC98BEE458,Footwear,Sneakers,Max,Beige,11
F3B04131DFAE78DD137F68C1E398D976B3097BFA1C399734DDBB69500CB8233F,Footwear,Sneakers,Max,Beige,6
593B8DA5014EA6FF15FE5BE40EFDB5B102B9A881044C55C8673131B19FC51184,Footwear,Sneakers,Max,Beige,7
6D3E3F81BD96A8002690EFDFC72B940D75E596EF921B5B099295AB33F4D0767E,Footwear,Sneakers,Max,Beige,9
A8329082368D74429420ED04048FA2C939CAA0075D39A58184D723D9A374FC00,Footwear,Sneakers,Max,Black,10
9EBE6D380DD51A079DDED9F3A0B0B69CDB6A478244F14EC4EC750F5719A8546E,Footwear,Sneakers,Max,Black,9
13992B55FDE6DE740028E93EDBD3481FE5777C1AA195564DADCB5CB60FE00C45,Footwear,Sneakers,Max,Blue,10
63F848E9B222EE7A04F7879778A27450A602FBF291E236ED8E6088FAF925E759,Footwear,Sneakers,Max,Blue,11
1930DEB54689AC786E7E144751E03E644219823D56CE3B24438D69F8BCC0D7B6,Footwear,Sneakers,Max,Blue,7
DB22FAE155A1E9CA8168E7C5E4F096ECCA2E420D3769C60BBD7F1CF4F12A1A6B,Footwear,Sneakers,Max,Brown,11
215EB8E1E91C4A3E87B2D9D88D5989CA6BDEC045557E94E6B81C26796AC87090,Footwear,Sneakers,Max,Brown,6
7529E98EA4F6AD515A955C336AAC1ABB54782FCF93CAA0B037049D0BAAE6F834,Footwear,Sneakers,Max,Brown,7
856B780E47387011950016195828A3905B579964090FDBA05448B298BC2053A3,Footwear,Sneakers,Max,Brown,9
FCC3941637BDA45C000C4BE81EB53D7BFD5B4AB37E24A8FD98DDCC7968CFC3FB,Footwear,Sneakers,Max,Green,11
71FD53ACBA712CEA6DDBD4351918B5D0F3C87833148849BA2F52029CDE8B45D7,Footwear,Sneakers,Max,Green,7
A72E6D83909064E83A23BA8943915152A1D21C525AB055011A416D3583D2AB24,Footwear,Sneakers,Max,Green,9
058AE9B82DEF6C0AB90928A3828BC79795C0944CB6BF8A00453C38C34D73D35C,Footwear,Sneakers,Max,Navy,10
DC5A90B6657C684262A029A054BF03EC38EFB0CDFD9E67D25D7ECC8A57BB6DD4,Footwear,Sneakers,Max,Navy,7
B683BFDFCCA395D97C38F27C9DC6BA60356B00DEE227264AB5C9EE017761AA55,Footwear,Sneakers,Max,Navy,9
9411D4128A9F5370A9881788C221983A8FF2A847EE094287C51A73A3A6471263,Footwear,Sneakers,Max,Pink,10
336C4B76DE52409869CB0AED67079A3793263EA584E5824104BA9A6D0F6A4CE1,Footwear,Sneakers,Max,Pink,11
DF6B6A69557703C724CC27F75F932750DB839BB2655A043545B3118B93A82B1F,Footwear,Sneakers,Max,Pink,9
908E132D67E1C7B045D6DD2072165F9836279CE148EF3A02BD190629290BBD41,Footwear,Sneakers,Max,Red,11
DB4EE2A51FBCAB47B526413A27936A7A547DD1A53B39D44D8181B9D4ADA92174,Footwear,Sneakers,Max,Red,6
0D3198F4DAA92CA7D618A176EBB4D81A079F8E3AA95D4F9C8CB1B22B046ACDD8,Footwear,Sneakers,Max,Red,7
389EE92F17759B0D94B3651A2F2A6D5FA0D6AEF817A61482FB557AAACAB1A89D,Footwear,Sneakers,Max,Red,8
C110EA160C0F93D2A79E9CCB82C1590CF4589827A7E53D069F60BE403AFB8ADD,Footwear,Sneakers,Max,Red,9
086DFD80E0A16F15D15659C2989A2582A82AEAAD2F0382EE00354DE88526F3E2,Footwear,Sneakers,Max,White,6
8BD512216D1AD9E8424A38518CC516F176C6CCB91AEF198D1E8B5FD4D390CD65,Footwear,Sneakers,Max,White,7
4F4D36976D67B92D8E83CF748DA2D5DDE021710A0550D999427D1D9D33FE39D9,Footwear,Sneakers,Max,White,8
554A5D63A050F4F4F120CCC62DD16D7A43AACB249A00A35003C4A85B4FC6BA83,Footwear,Sneakers,Max,Yellow,10
94548B8D727BE5F882E8E2E03A0E5476450537DC351DF3B6E577A3C91809CCA9,Footwear,Sneakers,Max,Yellow,11
CB03608F8B051BA8F5581CC2C8955D20D3BFF9F6DDFB5499EF422A884ACBDEC7,Footwear,Sneakers,Max,Yellow,8
6ECD94B49A8B33E5FC247FB43822D89EBCE9A15F853FE7FF1E24BC881F517618,Footwear,Sneakers,Nike,Beige,11
F33BE421DCA77920FA527D675D804B2B33DE9C8F5C6F114A1F32B9CF1F6325A6,Footwear,Sneakers,Nike,Beige,7
4098A71201ED544C9F3D61A4AD88C43D3D28D98BEE72FAF3843AE605AFCE9524,Footwear,Sneakers,Nike,Beige,8
B32AEF625795264174FD9416D6595154786ABE7E63EFF7389C6D0FF1461D6039,Footwear,Sneakers,Nike,Beige,9
9588D093D1F0D9210D28B5F3FFE523CEE6C2B1D248FE485F6B59A1B6735EA170,Footwear,Sneakers,Nike,Black,11
8752BBE4609CF4FD4D3048331FDBFF519F6FF7547734E4C37787E8F9DEBDAF61,Footwear,Sneakers,Nike,Black,6
1168124C04043E9BB86F00A5C03AF1B3C5553977AEA95A6AF91A38803196B757,Footwear,Sneakers,Nike,Blue,10
3C961732773B91760B7485A152237088EE12084C7B4095448D3B1F2465AF807F,Footwear,Sneakers,Nike,Blue,11
1E87B18758535582156936890BC2E8D60651CEAA51EDC1D230179731275E265D,Footwear,Sneakers,Nike,Blue,6
E91BA96B5950E5AE92A52E020FDC3E23405F245FACFDBC13564B64706B50B073,Footwear,Sneakers,Nike,Blue,7
B3AB4310AFC8D223723A468966888F89A838299CF1AD7C1A2F845FB5E9F65E4F,Footwear,Sneakers,Nike,Blue,9
5329658D95881CE9E25C60B1B93B1A8FA02F2D2CE16F5C6630B8943D4DA60E3B,Footwear,Sneakers,Nike,Brown,10
AFE1F8202BC9FF3CB9295749E5113C8E01EB55046F48B0FC281A2C9EF631B1A5,Footwear,Sneakers,Nike,Brown,11
CA476CF59A0A33B45AD4D6B46EDAD8DE487B7B5304F5014D3FD12F69EE53064A,Footwear,Sneakers,Nike,Brown,6
8736C5D73D7E1CADCF3F74E631F714E978C739953B90DA072285F70B986E9AC8,Footwear,Sneakers,Nike,Brown,7
531FF7E70B60713A78E77726BD2CFF7EA8C20FEEF69EF896BFA5152600455B62,Footwear,Sneakers,Nike,Brown,9
DD0AA07E40F0FF9DC2A7F67FC384858A36BA79D60AC2FD8703D58CFB6C8DDC4C,Footwear,Sneakers,Nike,Green,7
D978756B6109B6048A70B24A4CF74488C9970B99D2D3A774A3D96923E587808C,Footwear,Sneakers,Nike,Green,8
19B0B90B3C904B58A6D4A76AEB46364BAFA391D9A0B4B3C0B4158EA531556011,Footwear,Sneakers,Nike,Green,9
24EA68843C63694FBBE66704133D35A3C1374E16345C00C373CFC0188EC7F149,Footwear,Sneakers,Nike,Grey,10
E47DC56B2DC1F2005F2244FEB9190C373195EF56E11D4ABC6B7A39BFEB924E6C,Footwear,Sneakers,Nike,Grey,11
598A7345BD2D8577F6A0AE09CF97F7F883748D3CDFCD4562BB5E78CC0EB1F2FB,Footwear,Sneakers,Nike,Navy,10
C9BF9DCC1655891555B60AF2113383CD8DCEBF57B6BFBAFE9CF34509EDA140CE,Footwear,Sneakers,Nike,Navy,8
D13DF563CF046B858EE6CA76A2E78F1D996BD2571E4397D50BEF01423DB4F8DB,Footwear,Sneakers,Nike,Navy,9
BB25BA1D84C2A41C543911DE3230321D4D0438895979589F5C77465AE4EABED5,Footwear,Sneakers,Nike,Pink,11
D0727C3A718B7DD7A4A7A377CB2CB9EC2270484408C244CB450F178D06BBBBE4,Footwear,Sneakers,Nike,Pink,6
A6D9EA171E3A13B2D5ACF6DD4930E3A3859FFFAE210104DA7F0EC21F0B4E1FD9,Footwear,Sneakers,Nike,Pink,7
1F5F7A928E1DC5D529F08C52841B480D5C34044B7C6C91A1B4CDC0035F710B99,Footwear,Sneakers,Nike,Red,10
985559A4778FD24AE41B0DA4E52243CD688C0F3C844FF08F284F1852681D63D2,Footwear,Sneakers,Nike,Red,6
E95888AE366F4FE2CAC3603C9AFCBA71DF8A98FB575D70A9E0DBAE1679538E48,Footwear,Sneakers,Nike,Red,8
E91BFAC3F06A8F983626EA7458028FA7899A84291CAA37058AE8BC84C53D40FD,Footwear,Sneakers,Nike,Red,9
D8E716A926537E7D4980125FD08FA11814D5183E781D38ECFBFCC7ACB67C79F7,Footwear,Sneakers,Nike,White,6
6A9F633BE1C0DC83097B29DF52FE2366661424631DCE9F105700AB4F65AF3CA2,Footwear,Sneakers,Nike,White,7
08258927DCF7CC2043BEB819E96BA114F32BB939A43BC122A2FB11C02DCD0D66,Footwear,Sneakers,Nike,White,8
212E8EF1DC7AA4FA31EEAAF7CF4BA3A00E624215EA8DB9A37CD79E253942EE25,Footwear,Sneakers,Nike,White,9
265B0E5245F25AEADC600367E89FB79C548178F2BC3B81C96E453A189199EAD7,Footwear,Sneakers,Nike,Yellow,8
BE3EBBD6C8C2C40CF6809C73527CEA6F977C4C21D543B062259FDE5B678FE168,Footwear,Sneakers,Nike,Yellow,9
1243B1C02ECA6401AA596F3F78D16F5B4330F7BB0B07C1EDBDDFC23404A30E8A,Footwear,Sneakers,Puma,Beige,6
906F64B5624E809D4CDB824C3BAEB425C951A38536868E49971AA4BB7D4C6509,Footwear,Sneakers,Puma,Beige,8
125D49AEAA091565777A342DE0AB763AA2C93AB3CF5EB78163312F974693D712,Footwear,Sneakers,Puma,Black,10
C80C89DF8A71DD649ABD9E97E07A84BAE01521DF008378FC62BEE8D2028D3FA7,Footwear,Sneakers,Puma,Black,6
29F08EE035D3C05E66DC5D2FA465E926D25AE2ADFA6370D8FF43C87116A95791,Footwear,Sneakers,Puma,Black,7
6D334649565A902FF3A419CB5EB07767929EBA5CF3A19A8299FFE2C2496F4415,Footwear,Sneakers,Puma,Black,9
41623DF98F9B10A50AC06130DE4586D6F37647D5BB1B1F29322811672F5249B7,Footwear,Sneakers,Puma,Blue,11
B0430BA524A6B67D6135A9D222CE2574799DA61E1ED3CB4E0FCA0C2071313879,Footwear,Sneakers,Puma,Blue,6
D7DC3A5F63B4FC667C869F084FDFAAC4585765BE7BFF115EB318318AE9440251,Footwear,Sneakers,Puma,Brown,11
82FF0C7D764D90801EFB2BBD22378EEF3230089E0886FF15C9C8A53E1BA11B26,Footwear,Sneakers,Puma,Brown,8
2C3903D0F228AC8397A593FDC0D1A8E579B9029B2AF673BBCDA1671D25360EC6,Footwear,Sneakers,Puma,Green,11
A3BFC345C09557F068BD08E80BC2CC924A1534E4DB911D8EF00D2F26E0C4376C,Footwear,Sneakers,Puma,Green,6
9E11C25C02A266A1F91314079C18DE9D55C3384250DEA6C98FC21DF6A4792D6A,Footwear,Sneakers,Puma,Green,7
23419B22581171DBDA443A9886DCDCF0B06FFA48E48510C8E6C2D7F363D6FBBC,Footwear,Sneakers,Puma,Green,9
6E1583F6E37397EEF6BDD8C98D7DBCB0735E33510DBE1B9EE0BC48A58BC979A2,Footwear,Sneakers,Puma,Grey,10
F2B81403E63404F9F71FE44A062C8DCFB817279D3A75912219D9DDD838C4E079,Footwear,Sneakers,Puma,Grey,6
9A7DD33CA83FA27F86355F837313D0C7BECEEA1A9987BDA61FC4EFD11079ABE4,Footwear,Sneakers,Puma,Grey,9
DA238AA5F4B78B3EFDAD12EDA6BE9FB0993F5B5AA94DB3767743FCBFD0640538,Footwear,Sneakers,Puma,Navy,10
73D7BA45A9672EE5228DE70FDD0DA4F21E9D304F047615FF113E6F950F3079E1,Footwear,Sneakers,Puma,Navy,6
EE440FD4641D4CE24335B153F486B848195A77C91C1F8869C6AAACCCD7BF0B65,Footwear,Sneakers,Puma,Navy,7
DFC189B3735442B69000E91A2D472CAD921AB522228D3722FA68C891EBFBCF7D,Footwear,Sneakers,Puma,Navy,8
5F7D60859D6F7E5CB6B02CD70D6AA5AFEC8BFA05898DFAF2E2B7ACCEFA9A982F,Footwear,Sneakers,Puma,Navy,9
8DFE4012BAD47AFEDA217C25B72E293EAF69822B83CDCABAFED82C515F24220C,Footwear,Sneakers,Puma,Pink,7
4A5DECA020BE474BF6CAAE3BF9271BA081BFD198E329E9773C61AE22E51438E1,Footwear,Sneakers,Puma,Pink,9
2DBDB1BBF264C31D0A57095D122C148EAC7A259262F1632AD60C14A8673F4737,Footwear,Sneakers,Puma,Red,7
D1E94C3974C5F8260787EB8E2ABA8A983C7BAA7A93B6AD35A4E0569CFDC05535,Footwear,Sneakers,Puma,White,6
367FFE8A7DFDDDD9996BC3F317003E1B74330300EC5739132DB13A49EA7E7E57,Footwear,Sneakers,Puma,White,7
E596ED829CBAACC40B4649E98AD9E388AA582D8758C09550E304D4B3A81E6498,Footwear,Sneakers,Puma,Yellow,10
8CC3637E19782F4DDAE4946A75D8438DBD9C835C94BF26B9F8720C78EFAA2175,Footwear,Sneakers,Puma,Yellow,11
9301831121BA354BF5FA034DE3F366AFFE2C6881D0321A842800F1FAE8D37E8F,Footwear,Sneakers,Puma,Yellow,6
AF33E79BBD6BF7642A8990A74D95957D47421FB12C310574AB9205F1DAF626B1,Footwear,Sneakers,Puma,Yellow,8
F9DC66116102C4665C2A3D48171DE426832174D64EC5CABCDD40BFA1CC4932EE,Footwear,Sneakers,Roadster,Beige,8
C14B5581336C2B1854E8FF5B813C34E4042274E5A2CFF9FBDA23AF76841C7D67,Footwear,Sneakers,Roadster,Beige,9
C0A6E00043DAAC31A3A54CC130402652AE778261C91FD882CE21E8412AE708CA,Footwear,Sneakers,Roadster,Black,6
B89202DDF9FCC055C98101DED8709390D8EFD0BFE452DCB08C9798050BA34392,Footwear,Sneakers,Roadster,Black,7
95BB68F7D05C922DBACC2B7168F18828A229E410FE8D84C639BB1153CBD56315,Footwear,Sneakers,Roadster,Black,9
4A995A42EB586710239622818A72E779EDDE22BD1CB2329E2EE5FAF4AD8C3D77,Footwear,Sneakers,Roadster,Blue,6
4ED61C229ED9C7996E13276B594E19C8E8085C84C4BB99AD1FB19F2EBFDD52F0,Footwear,Sneakers,Roadster,Blue,7
8AB47F118BAB499105B5EB89712BD9C6945D6BE441674A9FAC30F4E0211E1CF0,Footwear,Sneakers,Roadster,Blue,8
1CDC4DAA9CE14E235201EE0DEA91CD2B039BD587DA6F37F6BE593C3B1AD0744D,Footwear,Sneakers,Roadster,Brown,10
A9B2553AAF029D91F7D00912E562DC44CF3F7A6C8591B85D991E7052B43C3041,Footwear,Sneakers,Roadster,Brown,11
BB8EBC68AF2AC5E0B6892114302349C90D58467990F6B86FAF782C725136DD28,Footwear,Sneakers,Roadster,Brown,9
CD4263E817B9FBA1D9B10FE78340E3CBFF0DD135E34177C8A80AF80ACC608FF2,Footwear,Sneakers,Roadster,Green,11
0E0ACC28839D06F19248A337E282A3B0B745C4F257FD31C796B7D1F3CA5387A2,Footwear,Sneakers,Roadster,Green,6
276B9D5F5263F7C57114921AD7C57BE430772B2FA8FC2B6B2A23D174A7C1BCEC,Footwear,Sneakers,Roadster,Green,8
A66669282DA10AE30B334F05651E33E67C90CC1F27E93ACBE4B150FC081A1525,Footwear,Sneakers,Roadster,Grey,9
D736AB40AE5B68213CAAE4FBCCF6C3C1FEC669E04B92918E8311C1B85BF9AB9E,Footwear,Sneakers,Roadster,Navy,10
674086434A6C124F32CB5944F9B5E92666402DF38A5B1963A374489BEC02D179,Footwear,Sneakers,Roadster,Navy,11
48AA38C84D806846E9BE504AD5844E94E738F1DCB01034E65E00F8BEBD07889B,Footwear,Sneakers,Roadster,Navy,6
8F0312A701C0E68ABD186C010AA9350337E52E004039F5FCA8C357854CC2A81F,Footwear,Sneakers,Roadster,Navy,7
B83C4A3CB94335E662C227CBA26498A04F951D29691122ED7B39113D2C5AD7F7,Footwear,Sneakers,Roadster,Navy,9
217E5D5CE55FC9EDE7779376EEE17F3C3CE7D0C41FF0221CCC5B3519971C9F9F,Footwear,Sneakers,Roadster,Pink,11
8834E8FC619C211A81F1C6757704E69CF62853641AA5DB8675E94ECE3EAF57CC,Footwear,Sneakers,Roadster,Pink,7
588D71DCFEF36B35B02E9BDB724604F227F28C48A6A9FFA3327804654952A55E,Footwear,Sneakers,Roadster,Red,10
B84A383F45323006A9E0B36CF64ED8C1B7F2E2CCE7DCEE1E7F4FDF4C533BFC0E,Footwear,Sneakers,Roadster,White,11
844F46161F7212CD73A4BE2F0531E05104B57DA0736773DD6F3ACF08718778A3,Footwear,Sneakers,Roadster,White,6
FA9DF91F19DD7F2D122909ACB32738BB3C05A13B752899D7AF03DE5772276B4F,Footwear,Sneakers,Roadster,White,8
BA0B5698F7CBE2656811EF5E5A1B93130ABFBC3CAC7275F9B4B94FA705552460,Footwear,Sneakers,Roadster,White,9
C7F6ED24273CCA75BA0620ED5232A60092D16A321967BD82B5A32DE072FF4AC5,Footwear,Sneakers,Roadster,Yellow,10
FB169EC0B9F64DFDF6D8A344CE6A76B2902E0DBEFC37C1326BE526C57979F9C5,Footwear,Sneakers,Roadster,Yellow,7
33568DBC307EDF4AECA67452ACFDEF0AA1A774063A18F7F77CF2226FF09D56B7,Footwear,Sneakers,Roadster,Yellow,8
388375C7C5B73D5E8CC1624BAC84D7A8724D63131A25EAEADFADED713F7E7632,Footwear,Sneakers,Roadster,Yellow,9
25BB3BABE750210CCAD1A9E0E586F99F121C56379ADB8085646F4A18714C1FEB,Footwear,Sneakers,US Polo,Beige,6
319FC9DEE408889EF9B034E7D8727C348E908D1C6428EA7DDC7D53E0AD93304D,Footwear,Sneakers,US Polo,Beige,8
14FBE93D5AE1645561A4C0FD82A53C159AAAE66D72256EB9939729B424EB8403,Footwear,Sneakers,US Polo,Beige,9
E2455C3ECFB45313EB9BB80544F21D5D73E3E1102EECCA11D5E8A6136662DA54,Footwear,Sneakers,US Polo,Black,10
4970E6E2706ACD78D79A7D95A0DF60C7FFEE127BF5997B819CA723E62DF1F4DA,Footwear,Sneakers,US Polo,Black,11
A7365FB3335A6EFE06ED6B680C3C45091FEB6DDB1164844153D3186DD8C9B671,Footwear,Sneakers,US Polo,Black,7
62EAB7F756E757407FDDE2C5C797FA6575991EA28A7CC2DBC4EF25A3EF8AB3B1,Footwear,Sneakers,US Polo,Blue,11
5AB3B51827C934B57BBCC5D043BE891E536BF3D8F579C8650769A7263721CC54,Footwear,Sneakers,US Polo,Blue,8
289BB6207CC171C977AE91CD863B8E0A47BEE682C0F3371DEBC2947105852E8C,Footwear,Sneakers,US Polo,Brown,9
0AE02CD0C8C639C8854FCA8E9DC8A3B1A39263A7230C96FB07217FCFCF970891,Footwear,Sneakers,US Polo,Green,7
3B847CD806E9AF36940E50BE6E9A5B033D324869169E1EAED65712B30F5EA6A7,Footwear,Sneakers,US Polo,Grey,6
0DFBB005EF390AC030B1D4270F3626C53F9170A7BACD168171EF17FC5860B661,Footwear,Sneakers,US Polo,Grey,9
8027B916DABB2B160E2B1094571400D96534C878B16CE41A9BAA971A2C5EFD18,Footwear,Sneakers,US Polo,Navy,11
C441FFDA279BE620C737EC057EDECCE892CCEEF7FD48A90EBF337448D7392D99,Footwear,Sneakers,US Polo,Navy,7
485D07E98A8518D310E907B21B4DC93AA0086883CB48328D4A4240D17CCEB559,Footwear,Sneakers,US Polo,Navy,8
6C9131747967C4A405F6F1E3AA31456B914EB5DA74E6FF66D2F094CB34851C82,Footwear,Sneakers,US Polo,Navy,9
2A951A55565A3D8CFD50614CE2981789B5264E2384B0683390AA054B314F9A37,Footwear,Sneakers,US Polo,Pink,6
3377277090C0B261776CDD4A09AEDC78780C86954686F849541EC69A4465032D,Footwear,Sneakers,US Polo,Red,6
CD24161F3B8B04E457C0E13542830131F8FBDF462933B67DBD98DDAEA9B81D1E,Footwear,Sneakers,US Polo,Red,8
729C12779A796D05A0E97DFB9CD709DE9890E43368274405379490DBC0029EC6,Footwear,Sneakers,US Polo,White,11
9D3A0F6BC5517C2C6CCD57B180B2A6E0C57356F0AD76EF42CB72DBD340F1A647,Footwear,Sneakers,US Polo,White,6
35DFBCE37AF1CF9F82B56173219B676BF149467E44E3370E155FF04F5D334DF6,Footwear,Sneakers,US Polo,White,9
72DC3777333C9434F9D9C2D2DA87975BB0F10083C83C08781AF83439E07C5FAB,Footwear,Sneakers,US Polo,Yellow,10
F7D8C44D6BD2ADF0F2A1383E02031E32F2DF5694F4AB89819708FF9B5C6C5F74,Footwear,Sneakers,US Polo,Yellow,6
169E74E2FC5245D0E0E0AD19EA34F1D5FB6A21BF972621406417FDDCE69035FB,Footwear,Sneakers,US Polo,Yellow,9
2A20DC16629821A2BDD61BAD32D0F2895FAA2913F2B302D4013D22318ABEE655,Footwear,Sneakers,Zara,Beige,10
7B942C46EDD1F80A0A7EA7F34B1BEFF5FBAA71BC201683F1440D97996CEAB46C,Footwear,Sneakers,Zara,Beige,11
124A85341872ED4FD88104482B19580C835B3D5AC95CEC3CD2805BAB89274872,Footwear,Sneakers,Zara,Beige,9
C6C014CB61CC642362CD281BEB9E7592196D396CA032CE5A2D62C4DB70D1D336,Footwear,Sneakers,Zara,Black,10
5F85CA895DDAB7793421BE3323F0B610B980B5CD38F4303EF62FEEA0D7EF8957,Footwear,Sneakers,Zara,Black,11
B62F442BDD74EF08B4A865D42627C8CD16715F5E9306186258DB8912D5987ED5,Footwear,Sneakers,Zara,Black,6
DE725BD228E5E92D8EA0285003A610E21C5CE3E65281098EA40454078FCE4B9B,Footwear,Sneakers,Zara,Black,8
46B9966336070EFB53A44882292B293EB03C2A8BDDE27D1B04782C78FCF02DF0,Footwear,Sneakers,Zara,Black,9
F43767E8AF6B620308544031DDCC5D11AC266166A09062A1CF0DDAB633B28E05,Footwear,Sneakers,Zara,Blue,11
6F4990D0F19DA366A6A431A9DA53253B62416F8B9F5C8E501E77D633628A70C9,Footwear,Sneakers,Zara,Brown,10
609A2D443B499EED7E9B012BA28705935C8F0027F424552349DD99EAB9B1003D,Footwear,Sneakers,Zara,Brown,11
E322CFE9D93C5AD6233E0B17BC93A579DD902F2339DF4870DAAEE42BEE5C8F79,Footwear,Sneakers,Zara,Brown,6
37847A566469230BFBA48B1CCD484F0539B300E39CBABDC87F5E5A2A28F1EDCD,Footwear,Sneakers,Zara,Brown,7
A811773BED9F40E4C32ACFDFC6BAB3DEF5E010767467308758CB563388188FA6,Footwear,Sneakers,Zara,Brown,8
0F73DCE8CBBC6262FF8FBC5A2E6804C6F99659E005CA186B430BFE55E1DE5282,Footwear,Sneakers,Zara,Brown,9
F767E73FD4D98D30C35BBFA2A96FB3CD69E260E8B0D6BBC8C7F527A467F0A096,Footwear,Sneakers,Zara,Green,8
82B9FA4ED93333FE7D1A55A130B0FBD63D25189D629E02E903F766E0D77A262B,Footwear,Sneakers,Zara,Grey,10
1B0BB4E0E3A2965740AF5E6B3A4888AC94F4E83F393D388DCAD505A5A630475D,Footwear,Sneakers,Zara,Grey,7
A173D7FBD5A6D2C757EA5033BC576D046CE14B65D22199A9AB3BA6BD715948BB,Footwear,Sneakers,Zara,Grey,9
20E01ABDBD9D63C5AB886BE1582A17914B77FC730BE9E3C5ACB0B14019E8B869,Footwear,Sneakers,Zara,Navy,10
8685B7F0D8B0B233C2168A8221DEB470C4512CF5F8D950944DDE1A551F6C61CF,Footwear,Sneakers,Zara,Navy,6
DE958B7F8B7DB4A73AFA0372858EB6B56892A7AC50331E2FF99A6CF292C79EDC,Footwear,Sneakers,Zara,Navy,7
9D61E5C97DEA7FC015B65D9239DB7D226A0CF0A9DA0342F6900D5C3206E9C8F4,Footwear,Sneakers,Zara,Navy,8
32C500A3BB7754EE64D5E4F89639F5C1BD90F4301F1E295CE4D4C70900758F2B,Footwear,Sneakers,Zara,Navy,9
2E8584A068492EF63B7F73A630805F5698E47D824B89F94257A012D778ACAC41,Footwear,Sneakers,Zara,Pink,11
CFB4E93939C0BAA20AC6CED72E77EE2F4BD56E6C42434FC37631CA3196B4FFF8,Footwear,Sneakers,Zara,Pink,6
BE3CD9CE33ABB13C87ABF7955B342717C6F91E4F83EB2CCA6D0CBCC97025D59C,Footwear,Sneakers,Zara,Pink,9
18FA4590F182967DDEB91351A6845C306235AFE2995286D5A0169A8BA64DF711,Footwear,Sneakers,Zara,Red,6
5F7CA7FF6E9F39AEE94C662A1811CBAAEA386C815CEB10512ECE469DEDE2888B,Footwear,Sneakers,Zara,Red,7
13CBDF5406F522007298BF6A9C3536A61B63BFEC8840EB5968730E03B3998CA7,Footwear,Sneakers,Zara,Red,9
1096260E0D3F908290A5315F56A5ACBF887A63DFA504D14AA083459148CED65D,Footwear,Sneakers,Zara,White,6
2ECDC77055383C47139CDFD366543B79371E0CF500B4351C86D5266F6704D6AE,Footwear,Sneakers,Zara,White,7
C82CBB86142B1DD11356FCFD6839ADC1749D2E805941F82E2F1B0F9FE9EDEB8A,Footwear,Sneakers,Zara,Yellow,10
4AF02DDB62FBAD12FA5DD7D40A22B52A18B64A3954332B344B753D5B23CBFC76,Footwear,Sneakers,Zara,Yellow,11
1B1B038DA048E6F67F3A6C819224B508DAF1D449AF96074770FB27770AC5062D,Footwear,Sneakers,Zara,Yellow,6
28AC235A688DF8C337EBF7460845621AB5996C64DA8998013D6BFA2F063A40D7,Footwear,Sneakers,Zara,Yellow,8
